date,sort_date,type,id,text,fuzz,comment,source,source_name,case_no,names,aliases,agencies
2024-11-26,2024-11-26,sighting,2SjuZBR5,"A person who is likely Anthony Jancso posted a message in an AI challenge's Discord saying ""Helping the Dept. of Government Efficiency team find hardcore engineers. Send your GitHub/LinkedIn to @DOGE on X and your X handle to me in DM if you're interested or know someone who is, could help get them into the pipeline.""",,,#<Source:0x000000011f332848>,Wired Magazine,,Anthony Jancso,"",DOGE
2024-12-05,2024-12-05,sighting,YmbfLdNB,A person who is likely Anthony Jancso posts recruitment messages for DOGE to a chat group for employees who had worked at Palantir,,,#<Source:0x000000011f15dec8>,Wired Magazine,,Anthony Jancso,"",DOGE
2024-12-05,2024-12-05,sighting,24qgS3WS,Luke Farritor posts a recruitment message for DOGE in a Discord server for SpaceX interns stating that he is looking for volunteers to work at DOGE for 6 months.,,,#<Source:0x000000011f154d28>,Wired Magazine,,Luke Farritor,"",DOGE
2024-12-06,2024-12-06,directory,8vDj2q7P,"A report on the tech billionaires steering Trump's transition mentions Elon Musk and other names we now know to be DOGE staffers, and it describes how they have been interviewing people at Mar-a-Lago.",,,#<Source:0x000000011f151768>,New York Times,,"Baris Akis, Marc Andreessen, Jared Birchall, Steve Davis, Michael Kratsios, Scott Kupor, Shaun Maguire, Elon Musk","",DOGE
2024-12-(15)~,2024-12-15,interagency,2AXaug8A,A contractor at the Social Security Administration arranges an introduction for Leland Dudek to meet Steve Davis.,"Date is just given as ""mid-December""",,#<Source:0x000000011f83f9d0>,New York Times,,"Steve Davis, Leland Dudek","",SSA
2025-01-06,2025-01-06,directory,KvP48A34,Future DOGE recruit Riley Sennott's public calendar lists a 15-minute DOGE recruiting meeting on this day.,,,#<Source:0x000000011f834aa8>,MSN,,Riley Sennott,"",DOGE
2025-01-08,2025-01-08,official,UsAfrk26,"The leader of the Trump transition team for the Treasury Department sends an email requesting that Thomas Krause be incuded on the ""day 1 team, to lead on Fiscal Services modernization efforts.""",,,#<Source:0x000000011f832af0>,Court Document,1:25-cv-00313,Tom Krause,"",Treasury
2025-01-12,2025-01-12,directory,V7Gkkvah,A _New York Times_ report on DOGE from just before the Inauguration roughly describes the working arrangements for embedding some staff and detailing others as well as some early participants in the project,,,#<Source:0x000000011f831510>,New York Times,,"Baris Akis, Marc Andreessen, James Burnham, Steve Davis, Vinay Hiremath, Matt Luby, Shaun Maguire, Rachel Riley, Brad Smith, Joanna Wischer","",DOGE
2025-01-16,2025-01-16,report,TfWVwUjM,A report on conservative nonprofit groups doing research for DOGE notes that interviews are being conducted by Marc Andreessen and Shaun Maguire.,,,#<Source:0x000000011f69fe90>,Washington Examiner,,"Marc Andreessen, Shaun Maguire","",DOGE
2025-01-(16)~,2025-01-16,action,KLhbExN5,"According to his later sworn testimony, Noah Peters meets with Keenan Kmiec to outline his plan on how to use administrative leave to sideline federal employees from being able to do their work and counter or monitor DOGE's activities at their agencies.",Date is approximate in deposition,,#<Source:0x000000011f699658>,Court Document,3:25-cv-01780,"Keenan Kmiec, Noah Peters","",OPM
2025-01-(16)~,2025-01-16,action,VkGMhZUR,Noah Peters receives a formal job offer to work at OPM. He describes it in a court disposition as being very general and vague.,Date is approximate in deposition,,#<Source:0x000000011f690b20>,Court Document,3:25-cv-01780,Noah Peters,"",OPM
2025-01-(16)~,2025-01-16,action,JLTME6KA,Noah Peters starts drafting two memos for OPM. One concerns temporary authorities for Schedule C and the other is on how to handle both probationary employees and admininstrative leave. These are to be issued on January 20th.,Date is approximate in deposition,,#<Source:0x000000011f5bb0b0>,Court Document,3:25-cv-01780,Noah Peters,"",OPM
2025-01-17,2025-01-17,sighting,CPQe7omt,"The public calendar of Riley Sennott mentions a 30-minute ""SGE Ethics Discussion"" meeting with other new DOGE members Derek Geissler, Brooks Morgan and Conor Fennessy included on the invitation. SGE stands for Special Government Employee.",,,#<Source:0x000000011f5b5020>,MSN,,"Conor Fennessy, Derek Geissler, Brooks Morgan, Riley Sennott","",DOGE
2025-01-17,2025-01-17,action,JQXwpLN5,Noah Peters recalls that he met with Amanda Scales and Brian Bjelde on this day to plan for their upcoming first day at OPM.,,,#<Source:0x000000011f59f3b0>,Court Document,3:25-cv-01780,"Brian Bjelde, Noah Peters, Amanda Scales","",OPM
2025-01-20,2025-01-20,official,2Qe7j4uD,"An Inauguration Day executive order EO 14158 renames the US Digital Services and establishes the DOGE Temporary Organization within it, staffed with 4-person teams in agencies for ""implementing the president's DOGE agenda""",,,#<Source:0x000000011f59c3e0>,Executive Office of the President,,"","",DOGE
2025-01-20,2025-01-20,official,cSecvrNE,"In another executive order EO 14170, Trump declares a hiring freeze and that DOGE will work with OMB and OPM to submit a plan to reduce the size of the government within 90 days",,,#<Source:0x000000011f598f88>,Executive Office of the President,,"","",DOGE
2025-01-20,2025-01-20,official,bT57eChF,USDS is transferred out of the Office of Management and Budget (OMB) and established a standalone office in the Executive Office of the President.,,,#<Source:0x000000011f595d60>,Document Cloud,,"","",DOGE
2025-01-20,2025-01-20,onboard,8CVj0JL8,Stephen Ehikian is sworn in as the Acting Administrator of the GSA. This move allows the administration to avoid a confirmation process for the role.,,,#<Source:0x000000011f592bd8>,NextGov,,Stephen Ehikian,"",GSA
2025-01-20,2025-01-20,directory,6CLFIGtN,Multiple DOGE staffers start working within GSA in the office of the Administrator with the title Senior Advisor,,,#<Source:0x000000011f53fc30>,Wired Magazine,,"Edward Coristine, Luke Farritor, Nicole Hollander, Jeremy Lewin, Ethan Shaotran","",GSA
2025-01-20,2025-01-20,disruption,GSsFm4n8,"Acting OPM Director Charles Ezell replaces existing CIO Melvin Brown with DOGE ally Greg Hogan, who will serve as the Acting CIO.",,,#<Source:0x000000011f53cbc0>,Muskwatch,,"Charles Ezell, Greg Hogan","",OPM
2025-01-20,2025-01-20,directory,4F5kEan6,Multiple DOGE staff start working at OPM and are listed as part of the Office of the Director.,,,#<Source:0x000000011f539998>,Bloomberg,,"Anthony Armstrong, Riccardo Biasini, Brian Bjelde, Akash Bobba, Gavin Kliger, Noah Peters, Amanda Scales, Joanna Wischer","",OPM
2025-01-20,2025-01-20,sighting,BbMpQoge,"The DOGE team moves into a secure office within OPM, installing sofa beds and armed security to prevent other staff from entry.",,,#<Source:0x000000011f05fe18>,Reuters,,"","",OPM
2025-01-20,2025-01-20,access,DAe2NKHp,"IT staff at OPM are pulled into a ""911-esque call"" requesting that ""a political team"" of 6 individuals must be given access to OPM systems. These include Charles Ezell, Greg Hogan, and Amanda Scales, as well as unidentified employees OPM-03, OPM-05 and OPM-07. These DOGE staffers are granted administrative access to USAJOBS, USA Staffing, and USA Performance systems.",,,#<Source:0x000000011f05e770>,Court Document,1:25-cv-01237,"Brian Bjelde, Akash Bobba, Charles Ezell, Greg Hogan, Gavin Kliger, Amanda Scales","OPM-03, OPM-05, OPM-07",OPM
2025-01-20,2025-01-20,disruption,592OFjrH,Career IT staff in the Office of the CIO at OPM report that their database access was completely revoked by DOGE staff working at the agency.,,,#<Source:0x000000011f05d258>,Court Document,1:25-cv-01237,"","",OPM
2025-01-20,2025-01-20,official,1cYzVrAV,"President Trump signs executive order EO 14169 that places a 90-day halt on foreign aid, but it's unclear to USAID staff if that applies to just new disbursements or existing grants.",,,#<Source:0x000000011f05bc50>,New York Times,,"","",USAID
2025-01-21,2025-01-21,disruption,2y8WthBd,"Nikhil Rajpal and Cole Killian start screening all preexisting USDS staff with short interviews, asking them their views of DOGE and to name who they think are underperformers that should be fired.",,,#<Source:0x000000011f05a5a8>,Wired Magazine,,"Cole Killian, Nikhil Rajpal","",DOGE
2025-01-23,2025-01-23,official,YcNgC9Yg,OPM sends out a first test email to all federal staff from its new Government-Wide Email System (GWES).,,,#<Source:0x000000011f058fa0>,CBS News,,"","",OPM
2025-01-23,2025-01-23,interagency,5H2A8pfs,"An unnamed USAID official receives an angry late-night phone call from Peter Marocco, the newly appointed Director of Foreign Assistance at the US State Department, accusing employees of trying to subvert the President's executive order imposing a 90-day pause on all foreign aid.",,,#<Source:0x000000011f057970>,New York Times,,Peter Marocco,"","USAID, State"
2025-01-24,2025-01-24,directory,VdEHz47g,A report from Business Insider names some of the DOGE staffers who were involved in transition activities and provides an early snapshot of who is in DOGE.,,,#<Source:0x000000011f0562c8>,Yahoo,,"Baris Akis, Marc Andreessen, James Burnham, Steve Davis, Shaun Maguire, Katie Miller, Rachel Riley, Brad Smith, Joanna Wischer","",DOGE
2025-01-24,2025-01-24,official,9iHcDkyg,Treasury Chief of Staff Dan Katz sends an email stating that DOGE staff need to be given immediate access to pause USAID payments issued from Treasury.,,,#<Source:0x000000011f054d88>,New York Times,,"","",Treasury
2025-01-24,2025-01-24,onboard,5TxZ48qN,"Thomas Shedd is named as the new head of the Technology Transformation Service (TTS), the parent organization of 18F as well as shared services like Login.gov. He reports to Josh Gruenbaum, who is also appointed on this day as the Federal Acquisition Service (FAS) Commissioner.",,,#<Source:0x000000011f053758>,NextGov,,"","",GSA
2025-01-24,2025-01-24,onboard,58t4DLaO,Jacob Altik and Nikhil Rajpal start working at OPM,,,#<Source:0x000000011f051c78>,Bloomberg,,"Jacob Altik, Nikhil Rajpal","",OPM
2025-01-24,2025-01-24,report,1LD8L7Na,Senior USAID staff meet to explain to unnamed admininstration officials that the slow way in which USAID payments are processed through other agencies made it seem like funds allocated before the Trump executive order took effect were issued in defiance of the order. The administration officials seem confident they can explain to Peter Marocco.,,,#<Source:0x000000011f93eb88>,New York Times,,"","",USAID
2025-01-24,2025-01-24,official,34gvpQTX,The State Department issues a memo written by Peter Marocco and signed by Marco Rubio that not only puts a halt to future foreign aid but also insists on stop-work orders for ~6200 current grants and contracts at USAID.,,,#<Source:0x000000011f93d558>,New York Times,,Peter Marocco,"","State, USAID"
2025-01-(25)~,2025-01-25,report,1rzb08sG,"Elon Musk makes a request for Baris Akis to be allowed to work for DOGE, even though he is a noncitizen and it wouldn't normally be allowed. His request is denied.","date not given, but source published Feb 4th",,#<Source:0x000000011f93bf28>,The Atlantic,,"Baris Akis, Elon Musk","",DOGE
2025-01-26,2025-01-26,disruption,Ykzp8vjp,"Spurred by rumors there would be a funding freeze, HUD grantees drew their funds early at 5x normal rate, accounting for $1.5 billion in grant expenditures in total.",,,#<Source:0x000000011f93a8a8>,Wired Magazine,,"","",HUD
2025-01-26,2025-01-26,official,6aVWvZQH,OPM sends a second test email from its new Government-Wide Email System (GWES) to all government employees.,,,#<Source:0x000000011f939200>,Court Document,1:25-cv-00234,"","",OPM
2025-01-27,2025-01-27,disruption,gC3dPbGm,President Trump illegally fires the National Labor Relations Board (NLRB) Chair Gwynne Wilcox and General Counsel Jennifer Abruzzo from the agency's board. This leaves the agency without quorum to act.,,,#<Source:0x000000011f937bf8>,Fulcrum News,,"","",NLRB
2025-01-27,2025-01-27,access,6SWKtlSa,"Charles Ezell sends an email to OPM IT staff stating that OPM-02, OPM-04, and OPM-06 ""urgently"" need access to several sensitive systems within the agency.",,,#<Source:0x000000011f9365c8>,Court Document,1:25-cv-01237,"Riccardo Biasini, Edward Coristine, Charles Ezell, Nikhil Rajpal","OPM-02, OPM-04, OPM-06",OPM
2025-01-27,2025-01-27,disruption,UBodNip9,A member of the OPM union posts a Reddit message reportedly from an OPM employee which states that the email server is a piece of outside equipment and the its goal is to generate lists of all govt employees in order to send massive firing notices later.,,,#<Source:0x000000011f9350d8>,Court Document,1:25-cv-00234,Amanda Scales,"",OPM
2025-01-27,2025-01-27,legal,QiLxs5iA,Two anonymous federal employees file a class action lawsuit against OPM for launching the new email system without conducting a Privacy Impact Assessment for the new system,,,#<Source:0x000000011f933bc0>,Court Document,1:25-cv-00234,"","",OPM
2025-01-27,2025-01-27,onboard,4PFoynfJ,"Still convinced that USAID is deliberately committing insubordination against the executive order, Peter Marocco arrives at USAID with DOGE staffers Luke Farritor, Edward Coristine and Clayton Cromer to audit USAID's accounts.",,,#<Source:0x000000011f9324c8>,New York Times,,"Edward Coristine, Clayton Cromer, Luke Farritor, Peter Marocco","",USAID
2025-01-27,2025-01-27,disruption,WR9Xb7Ar,"After the arrival of DOGE in the agency, senior staff are summoned to a meeting with Gavin Kliger and Luke Farritor. The DOGE team then presented agency leadership with a list of 57 employees involved with payments to be placed on immediate administrative leave and locked out of system access. The list reportedly made little sense and involved many staff not involved with payments.",,,#<Source:0x000000011f930c68>,The Washington Post,,"Luke Farritor, Gavin Kliger","",USAID
2025-01-28,2025-01-28,action,RopNFssL,"CDC managers receive a directive from OPM to classify probationary hires as ""mission critical"", working on ""strategic priorities"" or neither. When one of the CDC's ten centres responded that all their staff were ""mission critical"", higher-ups told set explicit target percentages for each category.",,,#<Source:0x000000011f8d9058>,The Economist,,"","",CDC
2025-01-28,2025-01-28,disruption,eSiT2dsb,"Two DOGE staffers – Tyler Hassen and Bryton Shang – show up an Army Corp of Engineers dam in California and attempt to turn on water pumps to drain more wate one of California's reservoirs to help fight fires in LA. This dam fed water to central California, far away from the LA wildfires the water was supposed to help.",,,#<Source:0x000000011f85fc30>,CNN,,"Tyler Hassen, Bryton Shang","",DOI
2025-01-28,2025-01-28,access,hRNeze4y,"Marko Elez is provided with a laptop from Treasury with with copies of the source code for the PAM, SPS, and ASAP systems in a separate, secure coding environment known as a ""secure code repository"" or ""sandbox.""",,,#<Source:0x000000011f857eb8>,Court Document,8:25-cv-00430,Marko Elez,"",Treasury
2025-01-28,2025-01-28,official,7ASZnW7s,"OPM sends out the ""Fork in the Road"" email to all federal employees offering them a chance to resign, in exchange for six month of administrative leave and protection from termination.",,,#<Source:0x000000011f3dfc78>,Wired Magazine,,"","",OPM
2025-01-28,2025-01-28,directory,3GL4CR65,Wired Magazine provides an early listing of which Musk-affiliated DOGE staff now have positions at OPM.,"didn't name Coristine or Bobba bc of their ages, but later confirmed as them","This report originally did not mention Edward Coristine or Akash Bobba by name because of their ages, but Wired revealed it later",#<Source:0x000000011f3d8978>,Wired Magazine,,"Riccardo Biasini, Akash Bobba, Edward Coristine, Noah Peters, Amanda Scales, Joanna Wischer","",OPM
2025-01-28,2025-01-28,onboard,1KTKczl5,Justin Monroe and Christopher Stanley start working at OPM as a volunteers with the job title of Expert.,,,#<Source:0x000000011f3d1da8>,Bloomberg,,"Justin Monroe, Christopher Stanley","",OPM
2025-01-28,2025-01-28,access,2v67bjVr,"OPM grants OPM-02, OPM-04, and OPM-06 full administrative access to the systems USAJOBS, USA Staffing, USA Performance, eOPF, and EHRI. This access included “[c]ode read and write permissions.”",,,#<Source:0x000000011f39dad0>,Court Document,1:25-cv-01237,"Riccardo Biasini, Edward Coristine, Nikhil Rajpal","OPM-02, OPM-04, OPM-06",OPM
2025-01-29,2025-01-29,sighting,gBSE6bzh,An unidentified former SpaceX employee [later confirmed to be Justin Monroe] is reported to be working as an advisor to the Director of the FBI,,,#<Source:0x000000011f39a920>,NBC News,,Justin Monroe,FBI-01,FBI
2025-01-29,2025-01-29,report,54gGXtvR,"A team of high-ranking GSA employees meets with Nicole Hollander to discuss building special ""resting rooms"" for DOGE and other A-suite staff.",,,#<Source:0x000000011f397720>,Wired Magazine,,Nicole Hollander,"",GSA
2025-01-29,2025-01-29,disruption,3rNhg30Y,"GSA regional managers receive instructions from HQ that ""lease terminations are the clear priority at this time.""",,,#<Source:0x000000011f394318>,The Associated Press,,Nicole Hollander,"",GSA
2025-01-29,2025-01-29,disruption,2VbieCgy,"The Smithsonian Institution announces it is closing a diversity office and freezing all federal hiring. It is not a federal agency, but most of its funding comes from Congressional appropriaions and two-thirds of its staff are federal workers.",,,#<Source:0x000000011f391140>,National Public Radio,,"","",Smithsonian
2025-01-30,2025-01-30,access,6uQmxIej,Luke Farritor is granted read-only access to the CDC's Integrated Contract Expert (ICE) system for contracts.,,,#<Source:0x000000011f11f0b0>,Court Document,1:25-cv-00339,Luke Farritor,"",CDC
2025-01-(30)~,2025-01-30,disruption,4j2BznnH,Tyler Hassen conducts a review of every single contract and grant from DOI and sends action items for review directly to Secretary Burgum.,,,#<Source:0x000000011f11db48>,The Associated Press,,"","",DOI
2025-01-30,2025-01-30,interagency,kSAAPBQJ,"Elon Musk reportedly visits GSA to meet with staff, several of whom are identified from their appearances in the internal directory for the agency. These include Steve Davis, Nicole Hollander, Thomas Shedd, Stephen Ehikian and Luke Farritor.",,,#<Source:0x000000011f11c4f0>,NextGov,,"Steve Davis, Stephen Ehikian, Luke Farritor, Nicole Hollander, Elon Musk, Thomas Shedd","","GSA, DOGE"
2025-01-30,2025-01-30,onboard,3tG7l53P,Austin Raynor and Chris Young start working at OPM.,,,#<Source:0x000000011f11adf8>,Bloomberg,,"Austin Raynor, Chris Young","",OPM
2025-01-30,2025-01-30,interagency,FP9n4cfD,"Leland Dudek reaches out to Tiffany Flick, the Associate Director of Budget, Facilities and Security to inform her that Mike Russo and Scott Coulter would be onboarding for DOGE. He was a mid-level employee at the time who would not normally be coordinating inter-agency details like this.",,,#<Source:0x000000011f119818>,The Washington Post,,"Scott Coulter, Leland Dudek, Mike Russo","","SSA, DOGE"
2025-01-30,2025-01-30,report,7Bwt01Ed,"DOGE presents their evidence that the employees should be placed on leave based on a single email analysis made by Luke Farritor and sent to other DOGE members. ""I could be wrong. My numbers could be off."" he writes, but the conclusions are not to be questioned or checked.",,,#<Source:0x000000011f118120>,New York Times,,Luke Farritor,"",USAID
2025-01-30,2025-01-30,disruption,1cz7UamT,"After USAID's director of labor relations pushed back against the push to suspend and fire the employees, he threatens to report it to the Office of Special Counsel and emails the employees saying he has no grounds to keep them on leave. As a result, Clayton Cromer commands security staff to forcibly remove him from the building.",,,#<Source:0x000000011f116b18>,New York Times,,Clayton Cromer,"",USAID
2025-01-30,2025-01-30,disruption,wT1UbmGQ,"Jeremy Lewin and Elon Musk order the acting head of USAID to comply with orders to lock every USAID employee worldwide out of all email and other communication systems. He refuses, stating that a sudden loss of access could get aid workers killed.",,,#<Source:0x000000011f115510>,New York Times,,"Jeremy Lewin, Peter Marocco, Elon Musk","",USAID
2025-01-30,2025-01-30,disruption,2Soci5N2,Luke Farritor and Gavin Kliger demand that all senior managers at USAID be stripped of their power to authorize payments - and that they alone become the only authorizers.,,,#<Source:0x000000011f113eb8>,The Washington Post,,"Luke Farritor, Gavin Kliger","",USAID
2025-01-31,2025-01-31,access,6aacfCAk,Luke Farritor is granted read access to the Healthcare Integrated General Ledger Accounting System (HIGLAS) which centralizes payments for CMS medical claims,,,#<Source:0x000000011f112900>,Court Document,1:25-cv-00339,Luke Farritor,"",CMS
2025-01-31,2025-01-31,directory,bfo6pJUH,Wired reports that DOGE staff are attempting to get elevated access to GSA systems and making changes to office arrangements to create a special reserved floor for their staff with a security guard checking names.,,,#<Source:0x000000011f111398>,Wired Magazine,,"Edward Coristine, Steve Davis, Nicole Hollander, Ethan Shaotran, Thomas Shedd","",GSA
2025-01-31,2025-01-31,disruption,GmvBm6qi,Federal employees at OPM report they are locked out of access to key systems by DOGE and OPM leadership.,,,#<Source:0x000000011e51fbc0>,Reuters,,"Riccardo Biasini, Charles Ezell, Amanda Scales","",OPM
2025-02-01,2025-02-01,disruption,27lMkSeZ,"Trump fires Rohit Chopra, the independent director of the CFPB. The deputy director of the CFPB, Zixta Martinez, assumes the role of acting director.",,,#<Source:0x000000011e51a120>,National Public Radio,,"","",CFPB
2025-02-01,2025-02-01,report,6UjKROlu,"Stephanie Holmes, the new head of HR at DOGE/USDS, is unable to answer questions from USDS staff about if the ""Fork in the Road"" retirement offer is legitimate.",,,#<Source:0x000000011e516f48>,Wired Magazine,,Stephanie Holmes,"",DOGE
2025-02-XX,2025-02-01,disruption,5N97IVsN,"Unnamed engineers working for DOGE within OPM reportedly used Meta's Llama AI model running locally on OPM servers to analyze responses to the ""Fork in the Road"" resignation offer.",,,#<Source:0x000000011e514680>,Wired Magazine,,Riccardo Biasini,"",OPM
2025-02-01,2025-02-01,disruption,5uaSIHkZ,"The acting head of the USAID, Jason Gray, is removed and replaced by Marco Rubio. Rubio then resigns and names Peter Marocco the Acting Deputy Administrator for the agency, giving him absolute power to force his demands.",,,#<Source:0x000000011e3eed78>,New York Times,,Peter Marocco,"",USAID
2025-02-01,2025-02-01,disruption,JM9cFsgE,THe USAID Director of Security and their deputy are placed on administrative leave for reportedly trying to prevent DOGE from accessing personnel files and classified data,,,#<Source:0x000000011e3ec028>,NBC News,,"","",USAID
2025-02-01,2025-02-01,disruption,K5Ry8Q4a,The main USAID website and 6 other related websites are taken offline by DOGE.,,,#<Source:0x000000011e3e7c58>,Wired Magazine,,"","",USAID
2025-02-01,2025-02-01,report,48h1YV1D,"DOGE staff arrive at USAID HQ hoping to work within the administrator's suite at USAID, but their badges were not properly coded to provide access. The DOGE staff reportedly concluded this meant agency staff were keeping them out and could not be trusted.",,,#<Source:0x000000011e3e3540>,New York Times,,"","",USAID
2025-02-01,2025-02-01,disruption,4uRgma5h,Approximately 2000 USAID email accounts are deactivated without warning.,,,#<Source:0x0000000102cce4a0>,FedScoop,,"","",USAID
2025-02-02,2025-02-02,disruption,bejcmPHZ,"Elon Musk posts a series of tweets calling USAID evil and saying it is ""time for it to die.""",,,#<Source:0x0000000102ccb868>,NBC News,,"","",USAID
2025-02-03,2025-02-03,access,2VmzIcAJ,"Multiple DOGE staff (Luke Farritor, Rachel Riley, Conor Fennessy and Jeremy Lewin) at CMS are granted read-only access to the CMS Acquisition Lifestye Management System (CALM) which tracks CMS aquisitions and contracts.",,,#<Source:0x0000000102cc8410>,Court Document,1:25-cv-00339,"Luke Farritor, Conor Fennessy, Jeremy Lewin, Rachel Riley","",CMS
2025-02-03,2025-02-03,official,ZkrnYESM,Treasury Secretary Scott Bessent is named the acting director of the CFPB and orders staff to immediately halt all work pending review.,,,#<Source:0x0000000102cc4c70>,National Public Radio,,"","",CFPB
2025-02-03,2025-02-03,sighting,RVANetiN,"Twenty DOGE staff are reportedly sighted within the Department of Education and ""have gained access to multiple sensitive internal systems, including a financial aid dataset that contains the personal information for millions of students enrolled in the federal student aid program.""","this number and scope is not verified by court filings, subsequent reporting",,#<Source:0x0000000102cc0ff8>,The Washington Post,,"","",Education
2025-02-03,2025-02-03,report,3N9M9fo1,"Brian Bjelde holds a meeting with senior staff at OPM, directing them to prepare plans to eliminate 70% of the agency's workforce at some unspecified point in the future. They are also told to identify 30% of staff that could be eliminated in the near term.",,,#<Source:0x0000000102ca9718>,CNN,,Brian Bjelde,"",OPM
2025-02-03,2025-02-03,onboard,15xKjpfm,"Several more DOGE staffers (Stephen Duarte, Christina Hanna, Bryanne-Michelle Mlodzianowski) start working at OPM. All of them come from HR backgrounds in Musk-affiliated companies.",,,#<Source:0x0000000102b2b530>,Bloomberg,,"Stephen Duarte, Christina Hanna, Bryanne-Michelle Mlodzianowski","",OPM
2025-02-03,2025-02-03,sighting,Qkjr7Ku3,"Email to SBA staff announces that Edward Coristine and Donald Park were granted access to all systems including HR, contract, and payment systems.",,,#<Source:0x00000001027d3270>,X.com,,"Edward Coristine, Donald Park","",SBA
2025-02-03,2025-02-03,action,5aKdQvQl,"Stephen Kucharski, director of the SBA's Office of Performance Systems Management, emailed 19 colleagues with an urgent request: ""Please help me and my OCIO colleagues as we mobilize to provide Edward Coristine and Donald Park Admin access to all SBA systems. This action has been cleared and we are on a very short time frame."" They were to be granted access to HR and procurement systems. He then follows up with the agency CIO.",,,#<Source:0x000000010271b238>,Wired Magazine,,"Edward Coristine, Donald Park","",SBA
2025-02-03,2025-02-03,access,6KDZ6MvT,"Within three hours of the request, Edward Coristine and Donald Park are granted “admin authority” to the mainframe and read-only access to the NFC Insight and Reporting Center applications. This gives them the ability to see sensitive information like salary, banking information and even debt for employees at the SBA (and possibly other agencies)",,,#<Source:0x000000011f09f338>,Wired Magazine,,"Edward Coristine, Donald Park","",SBA
2025-02-03,2025-02-03,action,4tgwrM5F,"After being granted access to the National Finance Center for information about staff at SBA, Edward Coristine writes to an associate administrator and chief human capital officer at SBA to ask for the phone number of the CIO for the National Finance Center at USDA.",,,#<Source:0x000000011f09dce0>,Wired Magazine,,Edward Coristine,"",SBA
2025-02-03,2025-02-03,access,2WgYXShX,Edward Corisitine and Donald Park are granted access to the SBA's core financial and loan systems within five hours of the CIO authorizing the request.,,,#<Source:0x000000011f09c700>,Wired Magazine,,"Edward Coristine, Donald Park","",SBA
2025-02-03,2025-02-03,onboard,jUkabBTs,Mike Russo officially joins the agency as its new CIO. He then immediately requests that Akash Bobba should be rapidly onboarded into the agency (but there are issues with Bobba's background check),,,#<Source:0x000000011f09b120>,The Washington Post,,"Akash Bobba, Mike Russo","",SSA
2025-02-03,2025-02-03,onboard,3cN52Ps5,"Unidentified employee SSA-01 starts working at the SSA with the title of Expert and an annual salary of $90,025.",,,#<Source:0x000000011f099b90>,Court Document,,Akash Bobba,SSA-01,SSA
2025-02-03,2025-02-03,disruption,RphjFc2Q,All USAID staff receive and email that the building is indefinitely closed. It included Gavin Kliger's email address at USAID.,,,#<Source:0x000000011f0986a0>,National Public Radio,,Gavin Kliger,"",USAID
2025-02-03,2025-02-03,disruption,G92wpTpH,"Elon Musk tweets that he and President Trump are shutting down USAID, bragging he had fed the agency ""into the wood chipper""",,,#<Source:0x000000011f097138>,NBC News,,"","",USAID
2025-02-03,2025-02-03,action,1Pg4mnKv,"Elias Hernandez, the associate administrator for the Office of Veterans Business Development at SBA, emails the director of the National Finance Center (NFC) asking for immediate admin access to the mainframe for ""all SBA Personnel Office Identifiers (POIs)"". NFC is a shared service from USDA that handles payroll for roughly 150,000 federal employees across 170 agencies including the SBA.",,,#<Source:0x000000011f095a40>,Wired Magazine,,"Edward Coristine, Donald Park","","SBA, USDA"
2025-02-04,2025-02-04,access,7iroCkuF,Luke Farritor is given read access to the CDC's Acquisition Performance and Execution (APEX) system that tracks procurements at the CDC.,,,#<Source:0x000000011f0942d0>,Court Document,1:25-cv-00339,Luke Farritor,"",CDC
2025-02-04,2025-02-04,interagency,NseepQVk,"One of AFGE's members who works in the headquarters of the Department received an instruction from Department leadership that Elon Musk and his DOGE team would be accessing Department of Labor headquarters beginning around 4 p.m. on February 5, 2025. This member and other employees were told by Department leadership that when Mr. Musk and his team visit, they are to do whatever they ask, not to push back, not to ask questions. They were told to provide access to any DOL system they requested access to and not to worry about any security protocols; ""just do it.""",,,#<Source:0x000000011f092d68>,Court Document,1:25-cv-00339,Elon Musk,"","DOL, DOGE"
2025-02-04,2025-02-04,oversight,cYi6UvfL,Treasury Secretary Scott Bessent writes a letter to Congress about Tom Krause having read-only access but doesn't mention Marko Elez in his letter.,,,#<Source:0x000000011f091620>,Wired Magazine,,Tom Krause,"",Treasury
2025-02-04,2025-02-04,sighting,EP9BFiD7,"Cole Killian appears in an EPA internal directory as a ""Federal Detailee"" (under his legal name Gautier Killian).",,,#<Source:0x000000011f090090>,E&E News,,Cole Killian,"",EPA
2025-02-04,2025-02-04,sighting,CvdXhiXD,"DOGE staffer Nikhil Rajpal reportedly enters NOAA facilities in Silver Spring, Maryland.",,This was later identified to include Nikhil Rajpal,#<Source:0x000000011f0bea58>,Axios,,Nikhil Rajpal,"",NOAA
2025-02-04,2025-02-04,disruption,HduG4YuE,All USAID staff are informed by email they will soon be placed on indefinite administrative leave. The message is sent from the USAID email address of Gavin Kliger.,,,#<Source:0x000000011f0bd450>,Court Document,8:25-cv-00462,"","",USAID
2025-02-04,2025-02-04,access,aTnKGs75,A representative from DOGE was given access to contracting systems as well as information on VA operations and information technology systems.,"not named, but likely Justin Fulcher",likely Justin Fulcher,#<Source:0x000000011f0bbdf8>,Military.com,,Justin Fulcher,"",VA
2025-02-05,2025-02-05,report,mKix9GPm,"The WSJ reports that DOGE staff arrive at CMS HQ and are reportedly granted access to the CALM system, but sources at CMS deny they have access to HIGLAS.","DOGE staff first granted access to CALM on 2/3; Luke Farritor has HIGLAS access on 1/31, other staff on 3/5",,#<Source:0x000000011f0ba7c8>,The Wall Street Journal,,"","",CMS
2025-02-05,2025-02-05,official,HRb5mWmM,CMS issues a press release stating that two agency veterans have been assigned to work closely with DOGE.,,,#<Source:0x000000011f0b9058>,Centers for Medicaid and Medicare Services,,"","",CMS
2025-02-05,2025-02-05,sighting,7kf2GFmh,DOGE staff are seen entering the headquarters of the Department of Commerce.,,,#<Source:0x000000011f0b79d8>,GovExec,,"","",Commerce
2025-02-05,2025-02-05,official,nhBU8qVd,"According to later sworn testimony from Kendall Lindemann, this is the date that Steve Davis was designated as the decision-maker for DOGE as the senior-most political appointee until Amy Gleason is appointed as acting administratior of DOGE on 2025-02-18. Later news reports suggest Steve Davis continued to remain in charge.",,,#<Source:0x000000011f0b6358>,Court Document,1:25-cv-00339,"Steve Davis, Amy Gleason, Kendall Lindemann","",DOGE
2025-02-05,2025-02-05,official,XcEpneXg,"Thomas Flagg, the CIO of the Dept. of Education, sends a memo to the heads of IT that orders them to give DOGE staff prompt access to all systems that they request.",,,#<Source:0x000000011f0b4d28>,Court Document,1:25-cv-00354,"","",Education
2025-02-05,2025-02-05,sighting,by9TUmm6,DOGE staff are given access to several unspecified Department of Labor IT systems.,,,#<Source:0x000000011f0b3658>,The Guardian,,"","",DOL
2025-02-05,2025-02-05,report,B2KmL6YV,Elon Musk promises that DOGE will make rapid upgrades to airline systems after outage of NOTAM alerting system occur.,,,#<Source:0x000000011f0b1fd8>,New York Times,,"","",FAA
2025-02-05,2025-02-05,legal,ANRquZpT,"OPM attests the Government-Wide Email System runs only on agency systems (and is not hosted in an external provider, which would be a violation of federal IT policy).",,,#<Source:0x000000011f0b0958>,MSN,1:25-cv-00234,"","",OPM
2025-02-05,2025-02-05,official,dv9APoYU,"OPM issues a Privacy Impact Assessment for its Government-Wide Email System (GWES) which states responses to its messages are voluntary, brief and do not include identifying information from federal staffers.",,,#<Source:0x000000011f0df230>,FedScoop,,"","",OPM
2025-02-06,2025-02-06,sighting,jC9DATQu,DOGE staff reportedly arrive at CDC HQ in Atlanta to request access to health payment systems used at the agency.,,,#<Source:0x000000011f0ddb10>,The Washington Post,,"","",CDC
2025-02-06,2025-02-06,onboard,R9JtW4eJ,"A DOGE team consisting of Luke Farritor, Jeremy Lewin, Nikhil Rajpal, Gavin Kliger and Chris Young enters the CFPB headquarters and is given equipment and onboarded with a quick session on privacy policies in force at the CFPB.",,,#<Source:0x000000011f0dc4b8>,Court Document,,"Luke Farritor, Gavin Kliger, Jeremy Lewin, Nikhil Rajpal, Chris Young","",CFPB
2025-02-06,2025-02-06,access,TWfXVB9u,The Washington Post reports that DOGE is feeding Department of Education data into an unidentified AI system hosted in Microsoft Azure.,,,#<Source:0x000000011f0daed8>,The Washington Post,,"","",Education
2025-02-06,2025-02-06,legal,jym62UJR,Judge Colleen Kollar-Kotelly issues a ruling stating that DOGE should be granted only read access to government systems at Treasury.,,,#<Source:0x000000011f0d98a8>,Court Document,1:25-cv-00313,"","",Treasury
2025-02-06,2025-02-06,offboard,5NwRFYL0,"After the _Wall Street Journal_ reported on a series of racist tweets from his account, Marko Elez resigned from his position at DOGE.",,,#<Source:0x000000011f0d8250>,National Public Radio,,"","",Treasury
2025-02-06,2025-02-06,legal,PZtsBGTa,DOGE member and lawyer Jacob Altik joins the legal defense team for the administration in _Jane Does 1-2 v. Office of Personnel Management (D.D.C.)_ without revealing he is an DOGE staffer who is working for OPM.,,,#<Source:0x000000011f0d6b80>,FedScoop,1:25-cv-00234,Jacob Altik,"",OPM
2025-02-06,2025-02-06,legal,GMWmrZzw,The judge in _Jane Does 1-2 v. Office of Personnel Management (D.D.C.)_ dismisses the motion for a temporary restraining order against the OPM email system since there is now a Privacy Impact Assessment available for it.,,,#<Source:0x000000011f0d55f0>,Court Document,1:25-cv-00234,"","",OPM
2025-02-06,2025-02-06,access,39TYKG04,Career IT staff in the Office of the CIO at OPM have their database access restored by order of the CIO Greg Hogan. It is unclear who ordered the original revocation of access and what changes have happened in the interim.,,,#<Source:0x000000011f0d3f98>,Court Document,1:25-cv-01237,Greg Hogan,"",OPM
2025-02-06,2025-02-06,disruption,iCkoWkYF,DOGE staff attempt to use their access to Treasury systems to stop payment for some USAID programs.,,,#<Source:0x000000011f0d2a30>,The Associated Press,,"","",USAID
2025-02-07,2025-02-07,disruption,fHLJXQSP,"Elon Musk posts a tweet ""CFPB RIP"" with a tombstone emoji",,,#<Source:0x000000011f0d13b0>,Bloomberg Law,,Elon Musk,"",CFPB
2025-02-07,2025-02-07,official,1pcExqWx,"OMB director Russell Vought is named the new acting head of the CFPB. The CFPB Chief Legal Counsel is also replaced by Mark Paoletta, a close associate of Russell Vought.",,,#<Source:0x000000011f0ffd78>,CNN,,Russell Vought,"",CFPB
2025-02-07,2025-02-07,action,SG9PVcaS,DOGE staff are granted global admin access to various CFPB systems without completing all the mandated training or agreeing to CFPB's acceptable use policy for IT systems. This includes a system that allows them to grant or revoke access to other IT systems at the CFPB.,,,#<Source:0x000000011f0fe720>,Court Document,1:25-cv-00381,"","",CFPB
2025-02-07,2025-02-07,disruption,2fUJZPvu,"The CFPB homepage is deleted and returns a HTTP 404 Not Found error (the rest of the site remains online). The CFPB social media account on X is also deleted. These actions are likely taken by Gavin Kliger, who was granted admin access to the website.",Gavin Kliger access named in later court documents,,#<Source:0x000000011f0fd0a0>,Forbes Magazine,,Gavin Kliger,"",CFPB
2025-02-07,2025-02-07,sighting,9ApmChVN,"DOGE staffers Luke Farritor and Adam Ramada arrive at the Department of Energy and are onboarded.According to Dept. of Energy spokesperson, DOGE staff departed the agency within a few days of arrival, but other reporting suggests they were still active and granted access to sensitive systems in the coming months.",Date is approximate and unknown. Report is unconfirmed,,#<Source:0x000000011f0fba98>,National Public Radio,,"Luke Farritor, Adam Ramada","",Energy
2025-02-07,2025-02-07,disruption,4ufoGsXw,168 employees who worked on environmental justice at the EPA are placed on indefinite administrative leave.,,,#<Source:0x000000011f0fa468>,Politico Pro,,"","",EPA
2025-02-07,2025-02-07,disruption,h2LuoY4U,DOGE posts a tweet boasting about the removal of signage on the headquarters for USAID.,,,#<Source:0x000000011f0f8e10>,X.com,,"","",USAID
2025-02-07,2025-02-07,disruption,dJnZqbb4,"All USAID staff are placed on indefinite administrative leave, as a way of locking them out of systems and keeping them out of the way of DOGE's activities at the agency.",,,#<Source:0x000000011f0f7790>,NBC News,,"","",USAID
2025-02-07,2025-02-07,report,1sruV2vD,"After gaining access to the PAM DB system for payments, DOGE members at the Treasury department discover what appear to be payments flowing to recipients without Social Security numbers. Other recipients appear to be dead. These discrepancies lead to Musk accusing SSA of massive fraud on his Twitter feed, but later analysis by SSA staff reveal these were cases of DOGE not understanding how the data was structured.",article just reports this as early Feb; but Musk tweets said he was informed on 2/7,,#<Source:0x000000011f0f6098>,New York Times,,"","","SSA, Treasury"
2025-02-08,2025-02-08,disruption,dLc2F3xm,The DOGE social media account on X boasts about deleting a page of LGBTQI+ resources that was part of the DHS website.,,,#<Source:0x000000011f0f48b0>,Newsweek,,"","",DHS
2025-02-08,2025-02-08,access,eZDXH8Nq,NBC News reports that Akash Bobba and Ethan Shaotran have admin access to email at the Department of Education and had also accessed the backend admin for the agency website.,,FIXME get info on the systems being accessed,#<Source:0x000000011f0f3230>,NBC News,,"Akash Bobba, Ethan Shaotran","",Education
2025-02-09,2025-02-09,official,4jWM1sc2,"Elon Musk posts more tweets claiming to have discovered sources of ""massive fraud"" within the SSA. These appear to be a misunderstanding of how erroneous records that exist in the SSA database are already filtered out from receiving benefits. Instead, he assumed that all erroneous records had received benefits and thus this was the massive fraud.",,,#<Source:0x000000011f0f1c50>,X.com,,Elon Musk,"",SSA
2025-02-09,2025-02-09,disruption,6eXUJiZM,"Using their admin access, Gavin Kliger and Luke Farritor completely disable accounts for all other USAID staff on the agency's system for creating and tracking payments. They now have absolute control.",,,#<Source:0x000000011f0f0648>,The Washington Post,,"Luke Farritor, Gavin Kliger","",USAID
2025-02-10,2025-02-10,disruption,18lnDiaG,"In an email sent to all staff, Russell Vought orders the CFPB's headquarters to be indefinitely closed. He also orders: ""Please do not perform any work tasks. If there are any urgent matters, please alert me through Mark Paoletta, Chief Legal Officer, to get approval in writing before performing any work task. Otherwise, employees should stand down from performing any work task.""",,,#<Source:0x000000011fadefd8>,Court Document,1:25-cv-00381,Russell Vought,"",CFPB
2025-02-10,2025-02-10,sighting,bJckd7pu,Edward Coristine appears in an online DHS staff directory with the title of Senior Advisor.,,,#<Source:0x000000011fadd9f8>,The Washington Post,,Edward Coristine,"",DHS
2025-02-10,2025-02-10,report,BGZKY6go,"In a meeting providing him with an overview of DHS programs, Kyle Schutt stuns federal staff in the Office of Civil Rights by declaring one of their programs (CRCL) looks like money laundering.",,,#<Source:0x000000011fadc4e0>,Politico,,Kyle Schutt,"",DHS
2025-02-10,2025-02-10,sighting,7JabZmub,"Adam Ramada shows up in the Department of Energy's online directory, along with Luke Farritor. There also is reportedly a third DOGE staffer at the agency.",,,#<Source:0x000000011fadaed8>,E&E News,,"Luke Farritor, Adam Ramada","",Energy
2025-02-10,2025-02-10,disruption,3GDPSTGi,A legal affadavit states a BFS payment was presented to the State Department as one to not process after it was reviewed by DOGE staff at Treasury.,,,#<Source:0x000000011fad9880>,The Washington Post,,"","",Treasury
2025-02-10,2025-02-10,official,8SF6gwbi,The NOTAM system at the FAA has its name changed from Notice to Air Missions back to its original name of Notice to Airmen.,,,#<Source:0x000000011fad8250>,Federal Aviation Authority,,"","",FAA
2025-02-10,2025-02-10,access,4XeM4Syi,Kyle Schutt is granted access to the FEMA Grant Outcomes (FEMA GO) system that is used by FEMA for tracking disaster and other grants across America. He is also given access to the source code for FEMA's Integrated Financial Management and Information System (IFMIS) which processes payments.,,,#<Source:0x000000011fad6bf8>,Dropsite News,,Kyle Schutt,"",FEMA
2025-02-10,2025-02-10,disruption,MVeUVFvr,"Unnamed DOGE staff using non-governmental Google accounts conduct dozens of ""touch-base"" interviews with dozens of US Digital Corps fellows, under the direction of Thomas Shedd.",,,#<Source:0x000000011fad5690>,FedScoop,,Thomas Shedd,"",GSA
2025-02-10,2025-02-10,sighting,TjkvD7jk,Multiple employees at HUD receive an email from new DOGE staffer Scott Langmack asking them to list every contract at HUD and whether it is critical to HUD's mission and/or has DEI components.,,,#<Source:0x000000011fad4088>,Wired Magazine,,Scott Langmack,"",HUD
2025-02-10,2025-02-10,report,4QdEVdg4,Mike Russo summons his new ally Leland Dudek to his office and asks him to explain data discrepancies identified by Elon Musk. Leland convenes a team of dozens of SSA engineers who review the data from the Treasury department and document fallacies of DOGE's reasoning in a memo. Mike Russo rejects the memo's conclusions by declaring that DOGE would not trust career civil servants and demanding that Akash Bobba must do his own analysis.,,,#<Source:0x000000011fad2af8>,New York Times,,"Akash Bobba, Leland Dudek, Mike Russo","",SSA
2025-02-10,2025-02-10,disruption,MDr4Wvod,"Mike Russo and the DOGE chief of staff Steve Davis both demand that Akash Bobba be onboarded at Social Security Administration before midnight, bypassing the usual background security checks.",,,#<Source:0x000000011fad1518>,The Washington Post,,"Akash Bobba, Steve Davis, Mike Russo","",SSA
2025-02-10,2025-02-10,sighting,hDrQoTQT,"CIO Mike Russo convenes his own internal informational group in SSA where he has conversations with DOGE staff at other agencies about novel ideas for sharing sensitive SSA data. He does not inform Acting SSA Director, Michelle King.",,,#<Source:0x000000011faffee0>,The Washington Post,,"Leland Dudek, Mike Russo","",SSA
2025-02-10,2025-02-10,official,fFM8X63i,"According to the testimony of a whistleblower, the nominatee for agency director, Frank Bisignano, orders through back channels that agency leadership must onboard Mark Steffensen as an attorney at the SSA. He reportedly had coerced senior SSA leadership to not hire anybody into roles without his explicit approval.",,,#<Source:0x000000011fafe8d8>,The Senate Finance Committee,,"Frank Bisignano, Mark Steffensen","",SSA
2025-02-10,2025-02-10,sighting,Ru3gqWWt,Edward Coristine and Luke Farritor are both listed in the State Department's directory as Senior Advisors within the Bureau of Diplomatic Technology.,,,#<Source:0x000000011fafd2d0>,The Washington Post,,"Edward Coristine, Luke Farritor","",State
2025-02-10,2025-02-10,disruption,MDH97ZzS,"A day after a conservative activist flagged the DOGE account on X about it, DOGE posts on its X.com account that it has removed gender identity options from a specific online form at the VA.",,,#<Source:0x000000011fafbd40>,New York Times,,"","",VA
2025-02-11,2025-02-11,disruption,5y3w31WF,Approximately 85 probationary employees at the CFPB are fired without cause.,,,#<Source:0x000000011fafa5f8>,Court Document,1:25-cv-00381,"","",CFPB
2025-02-11,2025-02-11,disruption,Ku4aQCfT,"CFPB Contracting Officers (COs) are ordered to terminate the vast majority of CFPB's contracts over the weekend (“We need to get these Termination Notifications out ASAP.”) This includes ""Enforcement (102 contracts), Supervision (16 contracts), External Affairs (3 contracts), Consumer Response (20 contracts), Office of Director (33 contracts), and Legal Division (all except 2 contracts).""",,,#<Source:0x000000011faf8f50>,Court Document,1:25-cv-00381,"","",CFPB
2025-02-11,2025-02-11,official,8jFnTPVN,Trump issues EO 14210 which grants DOGE teams in every agency final approval over any hiring decisions. It also creates a rule that an agency can hire 1 new person only if 4 people have left.,,,#<Source:0x000000011faf7880>,Executive Office of the President,,"","",DOGE
2025-02-11,2025-02-11,report,6Zr8aMzw,"Online security researchers post evidence that the DOGE website was developed and is hosted by Outburst Data, a company run and operated by Kyle Schutt.",,,#<Source:0x000000011faf6228>,X.com,,Kyle Schutt,"",DOGE
2025-02-11,2025-02-11,legal,iG5SW62c,"In a court filing, the Department of Education submitted to a consent decree blocking DOGE from access to systems for processing student financial aid.",,,#<Source:0x000000011faf4c20>,USA Today,8:25-cv-00430,"","",Education
2025-02-11,2025-02-11,access,imugC2ds,A legal affadavit from a Treausry employee states Marko Elez was accidentally given edit access to Bureau of the Fiscal Service systems but that he did not use it.,,,#<Source:0x000000011faf3528>,The Washington Post,,Marko Elez,"",Treasury
2025-02-11,2025-02-11,disruption,47eCWG67,Kathryn Armstrong Loving sends the EPA administrator a list of contracts that DOGE wants to eliminate and she includes Cole Killian on her message.,,,#<Source:0x000000011faf1fe8>,E&E News,,"Cole Killian, Kathryn Armstrong Loving","",EPA
2025-02-11,2025-02-11,disruption,Rw5dRRNx,"The Chief Financial Officer of FEMA, Mary Comans, is abruptly fired and her departure is announced in a FEMA press release.",,,#<Source:0x000000011faf0a08>,Law and Crime,,"","",FEMA
2025-02-(11)~,2025-02-11,disruption,1iZdpSmW,"In a meeting, Kyle Schutt asks FEMA staff about the viability of deobligating appropriated funds for the agency, in essence returning the money to Treasury rather than using it for its appropriated purpose.",,,#<Source:0x000000011fc1f2f8>,Dropsite News,,Kyle Schutt,"",FEMA
2025-02-11,2025-02-11,disruption,bwTxGSiq,The USAID Inspector General is fired by the White House after releasing a report critical of DOGE's actions at the agency.,,,#<Source:0x000000011fc1dd18>,CNN,,"","",USAID
2025-02-12,2025-02-12,disruption,HnJrpqPY,"Adam Martinez, CFPB COO, includes DOGE representatives Jordan Wick and Chris Young in emails hiring OPM for consulting on Reduction-in-Force (RIF) planning for the CFPB. CFPB agrees to pay OPM $171,925 for these services.",,,#<Source:0x000000011fc1c648>,Court Document,1:25-cv-00381,"Jordan Wick, Chris Young","",CFPB
2025-02-12,2025-02-12,report,fPWAP3fM,The Department of Defense affirm that its DOGE staff will be hired directly to the agency and will not be detailed from elsewhere in the government.,,,#<Source:0x000000011fc1b018>,Forbes Magazine,,"","",DOD
2025-02-12,2025-02-12,disruption,68sytFDv,GSA technical staff describe being subjected to 15-minute interviews where they felt they were asked to justify their jobs.,,,#<Source:0x000000011fc19998>,Politico,,"","",GSA
2025-02-12,2025-02-12,disruption,dSVh8kxF,"Dozens of probationary workers within the Technology Transformation Service (TTS) are fired, with many of the cuts focused on the US Digital Corps and Presidential Innovation Fellows programs",,,#<Source:0x000000011fc18318>,NextGov,,"","",GSA
2025-02-12,2025-02-12,directory,9CEKeLm7,"In a FOIA request, Democracy Forward names DOGE staff known to be at OPM at that time.",,,#<Source:0x000000011fc16c48>,Democracy Forward,1:25-cv-00858,"Jacob Altik, Anthony Armstrong, Riccardo Biasini, Brian Bjelde, Akash Bobba, Edward Coristine, Stephen Duarte, Charles Ezell, Christina Hanna, Greg Hogan, Stephanie Holmes, Gavin Kliger, Bryanne-Michelle Mlodzianowski, Justin Monroe, Noah Peters, Nikhil Rajpal, Austin Raynor, Amanda Scales, Joanna Wischer","",OPM
2025-02-13,2025-02-13,disruption,DbgzC9iA,"The CFPB RIF team, including Adam Martinez meets with Jordan Wick, Jeremy Lewin, and OPM officials on a video call. Jeremy Lewin and Jordan Wick talk off screen with Acting Director Russell Vought, and Wick tells the group that they want formal RIF notices to go out no later than February 14. The team receives a template from OPM for firing 1200 employees ""at night on the 13th.""",,,#<Source:0x000000011fc156e0>,Court Document,1:25-cv-00381,"Jeremy Lewin, Russell Vought, Jordan Wick","",CFPB
2025-02-13,2025-02-13,disruption,2DACs2Yb,CFPB leadership authorizes the creation of an email account for the public to snitch on if CFPB staff are engaged in any enforcement or supervision actions in violation of the stop-work order. They also create an account on X for this service.,,,#<Source:0x000000011fc14060>,Court Document,1:25-cv-00381,"","",CFPB
2025-02-13,2025-02-13,official,dKmuYfJv,DOGE announces that its website is now live with an organizational chart and tweets from the DOGE X account.,,,#<Source:0x000000011fc12a08>,X.com,,"","",DOGE
2025-02-13,2025-02-13,directory,9GdCongC,A story on a proposal to use AI at the Department of Education lists several DOGE staffers identified there within the last few weeks.,,,#<Source:0x000000011fc11388>,New York Times,,"Alexandra Beynon, Brooks Morgan, Adam Ramada","",Education
2025-02-13,2025-02-13,access,Laig7UCK,"DOGE staffers granted authorization to use a SQL client for databases file transfer software at Department of Labor, alarming cybersecurity staff that it could be used to remove data. The staffers named are Sam Beyda, Derek Geissler, Cole Killian, Adam Ramada and Jordan Wick.",,,#<Source:0x000000011fc5fd80>,NBC News,,"Sam Beyda, Derek Geissler, Cole Killian, Adam Ramada, Jordan Wick","",DOL
2025-02-13,2025-02-13,official,5PimPow9,"HUD issues a press release reporting that it has launched a ""DOGE Task Force"" comprising both DOGE personnel and HUD staffers.",,,#<Source:0x000000011fc5e778>,Department of Housing and Urban Development,,"","",HUD
2025-02-13,2025-02-13,official,537YrWiF,NASA leadership replies to a congressional inquiry to report that DOGE had identified a single individual who would be employed at the agency.,,,#<Source:0x000000011fc5d0d0>,"Democrats on the House Committee for Science, Space and Technology",,"","",NASA
2025-02-13,2025-02-13,interagency,149BygfY,"Representing DOGE and OPM, Noah Peters finalizes mass layoffs at the USDA just before Secretary Rollins is to be sworn in that evening. When asked later by Congress about the layoffs, she deflects and says it happened before she started.",,,#<Source:0x000000011fc5baf0>,Investigate Midwest,,Noah Peters,"","USDA, OPM"
2025-02-14,2025-02-14,action,5cr9YjJj,"Rachel Riley conducts a ""Planning Touch Base"" meeting with senior leadership at CMS.",,,#<Source:0x000000011fc5a4c0>,ABC News,,Rachel Riley,"",CMS
2025-02-14,2025-02-14,disruption,jvA4LYFX,The CFPB's videos are removed from its YouTube channel.,,,#<Source:0x000000011fc58e90>,The Verge,,"","",CFPB
2025-02-14,2025-02-14,legal,2XHMUAB3,"The judge, Amy Berman-Jackson grants a temporary restraining order against CFPB leadership until a hearing for a preliminary injunction to prevent them from shuttering the agency by eliminating staff and canceling all contracts. DOGE and CFPB leadership had been racing to eliminate 1175 positions before the restraining order was announced.",,,#<Source:0x000000011fc577e8>,Banking Dive,1:25-cv-00381,"","",CFPB
2025-02-14,2025-02-14,sighting,hR7tzCWX,"In a speech, the Secretary of Agriculture says DOGE has been at the agency for ""a few weeks"" already.",,,#<Source:0x000000011fc560f0>,US Department of Agriculture,,"","",USDA
2025-02-14,2025-02-14,disruption,53SzbRoa,"Approximately 50 USDS staff are fired, with most of terminations focused on project managers and designers (removing approximately 1/3 of the USDS staff that predated DOGE).",,,#<Source:0x000000011fc54a20>,Wired Magazine,,"","",DOGE
2025-02-14,2025-02-14,disruption,kTJvKegw,"After a conservative account complained to Musk on Twitter about gender options on the FAFSA form, it was changed the same day. Reportedly, this change was already on the roadmap, but multiple contractors were called in to rush it as an emergency job.",,,#<Source:0x000000011fc53328>,New York Times,,"","",Education
2025-02-14,2025-02-14,disruption,Keg9aWVE,388 probationary employees are fired at the EPA.,,,#<Source:0x000000011fc51c30>,E&E News,,"","",EPA
2025-02-14,2025-02-14,sighting,5aMzCheP,"The NASA administrator emails all staff to report that ""DOGE has arrived"" at the agency.",,,#<Source:0x000000011fc505b0>,Spectrum News 13,,"","",NASA
2025-02-14,2025-02-14,sighting,TRTyxS2E,"NIST workers witness a handful of people that they suspect of being DOGE touring the NIST IT facilities in Gaithersburg, Maryland.",,,#<Source:0x000000011fc7eeb0>,Wired Magazine,,"","",NIST
2025-02-14,2025-02-14,official,2RMnQzW6,Leland Dudek is placed on administrative leave and is placed under investigation that he committed inappropriate actions to assist DOGE's activities at the agency.,,,#<Source:0x000000011fc7d7b8>,The Washington Post,1:25-cv-00596,Leland Dudek,"",SSA
2025-02-14,2025-02-14,directory,2yiCepF3,"Bloomberg publishes some background information on Justin Fulcher, the DOGE staffer working quietly at the VA, which questions the details of his backstory.",,,#<Source:0x000000011fc7c278>,Mint,,Justin Fulcher,"",VA
2025-02-15,2025-02-15,disruption,Ucq6WnMM,"Roughly 750 probationary workers at the CDC receive termination notices sent directly from OPM, in possible violation of federal laws governing the civil service.",,,#<Source:0x000000011fc7ac48>,The Economist,,"","",CDC
2025-02-15,2025-02-15,access,7nTYjRY5,SSA IT staff express concern to Acting Commissioner Michelle King that Akash Bobba is accessing highly sensitive data provided by SSA remotely from an insecure location (the DOGE enclave within OPM). This is in violation of the terms of his signed access agreement.,,,#<Source:0x000000011fc79550>,The Washington Post,1:25-cv-00596,Akash Bobba,"",SSA
2025-02-15,2025-02-15,disruption,2yiF5Rth,"Frustrated with the questions and concerns raised by Akash Bobba about technical issues with the sandbox NUMIDENT data, Mike Russo complains directly to the Chief CIO in the office of the OMB.",,,#<Source:0x000000011fc78010>,The Washington Post,1:25-cv-00596,"Akash Bobba, Mike Russo","",SSA
2025-02-16,2025-02-16,access,QjJjk5mu,The White House pressures the IRS to sign a Memorandum of Understanding (MOU) granting DOGE expanded access to internal systems at the agency containing confidential taxpayer information.,,,#<Source:0x000000011fc76a08>,The Washington Post,,"","",IRS
2025-02-16,2025-02-16,disruption,5pQwKq1e,Donald Park sets up the `@DOGE_SBA` account on X as a communications channel for DOGE and a place for the general public to snitch on agency activities. He does not involve agency communications staff that would normally handle social media accounts.,,,#<Source:0x000000011fc753d8>,Wired Magazine,,Donald Park,"",SBA
2025-02-16,2025-02-16,disruption,bNXkArR5,"The acting director of the Social Security Administration, Michelle King, receives an email from the White House that she has been fired and Leland Dudek is now the Acting Commissioner.",,,#<Source:0x000000011fc73e48>,The Washington Post,,Leland Dudek,"",SSA
2025-02-17,2025-02-17,sighting,8qLVbYJB,"A senior manager at CDC reports coming back from a meeting to find two men in Tesla shirts leaving her office who said they ""fixed"" her computer.",,,#<Source:0x000000011fc72868>,The Economist,,"","",CDC
2025-02-17,2025-02-17,legal,jLKRjRxS,"In a filing in ""State of New Mexico v. Elon Musk,"" DOJ lawyers declare on the record that Elon Musk is not the USDS Administrator, but just a mere advisor.",,,#<Source:0x000000011fc71170>,Court Document,1:25-cv-00429,"","",DOGE
2025-02-17,2025-02-17,directory,PK8kSwx7,"Four SpaceX engineers at FAA are granted ethics waivers and designated as Special Government Employees, but must recuse from decisions affecting SpaceX.",,,#<Source:0x000000011fcbfa78>,Bloomberg,,"Brady Glantz, Thomas Kiernan, Ted Malaska, Sam Smeal","",FAA
2025-02-17,2025-02-17,disruption,BazoqSxG,The head of the medical device safety division at the FDA is fired amid mass layoffs,,,#<Source:0x000000011fcbe470>,STAT News,,"","",FDA
2025-02-17,2025-02-17,disruption,RwfpHkqq,The head of the FDA's food safety division resigns because of 89 employees being indiscriminately fired in the division.,,,#<Source:0x000000011fcbcdf0>,The Hill,,"","",FDA
2025-02-17,2025-02-17,official,LeZFKdaU,A White House official confirms that one DOGE staffer will be working with an IRS employee assigned to him to access IRS systems.,,,#<Source:0x000000011fcbb770>,Politico,,"","",IRS
2025-02-17,2025-02-17,disruption,iEaZoYn2,"A USAID official under Trump testifies that ""changes in the process by which payments can be made and approved by the Agency over the past weeks"" in the payment system were causing certain allowance statements to be delayed.",,,#<Source:0x000000011fcba0f0>,ABC News,,"","",USAID
2025-02-18,2025-02-18,disruption,ifPsztJp,An employee requests to repair the CFPB homepage that was purposefully deleted by DOGE. That action is refused by order of Russell Vought. Other work is allowed for digital teams.,,,#<Source:0x000000011fcb89a8>,Court Document,1:25-cv-00381,Russell Vought,"",CFPB
2025-02-18,2025-02-18,sighting,WY2JpoXp,An unidentified DOGE team holds a kickoff meeting with DoD staff at the Pentagon.,,,#<Source:0x000000011fcb7440>,MSN,,"","",DOD
2025-02-18,2025-02-18,disruption,cwYnUCpp,"DoD agencies are ordered to provide lists of probationary employees to DOGE. Previously, defense, security and intelligence agencies have been exempted from many of the executive orders that constrained staffing or contracting.",,,#<Source:0x000000011fcb5dc0>,The Washington Post,,"","",DOD
2025-02-18,2025-02-18,report,c8PWENvT,A custom AI chatbot based on xAI's Grok model was discovered hosted on subdomain on the doge.gov site. It is linked to Christopher Stanley.,,,#<Source:0x000000011fcb4718>,Techcrunch,,Christopher Stanley,"",DOGE
2025-02-18,2025-02-18,legal,WTtpPp95,A federal judge denied an attempt by _American Federation of Teachers et al v. Bessent et al (D. Md.)_ to block DOGE from accessing Department of Education systems related to financial aid.,,,#<Source:0x000000011fcb31b0>,USA Today,8:25-cv-00430,"","",Education
2025-02-18,2025-02-18,disruption,c2uFcNGD,DOGE staffer Ted Malaska declares that SpaceX is the only company able to complete a communications network contract already awarded to Verizon. He also hreatens to report the names of anybody blocking his work directly to Musk.,,,#<Source:0x000000011fcb1b30>,Bloomberg,,Ted Malaska,"",FAA
2025-02-18,2025-02-18,disruption,Lcina8tE,A GSA employee reportedly resigned rather than give unrestricted admin access for the SMS emergency notification service Notify.gov to Thomas Shedd.,,,#<Source:0x000000011fcb05a0>,404 Media,,Thomas Shedd,"",GSA
2025-02-(18)~,2025-02-18,sighting,NPiTTC4b,ProPublica reports that Frank Schuler has appeared in the GSA directory.,Exact date is not provided in the article,,#<Source:0x000000011fcdefe0>,Pro Publica,,Frank Schuler,"",GSA
2025-02-(18)~,2025-02-18,sighting,j9cDuFZd,Frank Schuler is introduced on a video call meeting at the GSA by Nate Cavanaugh.,Exact date is not provided in the article,,#<Source:0x000000011fcdda50>,Pro Publica,,"Nate Cavanaugh, Frank Schuler","",GSA
2025-02-18,2025-02-18,legal,PZkRFvLG,Privacy advocates sue to stop DOGE from gaining acess to IRS systems which contain highly sensitive data about taxpayers.,,,#<Source:0x000000011fcdc470>,National Public Radio,,"","",IRS
2025-02-18,2025-02-18,onboard,54lcWZTH,Former AirBnb executive Joe Gebbia starts working at OPM as a volunteer with the job title of Expert.,,,#<Source:0x000000011fcdae18>,Bloomberg,,Joe Gebbia,"",OPM
2025-02-18,2025-02-18,disruption,M6hmMgLQ,"A CNN reporter shares that his FOIA request to OPM was replied to with the message ""they just fired the whole privacy team.""",,,#<Source:0x000000011fcd9888>,Common Dreams,,"","",OPM
2025-02-18,2025-02-18,onboard,2j2L2gpw,"Multiple unidentified DOGE staffers start working at SSA on the same day. SSA-02 is detailed from NASA. SSA-07 is detailed from the DOL. SSA-10 arrives from the GSA, and SSA-05 is detailed from DOGE itself.",,,#<Source:0x000000011fcd81b8>,Court Document,,"Scott Coulter, Marko Elez, Cole Killian, Ethan Shaotran","SSA-07, SSA-02, SSA-10, SSA-05",SSA
2025-02-18,2025-02-18,oversight,GAFoNPPJ,Senate Democrats send a letter to VA Secretary demanding more information about DOGE's activities there.,,,#<Source:0x000000011fcd6ca0>,FedScoop,,"","",VA
2025-02-19,2025-02-19,sighting,5aycrTMg,"Despite earlier reports of DOGE at the agency, staff at the CIO office at the CDC claim to not have been contacted by DOGE yet. It's unclear if this is a lie or they have been sidestepped.",,,#<Source:0x000000011fcd55f8>,The Atlantic,,"","",CDC
2025-02-19,2025-02-19,access,WQKuTEAj,"Edward Coristine and Kyle Schutt are reportedly given elevated access to CISA systems, including documents and staff emails.",,,#<Source:0x000000011fcd3f00>,Wired Magazine,,"Edward Coristine, Kyle Schutt","",CISA
2025-02-19,2025-02-19,action,372mBQKa,"""Does the following blurb encapsulate what Gavin is looking for?"" is what a USDA policy lead writes to the agency's chief financial officer about proposed agency-wide guidance to find and report grants that related to climate change. She then emailed to Gavin for his direct approval.",,,#<Source:0x000000011fcd28a8>,NOTUS,,Gavin Kliger,"",USDA
2025-02-19,2025-02-19,official,4jLJWhw6,"Trump issues an executive order EO 14218 ""Ending Taxpayer Subsidization of Open Borders"" that instructs USDS to work with agencies to identify federal funding for immigrants and build up eligibility verification systems",,,#<Source:0x000000011fcd12a0>,Executive Office of the President,,"","",DOGE
2025-02-19,2025-02-19,official,YAentsgx,"Trump issues an executive order EO 14219 ""Ensuring Lawful Governance and Implementing the President's Department of Government Efficiency Deregulatory Initiative"" which requires agency heads to consult with DOGE teams on deregulatory efforts.",,,#<Source:0x000000011fd1fba8>,Executive Office of the President,,"","",DOGE
2025-02-19,2025-02-19,official,g9AZFmPH,"Treasury Secretary Scott Bessent says only one person from DOGE is ""looking at an outdated IT system, that's all they're doing."" Given that Marko Elez had resigned, this is likely a reference to Ryan Wunderly.",,,#<Source:0x000000011fd1e4d8>,Bloomberg,,Ryan Wunderly,"",Treasury
2025-02-19,2025-02-19,disruption,BBGTRSgD,Thomas Shedd has allegedly requested admin access to 19 different systems within TTS at GSA,,,#<Source:0x000000011fd1cea8>,The Atlantic,,Thomas Shedd,"",GSA
2025-02-19,2025-02-19,access,ZzPoLUUi,"According to one agency employee, DOGE workers are granted access access to contracts, partnerships, performance reviews, classified national-security information, and satellite data, among other materials.",missing identifications for these systems and staffers,,#<Source:0x000000011fd1b8f0>,The Atlantic,,"","",NASA
2025-02-19,2025-02-19,official,GVnA5vun,"SSA CIO Mike Russo emails Leland Dudek request access to SSA's Enterprise Data Warehouse (EDW) for several ""members of [his] team."" This includes access to the NUMIDENT list of all social security records, Master Beneficiary Record (MBR) and Supplemental Security Record (SSR) master records, as well as copies of SSA payment files which SSA transmits to the Department of the Treasury's Bureau of the Fiscal Service (BFS) for payment.",,,#<Source:0x000000011fd1a1f8>,Court Document,1:25-cv-00596,"Leland Dudek, Mike Russo","",SSA
2025-02-19,2025-02-19,report,mPJA8JnY,USADF board member Ward Brehm becomes aware that his agency is going to be targeted by DOGE for elimination.,,,#<Source:0x000000011fd18bc8>,Court Document,1:25-cv-00660,"","",USADF
2025-02-19,2025-02-19,official,KMD5RgCU,"Trump issues EO 14217, which explicitly targets the Presidio Trust, the Inter-American Foundation, the United States African Development Foundation and the United States Institute of Peace for reductions.",,,#<Source:0x000000011fd17570>,Executive Office of the President,,"","","IAF, USADF, USIP"
2025-02-20,2025-02-20,disruption,7N8VIAaB,"At an internal planning meeting for the temporarily paused Reduction In Force, CFPB COO Adam Martinez confirms the White House plan was to completely end the CFPB within 30 days. The plan was to reduce the CFPB to ""five guys and a phone,"" ie to the minimum number of positions that were mandated by the text of Dodd-Frank (the bill that created the CFPB). Staff were informed there was no need to abide by federal data retention regulations because there would be nothing left of the agency to maintain.",,,#<Source:0x000000011fd15e00>,Court Document,1:25-cv-00381,"","",CFPB
2025-02-20,2025-02-20,disruption,3K2zYRLK,Jordan Wick emails Russell Vought asking for approval to cut an additional $8.4 million of contracts at the CFPB,,,#<Source:0x000000011fd14668>,Court Document,1:25-cv-00381,"Russell Vought, Jordan Wick","",CFPB
2025-02-20,2025-02-20,official,54bW5YhN,"In emails with USDA staff to identify climate-related terms to look for and cancel in grants, Gavin Kliger also alludes to DOGE developing LLM models that would analyze grant descriptions in response to a USDA staffer suggestion to use AI more.",,,#<Source:0x000000011fd130b0>,Court Document,2:25-cv-02152,"Michael Cole, Gavin Kliger","",USDA
2025-02-20,2025-02-20,official,jVZWcavV,"Defense Secretary Pete Hegseth releases a video stating that he met with DOGE about cuts to the agency. He states that many of them are veterans. [The attendees aren't listed, but I am inferring this is Yinon Weiss, Mike Slagh, Jim Hickey and Patrick George]",,,#<Source:0x000000011fd11a80>,FOX News,,"Patrick George, Jim Hickey, Mike Slagh, Yinon Weiss","",DOD
2025-02-20,2025-02-20,onboard,8RFcA4gh,"John York, a senior counselor to Bessent, wrote in a sworn statement that Ryan Wunderly would take over Marko Elez's work at the BFS.",,,#<Source:0x000000011fd10478>,Politico,,"Marko Elez, Ryan Wunderly","",Treasury
2025-02-20,2025-02-20,sighting,431d9XI3,"IAF President Sara Aviel learns that DOGE will be visiting her agency. That afternoon, she meets Nate Cavanaugh and Ethan Shaotran who both introduce themselves as GSA employees. They showed little interest in a discussion on efficiency initiatives at the agency and stated they just wanted access to systems.",,,#<Source:0x000000011fd3edf0>,Court Document,1:25-cv-00778,"Nate Cavanaugh, Ethan Shaotran","",IAF
2025-02-20,2025-02-20,interagency,Fwq6uees,The White House and Treasury Department come to an agreement for a Memorandum of Understanding about how DOGE access to IRS systems will be structured.,,,#<Source:0x000000011fd3d7c0>,Politico,,"","",IRS
2025-02-20,2025-02-20,legal,EjrSMk9d,"In a court filing, Treasury says it is adding two more DOGE staffers to its roster who will be exclusively focused on working at the IRS.",,,#<Source:0x000000011fd3c140>,Politico,,"","",IRS
2025-02-20,2025-02-20,access,MD9eHvgr,"Facing a revolt over privacy concerns by staff at the IRS, The Treasury Department agrees to block Gavin Kliger from the IDRS system and provide him only with anonymized data.",,,#<Source:0x000000011fd3aa48>,The Washington Post,,Gavin Kliger,"",IRS
2025-02-20,2025-02-20,disruption,hi8dBSUn,"Employees at the NLRB are alarmed to see that DOGE has claimed on its website that it has cancelled the lease for their office in Buffalo, NY.",,,#<Source:0x000000011fd39490>,The Huffington Post,,"","",NLRB
2025-02-20,2025-02-20,directory,2mX9HegN,Several DOGE staffers working at the agency are identified by Social Security Works (a nonprofit advocacy group).,,,#<Source:0x000000011fd37dc0>,The Handbasket,,"Leland Dudek, Marko Elez, Cole Killian, Nikhil Rajpal, Ethan Shaotran","",SSA
2025-02-20,2025-02-20,sighting,Q7jFqwLD,"Chris Young meets with USADF leadership at their HQ to ""introduce DOGE to the agency"" and informs them that 2 engineers would be assigned to the agency.",,,#<Source:0x000000011fd36858>,Court Document,1:25-cv-00660,Chris Young,"",USADF
2025-02-21,2025-02-21,official,Rvoj6n6y,"USDA Secretary Rollins posts a photo of a grant-cancellation session on the @DOGE_USDA account. None of the participants are identified, but it looks like Gavin Kliger is in the picture.",,,#<Source:0x000000011fd35278>,X.com,,Gavin Kliger,"",USDA
2025-02-21,2025-02-21,disruption,3GLAQY5f,IAF CEO Sara Aviel confirms to a friend at USADF that DOGE plans to dismantle the agency.,,,#<Source:0x000000011fd33c70>,Court Document,1:25-cv-00660,"","",IAF
2025-02-21,2025-02-21,interagency,PuLGSMRa,The Memorandum of Understanding (MOU) between the IRS and DOGE is formally signed. It reportedly will not let DOGE access individual tax returns.,,"FIXME, do we have this MOU?",#<Source:0x000000011fd32618>,New York Times,,"","",IRS
2025-02-21,2025-02-21,sighting,7v7sVWG5,"Ethan Shaotran, Jacob Altik, and Nate Cavanaugh arrive at the agency and demand that a Memorandum of Understanding (MOU) must be signed for their detail assignment.",,,#<Source:0x000000011fd30f20>,Court Document,1:25-cv-00660,"Jacob Altik, Nate Cavanaugh, Ethan Shaotran","",USADF
2025-02-21,2025-02-21,disruption,dtakM5hM,"Once the MOU is signed, DOGE staff reveal their real purpose is to conduct a massive reduction in agency staff and scope and demand they must file a RIF plan by February 24th.",,,#<Source:0x000000011fd5f8c0>,Court Document,1:25-cv-00660,"Jacob Altik, Nate Cavanaugh, Ethan Shaotran","",USADF
2025-02-21,2025-02-21,access,QFXkX5nW,Nate Cavanaugh and Jacob Altik then demanded immediate access to USADF systems including financial records and payment and human resources systems. They were told they had to go through standard clearance process.,,,#<Source:0x000000011fd5e290>,Court Document,1:25-cv-00660,"Jacob Altik, Nate Cavanaugh","",USADF
2025-02-21,2025-02-21,disruption,7aypySNW,Jacob Altik demands waivers to exempt DOGE staff from background checks. He also threatens to fire the USADF board if DOGE's demands are not met.,,,#<Source:0x000000011fd5ccd8>,Court Document,1:25-cv-00660,Jacob Altik,"",USADF
2025-02-21,2025-02-21,official,kSet7QgF,"The USADF general cousel revokes their participation in the Memorandum of Understanding based on it being created under false pretenses that DOGE would be assisting the agency in ""IT modernization.""",,,#<Source:0x000000011fd5b770>,Court Document,1:25-cv-00660,"","",USADF
2025-02-21,2025-02-21,interagency,CuJmM2lv,"Ethan Shaotran and Nate Cavanaugh return to the IAF with Jacob Altik, who presented himself as representing the EOP. Altik confirms that DOGE plans to reduce IAF to what he considers the statutory minimum (a board and president, a location in DC, some grants) and DOGE will be conducting a Reduction in Force of all employees and terminating all grants. The demand approval from the board and threaten the board will be fired otherwise.",,,#<Source:0x000000011fd5a0a0>,Court Document,1:25-cv-00778,"Jacob Altik, Nate Cavanaugh, Ethan Shaotran","","IAF, GSA, DOGE"
2025-02-22,2025-02-22,onboard,41kLYAxx,Unidentfied alias SSA-03 is detailed over from the Department of Labor,,,#<Source:0x000000011fd589a8>,Court Document,,Aram Moghaddassi,SSA-03,SSA
2025-02-23,2025-02-23,onboard,5cMzKdBH,"Social Security Administration onboards 3 more unidentified DOGE staffers – SSA-06, SSA-04, and SSA-09 – as volunteers with the title of Expert.",,,#<Source:0x000000011fd57558>,Court Document,,"Antonio Gracias, Jon Koval, Payton Rehling","SSA-06, SSA-04, SSA-09",SSA
2025-02-23,2025-02-23,disruption,60ZEU148,"Employees at USAID receive emails with a ""Specific Notice of a RIF"" effective in 60 days and signed by Peter Marocco. Many employees had already been placed on administrative leave.",,,#<Source:0x000000011fd55fc8>,Court Document,8:25-cv-00462,Peter Marocco,"",USAID
2025-02-24,2025-02-24,access,4wVLWDce,"Amy Gleason is granted read access to the CMS Acquisition Lifestye Management System (CALM), which tracks CMS aquisitions and contracts.",,,#<Source:0x000000011fd549c0>,Court Document,1:25-cv-00339,Amy Gleason,"",CMS
2025-02-24,2025-02-24,access,j8cpRtDP,Stephanie Holmes requests full admin access to the Federal Personnel Payroll System (FPPS) system to process actions for herself as well as DOGE members Katrine Trampe and Tyler Hassen. This is a shared service provided by DOI which handles payroll for approximately half of the federal government.,,,#<Source:0x000000011fd533e0>,Public Employees for Environmental Responsibility,,"Tyler Hassen, Stephanie Holmes, Katrine Trampe","",DOI
2025-02-24,2025-02-24,legal,AJPVbMyh,"In a hearing for ""Alliance for Retired Americans v. Bessent,"" Judge Kollar-Kotelly repeatedly grills DOJ lawyers to identify who the USDS Administrator is.",,,#<Source:0x000000011fd51e28>,Lawfare Media,,"","",DOGE
2025-02-24,2025-02-24,legal,dFV9to7X,"In a ruling for _American Federation of Teachers et al v. Bessent et al (D. Md.)_, a judge declared ""DOGE affiliates have been granted access to systems of record that contain some of the plaintiffs' most sensitive data - Social Security numbers, dates of birth, home addresses, income and assets, citizenship status, and disability status - and their access to this trove of personal information is ongoing""",,,#<Source:0x000000011fd50758>,NBC News,8:25-cv-00430,"","",Education
2025-02-24,2025-02-24,report,5BH8pXk4,The IAF President Sara Aviel confers with the board of the IAF and aliies in Congress who inform her that a Reduction-in-Force (RIF) layoff would be in contravention of appropriations already enacted into law.,,,#<Source:0x000000011fd9f038>,Court Document,1:25-cv-00778,"","",IAF
2025-02-24,2025-02-24,disruption,2qZVmknt,"The IAF President Sara Aviel joins a call with Nate Cavanaugh and Jacob Altik, who claim that all but one of the board members have been terminated. They demand that Aviel approves DOGE's plan for the agency – which she declines to do – and that she sign a Memorandum of Understanding (MOU) assigning a DOGE member to the agency and granting them access to systems. After the call, she confirms that no board members had received a termination notice.",,,#<Source:0x000000011fd9d9e0>,Court Document,1:25-cv-00778,"","",IAF
2025-02-(24)~,2025-02-24,sighting,Gjp7Za9k,Staffers at the NLRB are informed that DOGE will be arriving at the agency the following week and that they have questions about the agency's network architecture.,The testimony only mentions that this communication happened sometime during that week,,#<Source:0x000000011fd9c338>,Whistleblower Aid,,"","",NLRB
2025-02-24,2025-02-24,directory,khMRYKRf,"Four DOGE staffers are indentified with email addresses linked to NIH. These are Luke Farritor, Rachel Riley, Jeremy Lewin and Clark Minor.",,,#<Source:0x000000011fd9ada8>,Wired Magazine,,"Luke Farritor, Jeremy Lewin, Clark Minor, Rachel Riley","",NIH
2025-02-24,2025-02-24,access,4Ffvq4fv,"Three DOGE staffers – Luke Farritor, Rachel Riley and Clark Minor – are listed as part of the NIH Business System Department. This would grant them access to NIH's central electronic business system, which includes finance, budget, procurement, a property-management system, and a grant-tracking system",,,#<Source:0x000000011fd997a0>,Wired Magazine,,"Luke Farritor, Clark Minor, Rachel Riley","",NIH
2025-02-24,2025-02-24,official,DCwQyaxn,"After Elon Musk threatens on X that employees must complete a list of 5 accomplishments every week and send it to OPM or risk termination, OPM hastily sends out an email to all federal staff requesting that list (without the threat) to every government employee. Widespread confusion occurs at many agencies about the legality and wisdom of this exercise.",,,#<Source:0x000000011fd98148>,Just Security,,"","",OPM
2025-02-24,2025-02-24,disruption,NrAucFtb,USADF President/CEO Ward Brehm receives an email from White House Deputy Director of Personnel Trent Morse notifying him that he is now removed from tbe board.,,,#<Source:0x000000011fd96a78>,Court Document,1:25-cv-00660,Trent Morse,"",USADF
2025-02-24,2025-02-24,interagency,JZFwZjbm,"USIP leadership meets with DOGE staffers James Burnham, Jacob Altik and Nate Cavanaugh to explain the history and legal status of the small independent executive branch agency and why it should not need to respond to DOGE's demands",,,#<Source:0x000000011fd95510>,Court Document,1:25-cv-00804,"Jacob Altik, James Burnham, Nate Cavanaugh","",USIP
2025-02-24,2025-02-24,report,R722EMkS,"The DOGE delegation counters to USIP leadership with their belief that minimum statutory size of agency is ""a Board of Directors and a president, reports to Congress and the Executive branch, and expenses incident to the Board of Directors"" and says they will regroup and return.",,,#<Source:0x000000011fd93ee0>,Court Document,1:25-cv-00804,"Jacob Altik, James Burnham, Nate Cavanaugh","",USIP
2025-02-25,2025-02-25,oversight,UbNB5uwF,The Chief Human Capital Office of the Department of Agriculture testifies to Congress that OPM ordered the firing of all probationary federal employees at the agency.,,,#<Source:0x000000011fd928b0>,Court Document,3:25-cv-01780,"","",USDA
2025-02-25,2025-02-25,disruption,2de2q6rb,21 of the remaining USDS staff who predated DOGE's arrival publicly resign in protest of DOGE's actions and publish an open letter on their resignation.,,,#<Source:0x000000011fd91258>,The Associated Press,,"","",DOGE
2025-02-25,2025-02-25,official,K9KCfjYK,"DOGE announces via their X account that they have launched a new feature on their website showing the wall of savings from contract cancellations (many of these savings are later shown to be wildly erroneous, an issue that persists to this day).",,,#<Source:0x000000011fdbfbd0>,X.com,,"","",DOGE
2025-02-(25)~,2025-02-25,sighting,7DxqpdGT,"FDA staff conduct a meeting to provide a high-level overview of FDA structures and functions to Clark Minor, the new CIO for HHS.",date is just given as late February and early March for meetings,,#<Source:0x000000011fdbe4d8>,Court Document,1:25-cv-01750,Clark Minor,"",FDA
2025-02-25,2025-02-25,action,c3p8qCiA,"GSA reportedly spending $25,000 to install a washer and dryer near a makeshift sleeping area occupied by DOGE.",,,#<Source:0x000000011fdbcef8>,The Times of India,,"","",GSA
2025-02-25,2025-02-25,access,QfW2MVvJ,The Post reports that DOGE staffers Gavin Kliger and Sam Corcos are being granted access to only anonymized data from IDRS as was specified in an earlier MOU.,,,#<Source:0x000000011fdbb850>,The Washington Post,,"","",IRS
2025-02-25,2025-02-25,report,C3QCySiU,"DOGE engineer Ricardo Biasini is reported to be working on updating an ""AutoRIF"" software package sourced from the Department of Defense that can be used to automate Reduction-in-Force (RIF) processes at federal agencies.",,,#<Source:0x000000011fdba220>,Wired Magazine,,Riccardo Biasini,"",OPM
2025-02-25,2025-02-25,official,3TsSOGLO,VA Secretary Doug Collins posts a message to X claiming that DOGE had found nearly $2 billion in contracts that could be eliminated. This figure will turn out to include important contracts that should not have been cancelled and need to be hastily restored.,,,#<Source:0x000000011fdb8c40>,New York Times,,"","",VA
2025-02-26,2025-02-26,official,Af8KwhwZ,"Trump issues an executive order EO 14222 mandating that DOGE teams will have veto power over the award of new contracts at any agency. This order also freezes purchase cards for 90 days, which causes a huge number of unexepected problems across the federal government.",,,#<Source:0x000000011fdb75c0>,Executive Office of the President,,"","",DOGE
2025-02-26,2025-02-26,official,jUGZwRWr,"After days of sustained questioning about who the USDS Administrator is, the White House gives the name of Amy Gleason. It is unclear how long she had been in the role. She also conveniently is on a trip to Mexico during the announcement and is thus unreachable.",,,#<Source:0x000000011fdb5ef0>,National Public Radio,,Amy Gleason,"",DOGE
2025-02-26,2025-02-26,report,EAo8rM7V,Republican lawmakers on the U.S. House Committee on Homeland Security unanimously opposed a resolution of inquiry into DOGE activities at DHS.,,,#<Source:0x000000011fdb4910>,Bank Info Security,,"","",DHS
2025-02-26,2025-02-26,disruption,mVDCRqG7,"Without issuaing any warning, GSA puts a $1 spending limit on all government purchase cards following an executive order by Trump. This predictably creates a large amount of chaos by destroying the ability of agencies to do micro-purchases allowed by law.",,,#<Source:0x000000011fdb3330>,The Washington Post,,"","",GSA
2025-02-26,2025-02-26,access,VTVuHtEb,"Wired reports that DOGE staff were given read-only access to some systems and read-write access to payment systems within HUD, as well as the centralized authorization system that would allow the team to grant or revoke access to other systems.",,,#<Source:0x000000011fdb1c88>,Wired Magazine,,"","",HUD
2025-02-26,2025-02-26,sighting,F3UCNb8e,"There is reportedly a 6-person DOGE team working at HUD, with 4 of the staff being existing HUD employees and Michael Mirski and Scott Langmack as the representatives from DOGE.",,,#<Source:0x000000011fdb0590>,Wired Magazine,,"Scott Langmack, Michael Mirski","",HUD
2025-02-26,2025-02-26,disruption,5ATjrwp0,The IAF President Sara Aviel learns in the morning that the Senior Procurement Executive at the Treasury had been ordered by DOGE to unilaterally cancel all contracts by the end of business on the following day.,,,#<Source:0x000000011fe1ef18>,Court Document,1:25-cv-00778,"","",IAF
2025-02-26,2025-02-26,disruption,1x0KLZpR,Sara Aviel receives an email from White House Deputy Director of Presidential Personnel Trent Morse informing her that President Trump has now terminated her position.,,,#<Source:0x000000011fe1d8c0>,Court Document,1:25-cv-00778,"","",IAF
2025-02-26,2025-02-26,onboard,4yjSK6Ou,"One more unidentified DOGE staffer, SSA-08, is detailed to SSA from OPM.",,,#<Source:0x000000011fe1c268>,Court Document,,Nikhil Rajpal,SSA-08,SSA
2025-02-26,2025-02-26,disruption,1j9VkghD,"A day after posting it had found contracts to cancel, a top V.A. contracting official sends an agency-wide email ""PLEASE HALT ALL CONTRACT TERMINATIONS THAT ARE IN PROGRESS"" as leadership was re-considering the scope of its contract cancellations.",,,#<Source:0x000000011fe1ad78>,New York Times,,"","",VA
2025-02-(26)~,2025-02-26,interagency,5zOTAHYX,"During a call of human capital officers led by OPM, a representative for the GSA announces they are working on a ""new federal daily check-in tool."" A test email was sent out on the same day. They announce plans to debut the tool by the first week in March.","Date is just given as ""Late February""",,#<Source:0x000000011fe19680>,The Washington Post,,"","","OPM, GSA"
2025-02-27,2025-02-27,access,TNkATrog,"Stephanie Holmes' request for admin access to the FPPS system is approved Senior Advisor to the Secretary of the Interior, Jarrod Agen.",,,#<Source:0x000000011fe17e70>,Public Employees for Environmental Responsibility,,Stephanie Holmes,"",DOI
2025-02-27,2025-02-27,legal,dq7CdXaH,U.S. District Judge John Bates orders that some DOGE officials should be required to testify under oath in the case of AFL-CIO v. Dep't of Labor (D.D.C.),,,#<Source:0x000000011fe168b8>,Politico,1:25-cv-00339,"","",DOGE
2025-02-27,2025-02-27,official,5Xrxtox9,Joe Gebbia announces on his social media account that he will be working on a project at OPM to modernize retirement processing and move it away from paper records currently stored at a cave in Pennsylvania.,,,#<Source:0x000000011fe15238>,X.com,,Joe Gebbia,"",OPM
2025-02-27,2025-02-27,disruption,4Xh3hZ2F,"Ethan Shaotran contacts Leland Dudek to inform him that DOGE had identified roughly 3 dozen federal contracts in Maine as ""nonessential"" and that ""we should cancel them"" as retribution for the Maine governor publicly countering abuse from the President over transgender athletes. Two of those contracts are for Social Security services in the State.",,,#<Source:0x000000011fe13ca8>,New York Times,,"Leland Dudek, Ethan Shaotran","",SSA
2025-02-28,2025-02-28,disruption,9TW4PD58,"After a federal judge overturns the mass firing of probationary workers, only 180 workers (out of 750) return to work at the CDC.",,,#<Source:0x000000011fe12628>,The Economist,,"","",CDC
2025-02-28,2025-02-28,disruption,3bCDhPDD,White House Deputy Trent Morse sends an email to the office director at the IAF which states that Peter Marocco has been appointed the acting Chairman for the agency.,,,#<Source:0x000000011fe10f30>,Court Document,1:25-cv-00778,"Peter Marocco, Trent Morse","",IAF
2025-02-28,2025-02-28,disruption,6VRWYSuW,"Peter Marocco convenes an emergency board meeting (where the emergency is that Trump issued an executive order), asserting that means he can avoid the mandatory 1-week notification to the board of the agency. In attendance at the meeting are Ethan Shaotran and Nate Cavanaugh. This is where he declares himself the new President and Acting CIO of the IAF.",,,#<Source:0x000000011fe3f970>,Court Document,1:25-cv-00778,"Nate Cavanaugh, Peter Marocco, Ethan Shaotran","",IAF
2025-02-28,2025-02-28,official,Np7Nfyaw,"Gavin Kliger and Sam Corcos, DOGE representatives embedded at the IRS, on Friday asked IRS lawyers to assist in creating an ""omnibus"" agreement with other federal agencies that would allow a broad swath of federal officials to cross-reference benefits rolls with taxpayer data.",,,#<Source:0x000000011fe3e340>,The Washington Post,,"Sam Corcos, Gavin Kliger","",IRS
2025-02-28,2025-02-28,disruption,Tfm8WCy5,"After a journalist posts info that Jordan Wick's github profile is public, a staffer an NLRB notices a project of his named NxGenBdoorExtract. The name seems to indicate it's a tool for exfiltrating data from a sensitive NLRB system named NxGen.",,,#<Source:0x000000011fe3cd38>,WRVO News,,Jordan Wick,"",NLRB
2025-02-28,2025-02-28,official,KmPPf5LW,OPM quietly amends the Privacy Impact Assessment for its Government-Wide Email System (GWES) to remove declarations that responses are voluntary. This is after it had to concede that federal staff did not have to reply to the Five Things email because of the PIA.,,,#<Source:0x000000011fe3b730>,FedScoop,,"","",OPM
2025-02-28,2025-02-28,legal,SMxkBWdJ,Judge Alsup ruling in _AFL-CIO vs. OPM (N.D. Cal.)_ issues a temporary restraining order that termination of probationary workers at 6 agencies was unlawful and that they should be restored to work immediately.,,,#<Source:0x000000011fe3a0b0>,Court Document,3:25-cv-01780,"","",OPM
2025-02-28,2025-02-28,official,5KzocaBU,"Via email, SSA-05 at the DOGE team at SSA requests and receives approval from Leland Dudek to run a program to identify unrealistically old people in the SSA database. Scott Coulter is cc'ed on the approval.",,,#<Source:0x000000011fe38a58>,Court Document,1:25-cv-00596,"Scott Coulter, Leland Dudek, Cole Killian",SSA-05,SSA
2025-02-28,2025-02-28,disruption,M6gCSNxa,"USADF Managing Director of Finance Mathieu Zahui receives an email from White House Deputy Director of Personnel Trent Morse informing him the USADF is now ""boardless"" and naming Peter Marocco as acting chair. Zahui informs them that the appointment would require senate confirmation first.",,,#<Source:0x000000011fe37518>,Court Document,1:25-cv-00660,Trent Morse,"",USADF
2025-03-XX,2025-03-01,disruption,4ZZrgRGx,"Kyle Schutt and Edward Coristine repeatedly pressure staff over the next two months at DHS to use Grok, a chatbot from Elon Musk's xAI, despite the fact it had not been approved for use in the agency. A DHS spokesperson later denied the allegations.",,DOGE staff told DHS officials over the last two months to use Grok even though it had not been approved for use at the sprawling agency,#<Source:0x000000011fe35f38>,Reuters,,"Edward Coristine, Kyle Schutt","",DHS
2025-03-01,2025-03-01,disruption,oCmLwiJu,TTS administrator Thomas Shedd eliminates 90 members of 18F with a 1am firing email and locks them out of their machines,,,#<Source:0x000000011fe348e0>,NextGov,,Thomas Shedd,"",GSA
2025-03-01,2025-03-01,disruption,R36jiNmY,"Hours after the staff is hit with the RIF email, the DNS entry for 18F.gsa.gov is removed",,,#<Source:0x000000011fe33350>,18F,,"","",GSA
2025-03-XX,2025-03-01,access,3NJpZuhN,"In a response to a Trump EO on tracking grant, the DOGE team is granted approval by HHS CIO Clark Minor to build an API to retrieved data from the Payment Management System system.",,deposition by Jennifer Wendel on 4/08,#<Source:0x000000011fe31c58>,Court Document,1:25-cv-00339,Clark Minor,"",HHS
2025-03-XX,2025-03-01,disruption,3x1dbLva,"Several days after meeting with lobbyists from the tax software prep industry's Free File Inc. coalition led by Intuit, Sam Corcos abruptly reverses his prior course and makes the case to Treasury Secretart Scott Bessent that the IRS' Direct File program for free tax filing should be shut down.",,,#<Source:0x000000011fe30678>,Wired Magazine,,Sam Corcos,"",IRS
2025-03-01,2025-03-01,official,LPZ7jQ9g,"All government employees receive a second email telling them they must list their accomplishments every Monday by 11:59pm. This does not contain a threat of termination, but it is also no longer reported as an optional exercise. Staff working on confidential or classified activities are supposed to reply to the email but redact their work.",,,#<Source:0x000000011fe9f050>,National Public Radio,,"","",OPM
2025-03-(01)~,2025-03-01,sighting,72in3sZp,Gavin Kliger is reportedly spotted inside the headquarters for Voice of America.,,,#<Source:0x000000011fe9d980>,Axios,,Gavin Kliger,"",USAGM
2025-03-01,2025-03-01,report,hocQ5vQK,The Government Accountability Office (GAO) starts an audit of how DOGE has handled data at several agencies.,,Actual start date in March unknown,#<Source:0x000000011fe9c3f0>,Wired Magazine,,"","","DOL, Education, DHS, Treasury, SSA, OPM"
2025-03-02,2025-03-02,official,6GZYJl9P,"The night before the hearing for a preliminary injunction in _NTEU v. Vought_, Chief Legal Officer Mark Paoletta sends out an email to all staff telling them that they should have known all along that the stop work order wasn't meant to cover statutorily mandated work. This seems like a blatant attempt to spin the narrative and claim the agency has not been stopped from performing its statutory duties. In her later ruling, Judge Amy Berman Jackson describes this move as ""[insulting] the reader's intelligence when he feigns surprise that few employees were working.""",,,#<Source:0x000000011fe9acf8>,Court Document,1:25-cv-00381,"","",CFPB
2025-03-03,2025-03-03,access,4PyOz3TV,Jeremy Lewin is granted read access to the CMS Acquisition Lifestye Management System (CALM) which tracks CMS aquisitions and contracts.,,,#<Source:0x000000011fe99588>,Court Document,1:25-cv-00339,Jeremy Lewin,"",CMS
2025-03-03,2025-03-03,legal,6rKuMudb,"In a hearing for a preliminary injunction, Judge Amy Berman Jackson expresses fears that CFPB will be ""choked out of its very existence"" while the litigation progresses. Concerned with misleading answers from the admininistration's lawyers, she orders a evidentiary hearing in a week and continues the restraining order against layoffs.",,,#<Source:0x000000011fe97ff8>,Law and Crime,1:25-cv-00381,"","",CFPB
2025-03-03,2025-03-03,disruption,hZZSlAHP,The EPA takes its staff directory offline after it had been used to identify new political appointees and DOGE staffers that were detailed to the agency.,,,#<Source:0x000000011fe96900>,E&E News,,"","",EPA
2025-03-03,2025-03-03,access,ceaPKABV,"DOGE staff attempt to access NDNH, ""a system within a broader government database created to help enforce child support payments, which pulls a vast trove of information, including income data linked to nearly all workers,"" potentially as an alternative data source for the data they wanted to pull from the IRS. This attempt is refused by agency staff.",,,#<Source:0x000000011fe95280>,The Washington Post,,"","",HHS
2025-03-03,2025-03-03,disruption,BY87i4Uw,"The head of HR, Traci DiMartini, for the IRS is placed on administrative leave reportedly for refusing to bring in employees over the weekend to onboard Sam Corcos outside of the usual hiring processes and schedule.",,,#<Source:0x000000011fe93bd8>,The New Republic,,"","",IRS
2025-03-03,2025-03-03,sighting,YGXGph6H,A black SUV and police escort bring DOGE staff to the NLRB. The DOGE staff weren't introduced and didn't interact with IT staff directly.,,,#<Source:0x000000011fe92530>,Whistleblower Aid,,"","",NLRB
2025-03-03,2025-03-03,access,JX2L2qyH,"The NLRB Assistant CIO conveys instructions that there are to be no logs or records made of accounts that are created for DOGE staff and they are to be given ""tenant""-level accounts with read/write/admin for all systems as part of their auditing work. This level of access exceed existing permissions that would normally be used by auditors.",,,#<Source:0x000000011fe90fc8>,Whistleblower Aid,,"","",NLRB
2025-03-03,2025-03-03,sighting,o7wBfLA8,DOGE lawyer Joshua Hanley's name appeared in PDF metadata of grant cancellations sent out by the NIH to two researchers working on LGBTQ+-related scientific work.,,,#<Source:0x000000011f11f920>,Inside Medicine,,Joshua Hanley,"",NIH
2025-03-03,2025-03-03,report,3W8Pu6iy,"Defying the White House, USADF board member Ward Brehm is elected by the existing board of the USADF as President/CEO of USADF.",,,#<Source:0x000000011f11e200>,Court Document,1:25-cv-00660,"","",USADF
2025-03-04,2025-03-04,offboard,TwWSFLuZ,Luke Farritor officially offboards from the CFPB and all of his system access is revoked. The reason given is that his detail had ended.,,,#<Source:0x000000011f11c9a0>,Court Document,1:25-cv-00339,Luke Farritor,"",CFPB
2025-03-04,2025-03-04,onboard,3adk09oY,Jordan Wick is converted from a detailee to a full employee of the CFPB. This is in accordance with a DOGE strategy to avoid disclosure in _CREW v. DOGE_ by moving DOGE staff into other agencies.,,,#<Source:0x000000011f11b2a8>,Court Document,1:25-cv-00339,Jordan Wick,"",CFPB
2025-03-04,2025-03-04,onboard,4MvgPxU8,A Forbes article identifies Justin Fulcher as one of the DOGE staffers in the Pentagon and questions the veracity of his entrepeneurial background.,,,#<Source:0x000000011f119bd8>,Forbes Magazine,,Justin Fulcher,"",DOD
2025-03-04,2025-03-04,disruption,2kfvoFQv,DOGE boasts in a tweet that 27% more water was released by the Bureau of Reclamation in February compared to January (unclear if this adjusts for different lengths of months).,,,#<Source:0x000000011f118530>,X.com,,"","",DOI
2025-03-04,2025-03-04,official,4Yfmasz5,"Erica Jehling pushes for the cancellation of 21 grants at the EPA to reduce greenhouse gas emissions in construction materials, so that she can post a tweet on the EPA X.com account to celebrate it. She cc's Kathryn Armstrong Loving on her emails coordinating the cancellations.",,,#<Source:0x000000011f116d48>,Court Document,2:25-cv-02152,"Erica Jehling, Kathryn Armstrong Loving","",EPA
2025-03-04,2025-03-04,directory,MaJRwgfZ,"Wired reports that some DOGE staff (Kyle Schutt, Nate Cavanaugh) are being paid as full-time GSA employees, but other staff are listed as volunteers for that agency.",,,#<Source:0x000000011f1155b0>,Wired Magazine,,"Nate Cavanaugh, Edward Coristine, Luke Farritor, Derek Geissler, Nicole Hollander, Kyle Schutt, Ethan Shaotran","",GSA
2025-03-04,2025-03-04,disruption,kdrdnrsa,Peter Marocco announces himself to staff at IAF as President/CEO. He then begins immediately dismantling all contracts and places all staff on administrative leave for 30 days to prevent them from interfering or monitoring DOGE's actions at the agency.,,,#<Source:0x000000011f113df0>,Court Document,1:25-cv-00778,Peter Marocco,"",IAF
2025-03-04,2025-03-04,disruption,XfnndZuf,DOGE brags on its X account that the Inter-American Foundation (IAF) has been reduced to a single employee.,,,#<Source:0x000000011f112748>,X.com,,"","",IAF
2025-03-04,2025-03-04,disruption,3od3PFqF,DOGE takes the Inter-American Foundation's website offline.,,,#<Source:0x000000011f110f88>,Court Document,1:25-cv-00778,"","",IAF
2025-03-04,2025-03-04,disruption,7jnfoDik,Peter Marocco sends emails to all grantees terminating all of IAF's existing grants except for a single one that was almost completely disbursed by that point.,,,#<Source:0x000000011e7da4a0>,Court Document,1:25-cv-00778,Peter Marocco,"",IAF
2025-03-04,2025-03-04,disruption,FcsxtUH6,"NLRB network staff notice the existence of an anomalous container on their network that could be performing unauthorized actions. Its storage tokens have been expired, deterring analysis of what resources it might have accessed.",,,#<Source:0x000000011e7b72c0>,Whistleblower Aid,,"","",NLRB
2025-03-04,2025-03-04,official,TWrU2GNa,"In response to recent court rulings that determined that OPM exceeded its authority, OPM quietly revises its initial memo that required all federal agencies to send lists of probationary employees to the agency. It also downplays suggestions that the lists should be used for deciding staffing levels.",,,#<Source:0x000000011e738060>,Fierce Healthcare,,"","",OPM
2025-03-04,2025-03-04,sighting,n33reAGA,"In a meeting, Dudek stresses again that DOGE will make mistakes and also admits ""I am receiving decisions that are made without my input. I have to effectuate those decisions,"" suggesting DOGE is in charge at the agency.",,,#<Source:0x000000011e51ca38>,The Washington Post,,Leland Dudek,"",SSA
2025-03-04,2025-03-04,disruption,HBHAt2jo,USADF CFO Mathieu Zahui receives an email from Nate Cavanaugh informing him that Peter Marocco would be coming to the office the following day in his declared capacity as Chairman of the Board.,,,#<Source:0x000000011e518988>,Court Document,1:25-cv-00660,"Nate Cavanaugh, Peter Marocco","",USADF
2025-03-05,2025-03-05,access,3MdiqW9w,"Multiple DOGE staff (Edward Coristine, Marko Elez and Aram Moghaddassi) are granted access to the Healthcare Integrated General Ledger Accounting System (HIGLAS). This system tracks all payments made by Medicare, among other expenditures.",,,#<Source:0x000000011e515b70>,Court Document,1:25-cv-00339,"Edward Coristine, Marko Elez, Aram Moghaddassi","",CMS
2025-03-05,2025-03-05,access,4C16pcax,"Luke Farritor is granted read access to the Integrated Data Repository (IDR), a data warehouse of all Medicare claims.",,,#<Source:0x000000011e3efed0>,Court Document,1:25-cv-00339,Luke Farritor,"",CMS
2025-03-05,2025-03-05,access,6R6QCxBv,"A second wave of DOGE members detailed to HHS (Edward Coristine, Marko Elez and Aram Moghaddassi) are granted read access to the CMS Acquisition Lifestye Management System (CALM), which tracks CMS aquisitions and contracts",,,#<Source:0x000000011e3ed770>,Court Document,1:25-cv-00339,"Edward Coristine, Marko Elez, Aram Moghaddassi","",CMS
2025-03-05,2025-03-05,access,3vG5MUdU,"Edward Coristine, Zach Terrell, Aram Moghaddassi and Marko Elez are also granted read access to the Integrated Data Repository (IDR), a data warehouse of all Medicare claims.",,,#<Source:0x000000011e3e93c8>,Court Document,1:25-cv-00339,"Marko Elez, Aram Moghaddassi","",CMS
2025-03-05,2025-03-05,directory,C9H7QGC5,"The Intercept receives a list of 30 DOGE staffers working within the Executive Office of the President (EOP), including 4 lawyers previously not listed",,,#<Source:0x000000011e3e4cb0>,The Intercept,,"Justin Aimonetti, Ashley Boizelle, Edward Coristine, Steve Davis, Marko Elez, Luke Farritor, Joshua Fox, Joshua Hanley","",DOGE
2025-03-05,2025-03-05,legal,QCzD83nC,"From this date, detailing arrangements for DOGE staff are between the target agency and other agencies that have now hired DOGE staff, according to a declaration made by DOGE in AFL-CIO et al vs. Department of Labor. For instance, Jordan Wick became an employee of the CFPB instead of DOGE.",,,#<Source:0x000000011e3a95e8>,Court Document,1:25-cv-00339,"","",DOGE
2025-03-05,2025-03-05,onboard,j66RVh4p,"Business Insider reports Marko Elez, Aram Moghaddassi, and Miles B. Collins are new DOGE arrivals at Department of Labor.",,,#<Source:0x000000011e13be78>,Business Insider,,"Miles Collins, Marko Elez, Aram Moghaddassi","",DOL
2025-03-(05)~,2025-03-05,disruption,3FMvKeDT,"Peter Marocco names the remaining single employee not on admininstrative leave at the agency, the Chief Information Security Officer, as the new President of the Inter-American Foundation.",,,#<Source:0x0000000102fbb820>,Court Document,1:25-cv-00778,"","",IAF
2025-03-05,2025-03-05,disruption,BbaC77YN,NLRB network staff discover that a security tool for watching network traffic within their cloud environment was manually deactivated and was not logging the creation of new network nodes.,,,#<Source:0x000000011f59db00>,Whistleblower Aid,,"","",NLRB
2025-03-05,2025-03-05,disruption,ciCnnoWL,A NLRB network staffer notices a large spike in outgoing network traffic from their network with no corresponding incoming traffic (as might be the case for web traffic hitting the website). He also sees a surge in DNS requests which might be used to hide tunnels for stealing data.,,,#<Source:0x000000011f59a7c0>,Whistleblower Aid,,"","",NLRB
2025-03-05,2025-03-05,disruption,5XqG48jY,Nate Cavanaugh sends Ward Brehm an email demanding to know by what authority he is the President/CFO of USADF.,,,#<Source:0x000000011f597340>,Court Document,1:25-cv-00660,Nate Cavanaugh,"",USADF
2025-03-05,2025-03-05,disruption,7QXxV37g,Jacob Altik and Ethan Shaotran are rebuffed by agency leadership when attempting to enter the agency headquarters.,,,#<Source:0x000000011f594078>,The Daily Beast,1:25-cv-00660,"Jacob Altik, Ethan Shaotran","",USADF
2025-03-05,2025-03-05,official,4BC649hy,"Complying with the demands in EO 14217, USIP leadership submits a letter to OMB asserting that USIP is an independent nonprofit organization, not a federal agency and that the measures in the executive order do not apply.",,,#<Source:0x000000011f590b30>,Court Document,1:25-cv-00804,"","",USIP
2025-03-06,2025-03-06,disruption,MqbymWLE,"The Engineering Director of USDS publicly resigns in protest, stating ""this is not the mission I joined.""",,,#<Source:0x000000011f53d4a8>,Cloudbrain,,"","",DOGE
2025-03-06,2025-03-06,disruption,J7wz934t,TTS Commissioner Thomas Shedd says in a statement that he expects the Technology Transformation Service will be 50% smaller within weeks.,,,#<Source:0x000000011f539d80>,The Atlantic,,Thomas Shedd,"",GSA
2025-03-06,2025-03-06,disruption,AwZqKm8V,NLRB network staff an account a DOGE-specific name `DogeSA_2d5c3e0446f9@nlrb.microsoft.com` that was recently created and then deleted. It seems to have been configured to allow automated scripts to access NLRB's cloud.,,,#<Source:0x000000011f538110>,Whistleblower Aid,,"","",NLRB
2025-03-06,2025-03-06,disruption,h7dbfrDa,"After various users reported login problems to the service desk, networking staff at NLRB discover that certain conditional access policies had been updated without their awareness. This change was later confirmed to not be the result of any scheduled maintenance.",,,#<Source:0x000000011f536ab8>,Whistleblower Aid,,"","",NLRB
2025-03-06,2025-03-06,disruption,moEAf65R,DOGE staff Jacob Altik and Ethan Shaotran return to the agency joined by Nate Cavanaugh and US marshals to force their way into the agency.,,,#<Source:0x000000011f5354b0>,The Daily Beast,,"Jacob Altik, Nate Cavanaugh, Ethan Shaotran","",USADF
2025-03-07,2025-03-07,report,dadXjzXN,DOGE rolls out a custom GSAi custom chatbot in a trial for 1500 workers.,,,#<Source:0x000000011f533ef8>,Wired Magazine,,"","",GSA
2025-03-07,2025-03-07,disruption,E8dm99Qt,Networking staff at NLRB discovered that 3 Github libraries were downloaded in the prior 30 days by DOGE staff at the agency which could be used for scraping high volumes of data and obscuring the source requests.,,,#<Source:0x000000011f5328a0>,Whistleblower Aid,,"","",NLRB
2025-03-07,2025-03-07,disruption,7dYjooeh,"Networking staff at NLRB makes a determination that 10GB of data was likly exfiltrated from the NxGen case management system and then outwards from NLRB. Given that this volume of data is likely compressed, it could represent an even larger amount of source data stolen.",,,#<Source:0x000000011f531310>,Whistleblower Aid,,"","",NLRB
2025-03-07,2025-03-07,official,62L1c5Ar,"After political blowback causes SSA to reverse its decision to cancel some contracts for the state of Maine, Leland Dudek posts an offical apology claiming it was his decision to cancel the contracts. This is a deliberate misdirection from DOGE's role in the action.",,,#<Source:0x000000011f3dee18>,Social Security Administration,,"","",SSA
2025-03-08,2025-03-08,disruption,8SdCKCzM,"The federal staff who objected to DOGE getting access to NDNH are ""no longer with the agency""",,,#<Source:0x000000011f3d6948>,The Washington Post,,"","",HHS
2025-03-08,2025-03-08,sighting,8DQvc2a6,USIP President George Moose becomes aware that DOGE is conducting some sort of reconnaisance with respect to USIP's security operations and the contractor who handles physical security at their building.,,,#<Source:0x000000011f3d00c0>,Court Document,1:25-cv-00804,"","",USIP
2025-03-09,2025-03-09,disruption,3hmKgSFY,"After receiving inquiries from the DOGE staff, the head of USIP security emailed them information about the private security firm that manages access to the HQ building.",,,#<Source:0x000000011f05e7e8>,Court Document,1:25-cv-00804,"Jacob Altik, James Burnham, Nate Cavanaugh","",USIP
2025-03-10,2025-03-10,legal,9mT2W8db,U.S. District Judge Christopher Cooper demands that DOGE should reponse to discovery order in a court case with a rolling release of documents to commence within weeks.,,,#<Source:0x000000011f05d000>,Politico,1:25-cv-00511,"","",DOGE
2025-03-10,2025-03-10,directory,HNDWiEsL,Elon Musk claims there are about 100 DOGE staffers and shares that he has plans to double to 200. He also claims they are working in every federal agency within the government.,,,#<Source:0x000000011f05b840>,NBC News,,"","",DOGE
2025-03-10,2025-03-10,onboard,gpJzqYTy,The Trump Administration nominates Kenneth Jackson and Russell Vought to be on the board of the IAF.,,,#<Source:0x000000011f05a058>,The US Senate,,"Kenneth Jackson, Russell Vought","",IAF
2025-03-(10)~,2025-03-10,disruption,1CBgjoor,DOGE staff meet with career officials at NIH and are adamant that 3000 positions should be terminated. The number does not appear to be derived from any analysis or consultation with NIH senior leadership for what a responsible staffing reduction might be.,,,#<Source:0x000000011f058820>,Court Document,1:25-cv-01750,"","",NIH
2025-03-10,2025-03-10,oversight,MZdm5f9r,The OPM Inspector General responds to questions from Democrats in Congress by stating his office will start investigating DOGE's email server and its IT practices at the agency.,,,#<Source:0x000000011f057060>,FedScoop,,"","",OPM
2025-03-10,2025-03-10,onboard,fnPuKCNX,The Trump administration nominates Laken Rapier and Russell Vought to be on the board of the USADF.,,,#<Source:0x000000011f055878>,The US Senate,,Russell Vought,"",USADF
2025-03-11,2025-03-11,disruption,6hBRdYWA,"Eugene Vindman, a US Representative and former whistleblower against Trump, reports being repeatedly contacted by Clayton Cromer who identifies himself as an Executive Assistant US Attorney.",,,#<Source:0x000000011f054180>,MSN,,Clayton Cromer,"",DOJ
2025-03-11,2025-03-11,disruption,Z4dqQQ9k,"NLRB networking staff notice another surge in system utilization for the NxGen system. This coincides with multiple attempts to connect to the system from an IP address in Russia. Alarmingly, the Russian access is attempting to use an account that was created only 15 minutes earlier by DOGE engineers at the agency.",,,#<Source:0x000000011f052a38>,Whistleblower Aid,,"","",NLRB
2025-03-12,2025-03-12,legal,Vfm7HbS4,US District Judge Tanya Chutkan issues an order giving DOGE and Elon Musk three weeks to comply with document discovery requests about its staffing and downsizing plans for agencies,,,#<Source:0x000000011f93fbc8>,Politico,1:25-cv-00429,"","",DOGE
2025-03-12,2025-03-12,sighting,2hcXx5ue,Several unidentified DOGE representatives are reportedly spotted working at DOJ,,,#<Source:0x000000011f93e2f0>,ABC News,,"","",DOJ
2025-03-12,2025-03-12,disruption,jH38H7KC,"Shelly C. Lowe, the chair of the National Endowment for the Humanities, is forced out of her position by President Trump.",,,#<Source:0x000000011f93cb08>,New York Times,,"","",NEH
2025-03-12,2025-03-12,disruption,6xNXvDgl,"Immediately after the removal of the agency's chair by the Trump administration, DOGE staffers Nate Cavanaugh and Justin Fox contact NEH IT for access to key systems.",,,#<Source:0x000000011f93b2a8>,Politico,,"Nate Cavanaugh, Justin Fox","",NEH
2025-03-12,2025-03-12,interagency,QZojvztE,"Elon Musk visits the National Security Agency (NSA) to meet with its top administrator, General Timothy Haugh",,,#<Source:0x000000011f939ae8>,The Wall Street Journal,,Elon Musk,"","NSA, DOGE"
2025-03-12,2025-03-12,directory,7mtGbnRJ,"In a sworn declaration, Florence Felix-Lawson notes ""the SSA DOGE Team currently consists of ten SSA employees: four SSA special government employees (Employees 1, 4, 6, and 9) and six detailees to SSA from other government agencies and offices (Employees 2, 3, 5, 7, 8, and 10)""",,,#<Source:0x000000011f9382d8>,Court Document,1:25-cv-00339,"Akash Bobba, Scott Coulter, Marko Elez, Antonio Gracias, Cole Killian, Jon Koval, Aram Moghaddassi, Nikhil Rajpal, Payton Rehling, Ethan Shaotran","SSA-01, SSA-02, SSA-03, SSA-04, SSA-05, SSA-06, SSA-07, SSA-08, SSA-09, SSA-10",SSA
2025-03-12,2025-03-12,disruption,THR2ZpQK,"Multiple SSA employees told ProPublica, their tech systems now seem to be crashing nearly every day, leading to more delays in serving beneficiaries.",,,#<Source:0x000000011f936bb8>,Pro Publica,,"","",SSA
2025-03-13,2025-03-13,official,9vZuxTFv,"Attorney General Pam Bondi announces she is forming a ""JUST DOGE"" team to look at restructuring the agency and its subsidiaries.",,,#<Source:0x000000011f935380>,ABC News,,"","",DOJ
2025-03-13,2025-03-13,oversight,HmeSHoe6,46 former GSA executives write an open letter decrying the damage that DOGE has done to the agency.,,,#<Source:0x000000011f933af8>,Federal News Network,,"","",GSA
2025-03-13,2025-03-13,directory,oTHjD2hg,"As later reported in a declaration in _AFL-CIO et al. vs. Department of Labor_, HHS employee Mark Samburg finds DOGE staff at the agency listed in an online directory as Executive Engineers (and Rachel Riley as a Senior Advisor).",,,#<Source:0x000000011f932248>,Court Document,1:25-cv-00339,"Edward Coristine, Marko Elez, Luke Farritor, Aram Moghaddassi, Rachel Riley","",HHS
2025-03-13,2025-03-13,disruption,ZTm4qbrC,"The acting chief counsel of the IRS, William Paul, is removed from his role and replaced by Andrew De Mello, who is seen as more supportive of DOGE's work at the agency.",,,#<Source:0x000000011f8dfca0>,CBS News,,"","",IRS
2025-03-13,2025-03-13,disruption,brAMUrRM,NLRB networking staff detect another large transfer of data from NLRB systems to an external endpoint.,,,#<Source:0x000000011f8d6f60>,Whistleblower Aid,,"","",NLRB
2025-03-13,2025-03-13,directory,fPNqSkT8,Wired reports that 10 DOGE staffers are currently visible in the Microsoft Teams directory of all employees at SSA,,,#<Source:0x000000011f85d7a0>,Wired Magazine,,"Akash Bobba, Scott Coulter, Marko Elez, Luke Farritor, Antonio Gracias, Cole Killian, Jon Koval, Nikhil Rajpal, Payton Rehling, Ethan Shaotran","",SSA
2025-03-13,2025-03-13,official,VpxRy6SM,"Postmaster General Louis DeJoy sends a letter to Congress informing he has signed an agreement with GSA and DOGE to eliminate 10,000 jobs at the agency. He also explicitly authorized DOGE to only work with his agency on matters related to USPS retirement plans, workers compensation costs, congressional liaisoning regarding costs incurred by legislative mandates, reforms to its regulatory requirements, retail lease renewals, business opportunities with other federal agencies and counterfeit postage.",,,#<Source:0x000000011f8559b0>,The Associated Press,,"","",USPS
2025-03-14,2025-03-14,access,vfRpqtC4,"ProPublica reports that a DOGE detailee at NASA Scott Coulter has ""wide access to internal databases at NASA.""",,,#<Source:0x000000011f0df758>,Pro Publica Projects,,Scott Coulter,"",NASA
2025-03-14,2025-03-14,directory,FHj3Dgcw,A Business Insider article reports that Alexander Simonpour has shown up at NASA and also has a GSA address (meaning he was likely detailed from the GSA). Riley Sennott and Scott Coulter also are listed in the NASA online directory.,,,#<Source:0x000000011f0de0d8>,Business Insider,,"Scott Coulter, Riley Sennott, Alexander Simonpour","",NASA
2025-03-14,2025-03-14,access,SYJpQj5D,"Leland Dudek grants approval for SSA-05 to run the proposed tool for modifying the death data records to eliminate implausibly old people. DOGE was convinced these data errors were a massive source of fraud, despite evidence to the contrary from SSA staff and concerns that correcting the data would be a waste of time.",,,#<Source:0x000000011f0dcaa8>,Court Document,1:25-cv-00596,Cole Killian,SSA-05,SSA
2025-03-14,2025-03-14,disruption,aqE3KGWn,Various members of the USIP board report receiving emails from the White House saying they are terminated from their positions.,"sender isn't named, but assuming it's Trent Morse.",,#<Source:0x000000011f0db450>,Court Document,1:25-cv-00804,Trent Morse,"",USIP
2025-03-14,2025-03-14,disruption,HQEKVVXw,"DOGE members Kenneth Jackson, Jacob Altik and Nate Cavanaugh show up at USIP building with 2 other people who claim to be FBI agents. They are refused entry. The DOGE delegation attempts to present a document firing the USIP president.",,,#<Source:0x000000011f0d9d58>,The Washington Post,,"Jacob Altik, Nate Cavanaugh, Kenneth Jackson","",USIP
2025-03-14,2025-03-14,official,2SuEXjcm,"Trump issues a new executive order EO 14238 targeting the Federal Mediation and Conciliation Service, the United States Agency for Global Media (parent of VOA, the Woodrow Wilson International Center for Scholars in the Smithsonian Institution, the Institute of Museum and Library Services, the United States Interagency Council on Homelessness, the Community Development Financial Institutions Fund and the Minority Business Development Agency for reduction actions by DOGE.",,,#<Source:0x000000011f0d8610>,Executive Office of the President,,"","","IMLS, MBDA, FMCS, USAGM, WWICS"
2025-03-15,2025-03-15,disruption,4hiplHwp,"In response to Trump's second executive order against independent agencies (EO 14238), virtually the entire staff of Voice of America (more than 1300 people) are placed on indefinite admininstrative leave.",,,#<Source:0x000000011f0d6d60>,Politico,,"","",USAGM
2025-03-15,2025-03-15,disruption,2gnayKDY,"In response to Trump's executive order targeting independent agencies, Trump's senior advisor at the agency, Kari Lake, sends out termination notices for all grants to Radio Free Europe/Radio Liberty, Radio Free Asia and the Middle East Broadcasting Networks. It is unclear if she has the authority to issue such terminations.",,,#<Source:0x000000011f0d54b0>,National Public Radio,,"","",USAGM
2025-03-16,2025-03-16,disruption,fq2CQ8JW,"Two FBI agents visited a senior USIP security official at his home unannounced to ask about gaining entry to the building, possibly through pressuring the the Institute's security contractor",,,#<Source:0x000000011f0d3ca0>,Court Document,1:25-cv-00804,"","",USIP
2025-03-16,2025-03-16,disruption,aGS3jz8M,"The Chief of the Criminal Division of the U.S. Attorney's Office for the District of Columbia, Johnathan Hornok, and two FBI special agents call USIP's outside counsel, Mr. Foote, on the phone stating that they had suspicion of criminal behavior occuring at USIP.",,,#<Source:0x000000011f0d2490>,Court Document,1:25-cv-00804,"","",USIP
2025-03-16,2025-03-16,disruption,VQeFmzx2,"Concerned that private contracting staff might be coerced by DOGE, the Chief Security Officer suspends the contract for building security contractor Inter-Con after being contacted by the FBI agents on the phone.",,,#<Source:0x000000011f0d0b90>,Court Document,1:25-cv-00804,"","",USIP
2025-03-16,2025-03-16,disruption,L3bniPgw,"At 6pm, all Inter-Con staff are removed from the building, all keycard access is revoked and all physical keys accounted for except for a single one held by the Inter-Con account manager for USIP",,,#<Source:0x000000011f0bf368>,Court Document,1:25-cv-00804,"","",USIP
2025-03-17,2025-03-17,access,c2iTWFbX,The Enterprise Data Warehouse (EDW) team at Social Security discovers that DOGE's access to the EDW was not authorized through the standard process.,,,#<Source:0x000000011f0bdb30>,Government Accountability Project,,"","",SSA
2025-03-17,2025-03-17,disruption,aCSPino3,"At 2:30pm, the Inter-Con account manager and employees attempt to enter the building with key cards and are denied. They then use the single physical key still in their possession to enter the building.",,,#<Source:0x000000011f0bc398>,Court Document,1:25-cv-00804,"","",USIP
2025-03-17,2025-03-17,disruption,i2mnVSPK,"At 2:59pm, the USIP Security Chief calls DC police and institutes a high-level lockdown for the building. He observes with the security cameras that DOGE staff are attempting to gain entry on various doors.",,,#<Source:0x000000011f0bab60>,Court Document,1:25-cv-00804,"","",USIP
2025-03-17,2025-03-17,disruption,Wn9hmCbb,"Asked by USIP leadership on why they are assisting DOGE in accessing the building, the Vice President of Inter-Con concedes that DOGE threatened to cancel every single one of their federal contracts if they didn't comply.",,,#<Source:0x000000011f0b9328>,Court Document,1:25-cv-00804,"","",USIP
2025-03-17,2025-03-17,disruption,9A3FaYQB,USIP President George Moose reports being present when four Inter-Con employees entered the USIP building without permission.,,,#<Source:0x000000011f0b7af0>,Court Document,1:25-cv-00804,"","",USIP
2025-03-17,2025-03-17,disruption,4ySjWC8N,USIP President George Moose is escorted out of the building by DC police who entered with DOGE at 5:30pm to eject the USIP staff and leadership.,,,#<Source:0x000000011f0b62b8>,Court Document,1:25-cv-00804,"","",USIP
2025-03-17,2025-03-17,disruption,6itXQAa6,"DOGE members Kenneth Jackson, Jacob Altik and Nate Cavanaugh remove staff and president of the USIP with the help of Office of the U.S. Attorney for the District of Columbia, the FBI and D.C. police",,,#<Source:0x000000011f0b4b20>,The Washington Post,,"Jacob Altik, Nate Cavanaugh, Kenneth Jackson","",USIP
2025-03-17,2025-03-17,access,nEGenYbj,Various USIP staff report receiving messages from DOGE staff asking them for employee lists and access to computer systems at the agency.,,,#<Source:0x000000011f0b33d8>,Court Document,1:25-cv-00804,"","",USIP
2025-03-18,2025-03-18,legal,bhuqN8P5,"In a ruling in _J. Doe 1-26 v. Musk (D. Md)_, Judge Theodore D. Chuang declares that evidence shows that Elon Musk was effectively running DOGE without being formally appointed to the role.",,,#<Source:0x000000011f0b1c18>,Court Document,8:25-cv-00462,"","",DOGE
2025-03-18,2025-03-18,official,RFCHUNhk,"In an unsigned email response to the Intercept Media, DOGE claims it is within the Executive Office of the President and thus not subject to FOIA.",,,#<Source:0x000000011f0b03e0>,Court Document,1:25-cv-02404,"","",DOGE
2025-03-18,2025-03-18,report,nVYe38Fq,"Notes from a meeting at DOL about DOGE access state ""they do not have write access. They have asked; we've held them at bay. We've tried to get them to tell us what they want & then we do it. They only have read access""",,,#<Source:0x000000011fafeae0>,Wired Magazine,,"","",DOL
2025-03-18,2025-03-18,onboard,20cqZoQi,"Tarak Makecha, Jordan Wick and Jacob Altik are onboarded at the FCC. Jordan and Jacob are detailees while Tarak is listed as a consultant offering his services for free.",,,#<Source:0x000000011fafd280>,Frequency Forward,,"","",FCC
2025-03-18,2025-03-18,legal,QmyxpRJR,"A lawyer for the plaintiffs accuses the Department of Justice of deliberately misrepresenting Jacob Altik's participation in the defense ""perhaps to preserve the illusion that OPM's counsel were ignorant of what OPM was doing with the Government-Wide Email System, or perhaps to obscure the role of DOGE and the White House in this case.""",,,#<Source:0x000000011fafbac0>,FedScoop,1:25-cv-00234,Jacob Altik,"",OPM
2025-03-18,2025-03-18,interagency,3lwvzoQN,"A senior policy strategist at the White House relays a ""Stephen request"" (meaning Stephen Miller) that ""POTUS wants to see more action against universities."" Included in the initial coordination is GSA Federal Acquisition Service (FAS) Commissioner Josh Gruenbaum. He becomes involved with figuring out grants from multiple agencies to cut for both University of Pennsylvania and San Jose State University, because they had allowed trans athletes to participate in sports. This is very much not his area of responsibility at the GSA, but he is on the  Task Force to Combat Antisemitism which stripped funding from Columbia Univesity.",,,#<Source:0x000000011fafa300>,NOTUS,,Josh Gruenbaum,"","EOP, GSA"
2025-03-19,2025-03-19,directory,j8dSpHp3,"In another sworn statement, Amy Gleason declares ""every member of an agency's DOGE Team is an employee of the agency or a detailee to the agency."" She does later clarify that some are detailed from USDS but also claims they report to agency heads. She also reports that USDS has approximately 79 directly appointed employees and 10 employees detailed from other agencies.",,,#<Source:0x000000011faf8988>,Court Document,1:25-cv-00511,Amy Gleason,"",DOGE
2025-03-19,2025-03-19,onboard,mZDXKZv5,DOGE has reportedly hired Adam Hoffman to work on national security related projects. It is unclear if he is working directly for DOGE or is formally hired at another agency.,,,#<Source:0x000000011faf7268>,Bloomberg Government,,Adam Hoffman,"",DOGE
2025-03-19,2025-03-19,report,QL984GQg,"Marko Elez affirms he has completed his mandatory privacy training at the Department of Labor. This would normally be required before any system access, but he has been at the agency for several weeks.",,,#<Source:0x000000011faf5ad0>,Court Document,1:25-cv-00339,Marko Elez,"",DOL
2025-03-19,2025-03-19,report,CL9N6tJ2,"GSA hosts a deep-background media briefing to demo its GSAi tool with invitations sent to reporters from Bloomberg, The Atlantic, and Fox among other media organizations.",,,#<Source:0x000000011faf4388>,Wired Magazine,,"","",GSA
2025-03-19,2025-03-19,sighting,MGBmJGfA,IMLS staff learn that DOGE is planning to visit their headquarters following day; most make plans to attend as a show of solidarity.,,,#<Source:0x000000011faf2b78>,ArtNet News,,"","",IMLS
2025-03-19,2025-03-19,disruption,bw2Rw3Hj,NLRB networking staff observe a spike in billing records from their cloud provider which are seemingly related to systems that are no longer in operation. These likely indicate resources that were short-lived or deleted to cover up tracks.,,,#<Source:0x000000011faf13b8>,Whistleblower Aid,,"","",NLRB
2025-03-19,2025-03-19,access,Pej3DDWx,"Leland Dudek approves access for ""Employee 9"" of the DOGE team at SSA to view some additional schemas in the PSSNAP database of Social Security Applications conducted over the phone.",,Name redacted in court filing,#<Source:0x000000011fadfc08>,Court Document,1:25-cv-00596,Payton Rehling,SSA-09,SSA
2025-03-19,2025-03-19,official,DnzAaqdz,"Peter Marocco says that he will be succeeded at the agency by Jeremy Lewin and Kenneth Jackson, serving in deputy roles.",,,#<Source:0x000000011fade588>,New York Times,,"Kenneth Jackson, Jeremy Lewin, Peter Marocco","",USAID
2025-03-19,2025-03-19,disruption,ERdvx9PE,DOGE-affiliated staff start removing interior signage from the USIP building.,,,#<Source:0x000000011fadce18>,Bluesky,,"","",USIP
2025-03-19,2025-03-19,legal,M4hzjE85,"Judge Beryl Howell presides over an emergency hearing, but doesn't grant USIP a temporary restraining order against DOGE's takeover of the agency.",,,#<Source:0x000000011fadb630>,Bluesky,1:25-cv-00804,"","",USIP
2025-03-19,2025-03-19,interagency,3zJD3Nlx,"During a discussion on how to strip grants from the University of Pennsylvania and San Jose State, GSA FAS Commissioner Josh Gruenbaum sends an email to coordinate grant freezes from DOD, DHS and the EPA. He includes DOGE staffers Kyle Schutt, Adam Hoffman and Kathryn Armstrong Loving as the recipients of these requests.",,,#<Source:0x000000011fad9da8>,NOTUS,,"Josh Gruenbaum, Adam Hoffman, Kathryn Armstrong Loving, Kyle Schutt","","GSA, DOD, DHS, EPA"
2025-03-20,2025-03-20,legal,bvMjErqQ,"In a response to the court order by Judge Cooper in CREW v. DOGE, the government estimates it would need to produce 105,403 documents in response to the CREW FOIA requests",,,#<Source:0x000000011fad8660>,Court Document,1:25-cv-00511,"","",DOGE
2025-03-20,2025-03-20,official,V6ZVi48F,"President Trump issues an executive order demaning that agency heads must share all access to any unclassified datasets ""related to the identification and elimination of waste, fraud, and abuse."" This is potentially in violation of the Privacy Act, so the order leaves it to individual agency staff to determine what sharing is allowed ""to the maximum extent consistent with law.""",,,#<Source:0x000000011fad6e50>,Executive Office of the President,,"","",DOGE
2025-03-20,2025-03-20,official,Hh8waXmD,"Trump issues an executive order EO 14243 which explicitly includes an instruction that ""the Secretary of Labor and the Secretary's designees shall receive, to the maximum extent consistent with law, unfettered access to all unemployment data and related payment records, including all such data and records currently available to the Department of Labor's Office of Inspector General.""",,,#<Source:0x000000011fad55f0>,Executive Office of the President,,"","",DOL
2025-03-20,2025-03-20,report,fSuPuFSV,Stephen Ehikian claims during an all-hands meeting that there is nobody from DOGE working at the agency. This is met with widespread ridicule by staff who know about the secured DOGE floor.,,,#<Source:0x000000011fad3db8>,Federal News Network,,Stephen Ehikian,"",GSA
2025-03-20,2025-03-20,directory,8PXutJ5n,"Wired Magazine list DOGE staff stationed within GSA, all of whom were listed on GSA payroll on March 20, the same day Stephen Ehikian claimed there were no DOGE staff in the agency.",,"Coristine, Shaotran, Hollander, and Farritor are all listed as volunteer SGEs",#<Source:0x000000011fad2760>,Wired Magazine,,"Justin Aimonetti, Ashley Boizelle, Nate Cavanaugh, Edward Coristine, Luke Farritor, Nicole Hollander, Jeremy Lewin, Kyle Schutt, Riley Sennott, Thomas Shedd","",GSA
2025-03-20,2025-03-20,sighting,nTUfmAV8,DOGE arrives at IMLS HQ and are startled to find most of the staff there. The DOGE representatives quickly swear in Keith Sonderling as acting director of IMLS and then leave.,,,#<Source:0x000000011fad0f78>,ArtNet News,,Keith Sonderling,"",IMLS
2025-03-20,2025-03-20,official,4AvImwGO,"After being sworn in as the acting director of the IMLS, Keith Sonderling issues a statement that he ""will revitalize IMLS and restore focus on patriotism, ensuring we preserve our country's core values, promote American exceptionalism and cultivate love of country in future generations.""",,,#<Source:0x000000011fc7f838>,Institute of Museum and Library Services,,Keith Sonderling,"",IMLS
2025-03-20,2025-03-20,disruption,aUVDPFfS,"Access to purchase cards are restored at NIH for nonemergency purchases, but scientists face a huge backlog in processing orders for supplies.",,,#<Source:0x000000011fc7e118>,New York Times,,"","",NIH
2025-03-20,2025-03-20,official,LVXz3mXK,President Trump issues an executive order that orders OPM to redefine regulations so that it would give them more power to directly terminate employees at other agencies.,,,#<Source:0x000000011fc7c908>,Executive Office of the President,,"","",OPM
2025-03-20,2025-03-20,legal,6M6gitcg,"In a ruling for _AFL-CIO vs. SSA_, Judge Hollander grants a temporary restraining order enjoining DOGE from having any access to SSA systems or installing any software as well as ordering them to delete any data in their possession.",,,#<Source:0x000000011fc7b120>,Court Document,1:25-cv-00596,"","",SSA
2025-03-20,2025-03-20,disruption,4F9jgz4j,Leland Dudek threatens to shut down the entire Social Security Administration instead of complying with the order to block access for DOGE. He reportedly reaches this conclusion based on the advice of two unnamed senior DOGE leaders.,,,#<Source:0x000000011fc798c0>,New York Times,,Leland Dudek,"",SSA
2025-03-20,2025-03-20,disruption,cNrE379u,The USIP website is taken offline.,,,#<Source:0x000000011fc78218>,Bluesky,,"","",USIP
2025-03-21,2025-03-21,offboard,4q7ANp6B,"Nikhil Rajpal officially offboards from the CFPB, reportedly because his detail has ended. In a later court filing, CFPB reveals that he was not granted any system access nor did he perform any actions during his time at the CFPB.",,,#<Source:0x000000011fc76a58>,Court Document,1:25-cv-00339,Nikhil Rajpal,"",CFPB
2025-03-21,2025-03-21,sighting,PBBSfYH8,"Elon Musk arrives at the Pentagon for a meeting with leadership, reportedly to discuss DOGE's involvement at the agency.",,,#<Source:0x000000011fc75310>,The Washington Post,,Elon Musk,"",DOD
2025-03-21,2025-03-21,disruption,EfkJdKiY,"The Trump administration eliminates the DHS Office for Civil Rights and Civil Liberties and two ombudsman offices responsible for investigating allegations of abuse from immigrants. This also includes the CRCL program that was characterized as ""money laundering"" by DOGE staffer Kyle Schutt.",,,#<Source:0x000000011fc73bf0>,New York Times,,Kyle Schutt,"",DHS
2025-03-21,2025-03-21,disruption,1eyYnqUY,"Dorn Carranza, a HHS liasion for DOGE, sends an email at 11am asking for information ASAP on mission-critical systems at the FDA as well as regular status updates on the data collection. Because the FDA CIO was out of office at the time, her CISO hastily submitted a response with his own opinions. This seems to have been what guided RIF selection at FDA, without anybody at DOGE reviewing the information for accuracy.",,,#<Source:0x000000011fc724a8>,Court Document,1:25-cv-01750,"","",FDA
2025-03-21,2025-03-21,report,DpAi3d4K,"DOGE expands the GSAi chatbot rollout to more than 13,000 GSA employees who are underwhelmed by its capabilities and concerned about it being a priority.",,,#<Source:0x000000011fc70c70>,Wired Magazine,,"","",GSA
2025-03-21,2025-03-21,access,78mrZQrX,"Less than 24 hours after DOGE's access was revoked by the temporary restraining order, senior members of the EDW team receive emails ordering them to restore access for two members of the DOGE team. Furthermore, they were ordered to grant them additional expanded privileges.",,,#<Source:0x000000011fc5f330>,Government Accountability Project,,"","",SSA
2025-03-24,2025-03-24,legal,9nkR2HfU,"Ruling in _American Federation of Teachers et al v. Bessent et al_, Judge Boardman issues a preliminary injunction against to internal systems at the Departoment of Education by DOGE staff and the Acting Secretary where the justification for access was ""the DOGE agenda"" (i.e., all of them)",,,#<Source:0x000000011fc5db48>,Court Document,8:25-cv-00430,"","",Education
2025-03-24,2025-03-24,legal,Z7E6ai2u,"Ruling in _American Federation of Teachers et al v. Bessent et al_, Judge Boardman issues a preliminary injunction against DOGE access to internal systems at the Departoment of the Treasury where the justification for access was ""the DOGE agenda"" (i.e., all of them)",,,#<Source:0x000000011fc5c400>,Court Document,8:25-cv-00430,"Tom Krause, Ryan Wunderly","",Treasury
2025-03-24,2025-03-24,legal,FoSzFb5k,"Ruling in _American Federation of Teachers et al v. Bessent et al_, Judge Boardman issues a preliminary injunction against access by DOGE staff to internal systems at OPM by DOGE. However, he still allows access for DOGE-affiliated leadership at the agency including Charles Ezell, Amanda Scales and Greg Hogan.",,,#<Source:0x000000011fc5ad58>,Court Document,8:25-cv-00430,"Charles Ezell, Greg Hogan, Amanda Scales","",OPM
2025-03-24,2025-03-24,access,77hlovkP,"The Social Security Administration's Office of Information Security (OIS) revokes access for DOGE members again, restoring enforcement of the temporary restraining order.",,,#<Source:0x000000011fc59598>,Government Accountability Project,,"","",SSA
2025-03-24,2025-03-24,disruption,JwRuCtBS,Mike Russo is abruptly removed from his CIO position by the Trump administration. This is rumored to be retribution for complying quickly with the judicial ruling to remove DOGE access.,,,#<Source:0x000000011fc57d38>,The Washington Post,,Mike Russo,"",SSA
2025-03-24,2025-03-24,disruption,iLjg4Kvb,"Postmaster General DeJoy abruptly resigns, reportedly forced out by the Trump Administration",,,#<Source:0x000000011fc56668>,USA Today,,"","",USPS
2025-03-24,2025-03-24,sighting,6zWL2hm3,"Acting Postmaster General Doug Tulino met with the DOGE team embedded there (Ethan Shaotran and Alexander Simonpour), reportedly to discuss ethics rules.",,Listed as the day he was sworn in. That was March 24,#<Source:0x000000011fc54e30>,GovExec,,"Ethan Shaotran, Alexander Simonpour","",USPS
2025-03-(24)~,2025-03-24,disruption,YB29uMET,NLRB networking staff make a formal report to US-CERT at CISA of the suspicious activity they had detected from DOGE's activities at the agency.,Source mentions it was on or about this date,,#<Source:0x000000011fc53698>,Whistleblower Aid,,"","","NLRB, CISA"
2025-03-25,2025-03-25,disruption,ChWumxau,CDC claws back $11.4 billion in funds allocated to various state and community health departments for responding to the COVID-19 epidemic.,,,#<Source:0x000000011fc51e88>,NBC News,,"","",CDC
2025-03-25,2025-03-25,official,8rQqTtqy,"Within a large executive order (EO 14248) about voting, Trump orders DOGE ""to review each State's publicly available voter registration list and available records concerning voter list maintenance activities.""",,,#<Source:0x000000011fc506c8>,Business Insider,,"","",DOGE
2025-03-25,2025-03-25,official,kqJsJLcA,"President Trump issues an executive order mandating that all payments flow through Treasury that agencies must modify SORNs to share data with Treasury as ""routine use""",,,#<Source:0x000000011fd1ef28>,Executive Office of the President,,"","",Treasury
2025-03-25,2025-03-25,interagency,mrPV8r2V,"Nate Cavanaugh contacts the administrator of the GSA to propose transferring the USIP building to them, arguing that USIP won't need a building because the statute doesn't mandate it should have one or the staffing to fill it.",,,#<Source:0x000000011fd1d6f0>,Court Document,1:25-cv-00804,"Nate Cavanaugh, Stephen Ehikian","","USIP, GSA"
2025-03-25,2025-03-25,directory,ja9gwcUS,"Tech staffers and contractors noticed a new DOGE staffer, Sahil Lavingia, was pushing code to a repo in the VA's Github instance. He also appeared to be using an AI tool to write code. This later turns out to be code that is reviewing contracts to be terminated.",,,#<Source:0x000000011fd1be18>,Wired Magazine,,"Justin Fulcher, Jon Koval, Sahil Lavingia, Payton Rehling, Christopher Roussos, Cary Volpert","",VA
2025-03-25,2025-03-25,interagency,5SAkewbh,Kathryn Armstrong Loving and Erica Jehling continue to work directly with Josh Gruenbaum from the GSA on more grants to cancel at the EPA.,,,#<Source:0x000000011fd1a680>,Court Document,2:25-cv-02152,"Josh Gruenbaum, Erica Jehling, Kathryn Armstrong Loving","","GSA, EPA"
2025-03-(25)~,2025-03-25,interagency,CTZmHEIp,"At a meeting on data sharing, an official from ICE requests that the IRS should create a service where DHS staff could simply provide the names and states of potential targets and get a list of all applicable addresses. IRS lawyers are stunned by the possible illegality and continued pressure leads to a series of resignations among staff in legal, privacy and IT offices within the IRS.",,,#<Source:0x000000011fd18e98>,Pro Publica,,"","","IRS, ICE"
2025-03-(26)~,2025-03-26,directory,VDqi9Jgg,"In a later interview, Sahil Lavingia describes attending an ""E-meeting"" for DOGE that included Elon Musk but was essentially run by Steve Davis as well as two other Musk loyalists, Anthony Armstrong and Baris Akis. Baris Akis is notably not an employee of DOGE, since he is a foreign national and Musk was not granted a waiver to hire him.","date is given as ""late March,"" assuming a Wednesday bc others reported DOGE meetings during that time",,#<Source:0x000000011fd17520>,Wired Magazine,,"Baris Akis, Anthony Armstrong, Steve Davis, Elon Musk","",DOGE
2025-03-26,2025-03-26,directory,avfnFBSY,Politico publishes a list of 10 lawyers that it says are linked to DOGE.,,,#<Source:0x000000011fd15d10>,Politico,,"Daniel Abrahamson, Justin Aimonetti, Jacob Altik, Ashley Boizelle, James Burnham, Joshua Fox, Joshua Hanley, Keenan Kmiec, Jeremy Lewin, Noah Peters, Austin Raynor","",DOGE
2025-03-26,2025-03-26,disruption,akUHUm4h,"During his confirmation hearing, Frank Bisignano, the nominee to run the agency, confirms that he had coordinated with Michael Russo but denied a whistleblower report that he had ordered the appointment of other DOGE staff there.",,,#<Source:0x000000011fd145f0>,The Hill,,"Frank Bisignano, Leland Dudek, Mike Russo","",SSA
2025-03-27,2025-03-27,disruption,3iSCE7j5,"After being provided with access to FPPS, Stephanie Holmes raises concerns to DOI leadership that she has not yet been granted full admin access to FPPS. The agency CIO is concerned enough about the security implications that he will only allow it if the Secretary of the Interior signs off on a memo outlining the risks. Stephanie Holmes refuses to convey the message to Secretary Burgum.",,,#<Source:0x000000011fd12e58>,Public Employees for Environmental Responsibility,,Stephanie Holmes,"",DOI
2025-03-27,2025-03-27,legal,HDyeD2he,"In response to litigation about records keeping, DOGE submits a new records retention policy",,,#<Source:0x000000011fd11760>,Court Document,1:25-cv-00409,"","",DOGE
2025-03-27,2025-03-27,legal,PWv6ybwS,"DOGE provides an updated estimate of documents that would be subject to CREW's FOIA requests as 58,000 in total.",,,#<Source:0x000000011fe3fee8>,Court Document,1:25-cv-00511,"","",DOGE
2025-03-27,2025-03-27,interagency,6oE47sYI,"The EPA administrator's public calendar includes a ""Meeting w/ Elon Musk West Wing 221"" at 6:30pm. Musk reportedly did not attend.",,,#<Source:0x000000011fe3e6d8>,E&E News,,Elon Musk,"","EPA, DOGE"
2025-03-27,2025-03-27,official,2bWLrWRv,"HHS announces a large reorganization, reducing HHS from 28 to 15 divisions and eliminating 20,000 jobs (or 25% of total). The URL slug of the press release includes the word ""DOGE"" in it.",,,#<Source:0x000000011fe3cec8>,Department of Health and Human Services,,"","",HHS
2025-03-27,2025-03-27,disruption,iS2sD8AU,The Social Security Administration ends a Biden-era rule that limited clawbacks for overpayments to 10% per check (to prior policy of taking entire checks).,,,#<Source:0x000000011fe3b640>,CBS News,,"","",SSA
2025-03-27,2025-03-27,access,aympP8hu,"In a sworn declaration, Leland Dudek justifies access to PII in SSA records for SSA-01, SSA-05, SSA-08 and SSA-09 on the DOGE team. This access is granted through the SSA's Enterprise Data Warehouse (EDW) system. He asserts that DOGE staff are being granted only the minimum levels of schema access required.",,,#<Source:0x000000011fe39e58>,Court Document,,"Akash Bobba, Leland Dudek, Cole Killian, Nikhil Rajpal, Payton Rehling","SSA-01, SSA-05, SSA-08, SSA-09",SSA
2025-03-28,2025-03-28,sighting,dqDnwCxi,Michael Grimes conducts DOGE-style interviews with each member of the staff in the Chips Program Office. This group administers grants following the CHIPS and Science Act of 2022 (signed by Biden) to encourage semiconductor manufacturing in the US.,,,#<Source:0x000000011fe38800>,The Financial Times,,Michael Grimes,"",Commerce
2025-03-28,2025-03-28,legal,26OEuzWQ,"In a sweeping ruling, judge Amy Berman Jackson grants a preliminary injunction for the National Treasury Employees Union (NTEU) against Russell Vought, the acting CFPB director. In her ruling, she declares that it is plain that the administration intended to destroy the agency and she found significant parts of its testimony unreliable. In her injunction, she orders the admininistration must refrain from any firing any employee of the CFPB, restore any contracts that were in place before February 11th, reinstate all probationary employees that were fired, ensure that no agency data is deleted and rescind the stop-work order. It is immediately appealed by the administration.",,,#<Source:0x000000011fe37108>,Court Document,1:25-cv-00381,"","",CFPB
2025-03-28,2025-03-28,disruption,AGxssd5s,Tyler Hassen places the CIO and CISO at the Department of the Interior on admininstrative leave under investigation for raising alarm about DOGE's access and delaying Stephanie Holmes from having admin access to the FPPS system.,,,#<Source:0x000000011fe35718>,New York Times,,Tyler Hassen,"",DOI
2025-03-28,2025-03-28,interagency,e4rwFTP2,"After the CIO and CISO are sidelined, Gavin Kliger joins a call with Katrine Trampe to pressure a senior advisor in human resources at DOI to direct them to the system owner for FPPS.",,,#<Source:0x000000011fe34020>,Public Employees for Environmental Responsibility,,"Gavin Kliger, Katrine Trampe","","DOI, IRS"
2025-03-28,2025-03-28,report,RgFJHEtV,"During an interview, the head of HHS Robert F. Kennedy, Jr. reports that DOGE created the new organizational chart for the agency ahead of mass firings. He also claims ""we're not cutting scientists."" (fact check: misleading)",,,#<Source:0x000000011fe32798>,News Nation,,"","",HHS
2025-03-28,2025-03-28,disruption,7aQsK6pd,DOGE abruptly places 50 technologists working at the IRS on administrative leave. This is a common tactic used by DOGE to prevent federal staff from monitoring or checking DOGE's actions at the agencies and is often a precursor to firing them.,,,#<Source:0x000000011fe30f88>,Wired Magazine,,"","",IRS
2025-03-28,2025-03-28,action,4JJspL6C,"For reasons that aren't entirely clear, Amanda Scales is replaced as the Chief of Staff at OPM by James Sullivan. Amanda changes to a Senior Advisor position at the agency.","Amanda Scales reports on her LinkedIn that she left DOGE in March, so this might have been the cause",,#<Source:0x000000011fe1f760>,Court Document,1:25-cv-01237,"Amanda Scales, James Sullivan","",OPM
2025-03-28,2025-03-28,sighting,AhjDjwsS,SEC employees receive an email that the agency is beginning to onboard DOGE staff to review operations.,,,#<Source:0x000000011fe1df78>,Reuters,,"","",SEC
2025-03-28,2025-03-28,disruption,3DrSFVcp,"The SBA CIO, Marcus Alzona, who had been in the role for about a month, is abruptly removed from his position.",,,#<Source:0x000000011fe1c790>,FedScoop,,"","",SBA
2025-03-28,2025-03-28,disruption,jMMy9Nk9,Reports emerge that DOGE is planning to rewrite the entire COBOL codebase for Social Security to Java in months using generative AI,,,#<Source:0x000000011fe1af58>,Wired Magazine,,Steve Davis,"",SSA
2025-03-28,2025-03-28,disruption,dUcMFmWb,The Deputy CIO for Infrastructure/IT at SSA acknowledges an increased number of network crashes due to a newly-introduced fraud checking system created and rushed into production by DOGE.,,,#<Source:0x000000011fe19860>,The Washington Post,,"","",SSA
2025-03-28,2025-03-28,official,A7EUkX2p,"As part of an interview on Fox News, Aram Moghaddassi spreads an incorrect statistic that states 40% of all phones calls to SSA are from people committing fraud.",,,#<Source:0x000000011fe18118>,The Washington Post,,Aram Moghaddassi,"",SSA
2025-03-28,2025-03-28,disruption,8mDKCq9a,Almost all of the remaining 900 USAID employees are terminated by email from Jeremy Lewin with RIFs that will go into effect either in July or September.,,,#<Source:0x000000011fe16a48>,National Public Radio,,Jeremy Lewin,"",USAID
2025-03-28,2025-03-28,access,89o3v6YJ,"USCIS CIO William McElhaney sends a message to DHS Deputy Secretary asking them to review access that was granted to DOGE staffers Kyle Schutt, Edward Coristine, Aram Moghaddassi and Payton Rehling.",,,#<Source:0x000000011fe15378>,FedScoop,,"Edward Coristine, Aram Moghaddassi, Payton Rehling, Kyle Schutt","",USCIS
2025-03-28,2025-03-28,disruption,F84Anwi8,Almost all USIP HQ staff (200-300 people) receive termination notices sent late on a Friday night.,,,#<Source:0x000000011fe13bb8>,The Washington Post,,"","",USIP
2025-03-29,2025-03-29,legal,iDxrzxfp,"In a legal filing, the DOJ identifies 4 DOGE staffers - Edward Coristine, Marko Elez, Luke Farritor and Amy Gleason - as present at CMS. It omits the names of several other staffers with access to the CALM system.",,,#<Source:0x000000011fe123d0>,Court Document,1:25-cv-00339,"Edward Coristine, Marko Elez, Luke Farritor, Amy Gleason, Jeremy Lewin, Aram Moghaddassi, Zach Terrell","",CMS
2025-03-29,2025-03-29,official,UGT527xz,Federal staff at the DOD are sent an email offering them another chance for a deferred resignation if they enroll within the next week or so from the email.,,,#<Source:0x000000011fe10c88>,Department of Defense,,"","",DOD
2025-03-29,2025-03-29,access,c1sryptv,Stephanie Holmes and Katrine Trampe are given full admin access to the Federal Personnel Payroll System (FPPS) which handles the payroll processing for approximately half of the federal government.,,,#<Source:0x000000011fd9f588>,Public Employees for Environmental Responsibility,,"","",DOI
2025-03-29,2025-03-29,directory,KhdnaQWS,"In response to a discovery request made in _AFL-CIO vs. DOL_, the government provides an incomplete list of DOGE staff who have worked at HHS.",,,#<Source:0x000000011fd9ddc8>,Court Document,1:25-cv-00339,"Edward Coristine, Marko Elez, Luke Farritor, Amy Gleason, Kyle Schutt","",HHS
2025-03-29,2025-03-29,directory,2JU9Todn,"In a court declaration in _AFL-CIO vs. DOL_, counsel for the plaintiffs Alexa Milton provides the names of two DOGE staffers at HHS who were not included in the government's list of staffers provided as part of legal discovery.",,,#<Source:0x000000011fd9c6a8>,Court Document,1:25-cv-00339,"Conor Fennessy, Jeremy Lewin","",HHS
2025-03-30,2025-03-30,disruption,P7HBmdym,DOGE announces on X.com that it has made some changes to the loan application process at SBA to require a date of birth and to pause applications for certain age ranges. It's unclear how much actual fraud this might have prevented.,,,#<Source:0x000000011fd9b000>,Inc.,,"","",SBA
2025-03-30,2025-03-30,disruption,BETG9iZr,"At a town hall event in Wisconsin, Elon Musk and Antonio Gracias claim to have found fraud in the number of immigrants being granted social security numbers.",,,#<Source:0x000000011fd99818>,The Washington Post,,Antonio Gracias,"",SSA
2025-03-31,2025-03-31,interagency,EvqS5mPP,"Elon Musk visits the CIA at the invitation of its director, John Ratcliffe.",,,#<Source:0x000000011fd980a8>,The Washington Post,,Elon Musk,"","CIA, DOGE"
2025-03-31,2025-03-31,sighting,7Nd2caJk,"A group of DOGE representatives visit the FDA offices in Maryland. As one employee was leaving, a car pulled up with its window down and a young man in a suit shouted at her “This is DOGE and this is your Last Supper!” She received a RIF termination letter the next day.",,,#<Source:0x000000011fd968c0>,Court Document,1:25-cv-01750,"","",FDA
2025-03-31,2025-03-31,disruption,oGkzQb5Y,DOGE wrecker Nate Cavanaugh returns to the IMLS and notifies the entire staff of the agency that they are being put on administrative leave up to 90 days effective immediately.,,,#<Source:0x000000011fd950b0>,Court Document,1:25-cv-00128,Nate Cavanaugh,"",IMLS
2025-03-31,2025-03-31,access,2WDroWS4,"DOGE gains admin access to IMLS systems for monitoring its grants and sending emails. The person is not named, but this is likely Nate Cavanaugh.",,,#<Source:0x000000011fd93a08>,ArtNet News,,Nate Cavanaugh,"",IMLS
2025-03-31,2025-03-31,disruption,CK2DtEca,DOGE runs a process to send out emails cancelling all 900 open awards from IMLS to museums across the country.,,,#<Source:0x000000011fd922c0>,ArtNet News,,Nate Cavanaugh,"",IMLS
2025-03-31,2025-03-31,official,61OS0hFN,"In a viral post on X, DOGE calls out what it sees as wasteful spending of the USIP. This includes a $132,000 grant to Mohammad Halimi, a former member of the Taliban who later switched sides and worked for the US and Afghan government. He is now living in exile as a vocal critic, but DOGE accused USIP of ""funding the Taliban"" by giving him a grant.",,,#<Source:0x000000011fd90b28>,Pro Publica,,"","",USIP
2025-03-31,2025-03-31,sighting,2Etft9eI,"DOGE staff reportedly visit the Wilson Center for Scholars headquarters. In other reporting, the _New York Times_ had identified Justin Fox as part of this delegation.",,Linked to WWICS by NPR,#<Source:0x000000011fd5f370>,New York Times,,Justin Fox,"",WWICS
2025-03-31,2025-03-31,report,SixRwXSZ,"Politico reports that Brad Smith, who crafted the plan to layoff 10,000 staffers within HHS, is facing criticism from other DOGE staffers for attempting to shield CMS from the brunt of the layoffs. His aide, Rachel Riley is accused of being extraordinarily secretive with the plan.",,,#<Source:0x000000011fd5db60>,Politico,,"Rachel Riley, Brad Smith","","CMS, HHS"
2025-04-01,2025-04-01,disruption,AeHQsaCe,"HHS terminates a large number of staff at CDC in the name of cost savings and realignment, with the HHS director, Robert F. Kennedy Jr., reportedly wanting to focus only on infectious diseases",,,#<Source:0x000000011fd5c2b0>,New York Times,,"","",CDC
2025-04-01,2025-04-01,disruption,UWEbC7Qn,Federal staff at the USDA are sent an email offering them another chance to do a deferred resignation if they enroll within the next week or so from this date.,,,#<Source:0x000000011fd5aa78>,New York Times,,"","",USDA
2025-04-XX,2025-04-01,access,6oB6XqHK,"Jordan Wick is granted high-level access to the National Payment Service (NPS) system, which would allow him to see and alter payments or even cancel loans to farmers and other agricultural producers. Concerningly, his activities are not logged or recorded.",,,#<Source:0x000000011fd592b8>,National Public Radio,,Jordan Wick,"",USDA
2025-04-01,2025-04-01,official,Acsi6Z5A,"The manager of the DOI's labor relations branch initiates an investigation of the DOI's CIO, Deputy CIO, Associate Solicitor and a Special Advisor to HR over their attempts to prevent DOGE from having admin access to FPPS.",,,#<Source:0x000000011fd57b98>,Public Employees for Environmental Responsibility,,"","",DOI
2025-04-01,2025-04-01,sighting,ZBURnU93,DOGE member Christopher Stanley is listed as a Senior Advisor in the Deputy Attorney General's Office and he reportedly holds a security clearance.,,,#<Source:0x000000011fd56360>,Reuters,,Christopher Stanley,"",DOJ
2025-04-01,2025-04-01,disruption,6ZDshcKF,Employees at the Department of Energy are sent an email offering for them to enroll in a new separate deferred resignation plan.,,,#<Source:0x000000011fd54cb8>,New York Times,,"","",Energy
2025-04-01,2025-04-01,disruption,GyTAGKsQ,"HHS terminates a large number of staff at FDA in the name of cost savings and realignment, the same day as the new head of FDA is sworn in to office.",,,#<Source:0x000000011fd534a8>,New York Times,,"","",FDA
2025-04-01,2025-04-01,report,mXTHtBac,"In a group chat within HHS system, Amy Gleason attempts to distance herself from the mass layoffs caused by DOGE by claiming she is just the USDS administrator only and has nothing to do with how the DOGE teams operate.",,,#<Source:0x000000011fd51c20>,The San Francisco Chronicle,,Amy Gleason,"",HHS
2025-04-01,2025-04-01,official,TiFFik6v,"HUD staff receive an email from HUD HR offering a new ""Fork in the Road"" offer for deferred resignation, open until April 11.",,,#<Source:0x000000011fd50500>,Bluesky,,"","",HUD
2025-04-01,2025-04-01,disruption,1HLf6W8y,NEH staff members are informed that DOGE is seeking a 70-80% reduction in staff and a cancellation of any grants made under the Biden administration that were not already fully disbursed.,,,#<Source:0x000000011fcdeb80>,Court Document,,"Nate Cavanaugh, Justin Fox","",NEH
2025-04-01,2025-04-01,disruption,H3tom9FE,HHS terminates a large number of staff at NIH in the name of cost savings and realignment. This coincides with the new head of NIH being sworn in to office.,,,#<Source:0x000000011fcdd438>,New York Times,,"","",NIH
2025-04-01,2025-04-01,disruption,1SIWo0cR,The Defendants in the USIP lawsuit learn that GSA will be leasing the building to the Department of Labor. This is after Nate Cavanaugh transferred its ownership to the GSA.,,,#<Source:0x000000011fcdbb88>,Court Document,1:25-cv-00804,"","",USIP
2025-04-XX,2025-04-01,sighting,5GVJ0gVG,"Ethan Shaotran and Alexander Simonpour meet again with the acting Postmaster General as well as other senior staff. Reportedly, the topic of this meeting is potential price increases, which is outside the limitations on their work that had been set by former Postmaster DeJoy in the Memorandums of Understanding (MOU) he signed for their presence at the agency.",,,#<Source:0x000000011fcda3c8>,GovExec,,"Ethan Shaotran, Alexander Simonpour","",USPS
2025-04-01,2025-04-01,disruption,1wT0qavH,"Mark Green, a Republican who once worked for Trump, is forced out as the head of the Wilson Center. Several members of the board were also reportedly fired earlier.",,,#<Source:0x000000011fcd8c30>,New York Times,,"","",WWICS
2025-04-01,2025-04-01,disruption,1YdIZqg4,"Alarmed at the viral spread of DOGE's false claim that 40% of all calls to Social Security are fraud, agency staff at SSA draft a public statement to correct the errors in the claim. They are specifically ordered by Katie Miller not to release it. She asserts ""the number is 40 percent.""",,,#<Source:0x000000011fcd73f8>,New York Times,,"Leland Dudek, Katie Miller","","SSA, DOGE"
2025-04-01,2025-04-01,disruption,6BGD7wuo,"HHS issues Reduction-in-Force orders for 10,000 employees across many divisions (FDA, CDC, NIH, HHS) in the name of ""bureaucratic realignment."" Despite RFK's promises, the layoffs do include many scientists",,,#<Source:0x000000011fcd5b20>,National Public Radio,,"","","HHS, FDA, CDC, NIH, CMS"
2025-04-02,2025-04-02,disruption,1IOyNuWv,"DOGE continues its destruction of IMLS by terminating 15 IMLS grants listed under its ""Grants to States"" program.",,,#<Source:0x000000011fcd4298>,Court Document,1:25-cv-00128,"","",IMLS
2025-04-02,2025-04-02,disruption,3MPjhmac,"Approximately 1500 grantees receive grant cancellation emails sent from a nonstandard email address and bypassing the normal grant review process. The domain for the email address `Grant_Notifications@nehemail.onmicrosoft.com` suggests it was sent from a global admin account for Microsoft Entra, an access-control system used at the agency. The Acting Director of the NEH seems unaware of the messages. The content of the message cites an incorrect executive order as its justification, suggesting it was copied from an earlier email that was sent to IAF and USADF grantees after their DOGE takeover.",,,#<Source:0x000000011fcd2a60>,Court Document,,"Nate Cavanaugh, Justin Fox","",NEH
2025-04-02,2025-04-02,oversight,HoTTKNtS,A group of 22 house members send a letter to Commerce Secretary Lutnick expressing concern about the firing of 70 staffers at NIST.,,,#<Source:0x000000011fcd1200>,US Rep. April McClain-Delaney,,"","",NIST
2025-04-02,2025-04-02,disruption,ATa2VGxh,The head and deputy leader of the NSA are both relieved of their command by Defense Secretary Pete Hegseth.,,,#<Source:0x000000011fe9fa28>,New York Times,,"","",NSA
2025-04-02,2025-04-02,disruption,iUYtxUSw,"In an interview on Fox, Antonio Gracias makes misleading claims that DOGE had discovered widespread voting fraud through joining social security data and state voter rolls.",,,#<Source:0x000000011fe9e268>,National Public Radio,,Antonio Gracias,"",SSA
2025-04-03,2025-04-03,interagency,kaxNhRgZ,"Tarak Makecha, a DOGE representative at DOJ is forwarded a list at 6pm of DOJ contracts to terminate for the Acacia Center, a nonprofit in DOGE's crosshairs that day and a plaintiff in a lawsuit against the DOJ. He coordinates with Josh Gruenbaum at the GSA, who is leading a multi-agency effort to eliminate grants.",,,#<Source:0x000000011fe9cb48>,Lawfare Media,,"Josh Gruenbaum, Tarak Makecha","","DOJ, GSA"
2025-04-03,2025-04-03,disruption,CC2AMRi3,Tarak Makecha escalates his demands at 6:25pm that the Acacia contracts must be terminated immediately despite it being after business hours and there not being an actual emergency.,,,#<Source:0x000000011fe9b298>,Lawfare Media,,Tarak Makecha,"",DOJ
2025-04-03,2025-04-03,disruption,eB4QfKtt,Tarak Makecha finds a DOJ Contracting Officer after hours at 7:25pm to send the termination despite agency concerns that it violates the terms of a court order to not provide 3 days notice for termination.,,,#<Source:0x000000011fe99ba0>,Lawfare Media,,Tarak Makecha,"",DOJ
2025-04-03,2025-04-03,disruption,QH5hBz4D,"Multiple senior technological positions at the IRS are terminated. These include director of cybersecurity architecture and implementation, deputy chief information security officer, and acting director of security risk management.",,,#<Source:0x000000011fe984d0>,Wired Magazine,,"","",IRS
2025-04-03,2025-04-03,disruption,6TOjUicO,145 NEH staff members (approximately 80% of workforce) are abruptly placed on administrative leave and locked out of system access. The remaining employees are pressured by Nate Cavanaugh and Justin Fox to formally conduct a Reduction-in-Force (RIF) as quickly as possible,,,#<Source:0x000000011fe96c48>,Court Document,,"Nate Cavanaugh, Justin Fox","",NEH
2025-04-03,2025-04-03,oversight,JbY96QGM,"Scott Kupor, the nominee to lead OPM, assured senators in a confirmation hearing that he believes strongly in data privacy and respecting the humanity and dignity of the federal workforce.",,,#<Source:0x000000011fe95528>,FedScoop,,Scott Kupor,"",OPM
2025-04-03,2025-04-03,disruption,WQ7BVkDi,"Social Security employees received an offer from the human resources department for voluntary reassignments to ""mission-critical"" front-line roles in call services and hearing offices to replace staff that were eliminated.",,,#<Source:0x000000011fe93e08>,The Washington Post,,"","",SSA
2025-04-04,2025-04-04,disruption,5zI2DHfy,Defense Secretary Pete Hegseth reportedly lashed out at Yinon Weiss for seeming to overstep his authority. The altercation was apparently triggered by Justin Fulcher storming out of a meeting with Weiss because he thought that Weiss has reported him to the Pentagon's police service.,date given as just early April,,#<Source:0x000000011fe92620>,The Washington Post,,"","",DOD
2025-04-04,2025-04-04,sighting,FTRMb3dA,"Tarak Makecha, Jordan Wick and Jacob Altik are listed in the public directory of FCC staff and listed as associated with the Office of the Chairman at the FCC.",,,#<Source:0x000000011fe90f50>,The Verge,,"Jacob Altik, Tarak Makecha, Jordan Wick","",FCC
2025-04-04,2025-04-04,sighting,GoJrDRSQ,"Axios reports that Gavin Kliger and Emily Bryant have started work at the FTC, looking at grants and contracts at the agency.",,,#<Source:0x000000011fdbf748>,Axios,,"Emily Bryant, Gavin Kliger","",FTC
2025-04-04,2025-04-04,legal,5X4SGtZV,A judge grants an injunction and orders that IAF President Sara Aviel must be reinstated as the president of the IAF while her lawsuit proceeds against the administration.,,,#<Source:0x000000011fdbdf88>,The Hill,1:25-cv-00778,"","",IAF
2025-04-04,2025-04-04,legal,6dgqQSWL,Sara Aviel discovers that a `team@iaf.gov` created for the use of Ethan Shaotran and Nate Cavanaugh had deactivated the admin access for the remaining IAF employee the day before Aviel's return by orders of a court as President of the agency.,,,#<Source:0x000000011fdbc728>,Court Document,1:25-cv-00778,"Nate Cavanaugh, Ethan Shaotran","",IAF
2025-04-04,2025-04-04,sighting,RmvrV2dc,"DOGE staffer Bridget Youngs visits the Peace Corps, planning to work over the weeked to review records and access IT systems.",,,#<Source:0x000000011fdbb058>,The Guardian,,Bridget Youngs,"",PeaceCorps
2025-04-04,2025-04-04,disruption,KqoNYw6T,"DOGE staffers at SSA declare the need for widespread Reductions-in-Force (RIFs) at the agency, despite a previous reduction in staffing of 7000 people and notable degradations in service. Among other cuts, they suggest removing 800 people from the IT department of 4000.",,,#<Source:0x000000011fdb98e8>,The Washington Post,,"","",SSA
2025-04-04,2025-04-04,disruption,2SR8EJa8,CISA informs NLRB networking staff that they should drop any investigation and not move forward on any reporting of the suspicious activity at the agency.,,,#<Source:0x000000011fdb8100>,Whistleblower Aid,,"","","NLRB, CISA"
2025-04-07,2025-04-07,disruption,7o8RZJ6w,"Newly-appointed director of CMS, Dr. Mehmet Oz, suggests replacing front-line healthcare workers with AI avatars for cost savings.",,,#<Source:0x000000011fdb6918>,Wired Magazine,,"","",CMS
2025-04-07,2025-04-07,legal,Gti7PARC,Kendall Lindemann testifies in a sworn deposition for _AFL-CIO v. Dep't of Labor (D.D.C.)_ as a representative of DOGE after saying she had conducted extensive conversations with Amy Gleason.,,,#<Source:0x000000011fdb50e0>,Court Document,1:25-cv-00339,Kendall Lindemann,"",DOGE
2025-04-(07)~,2025-04-07,sighting,7XJcr5Wu,"Nate Cavanaugh and Justin Fox begin holding a series of meetings with MCC leadership. Following the DOGE pattern for small independent agencies, this process eventually culminates in termination of all grants and mass layoffs.","exact date not given, just in ""last two weeks""",,#<Source:0x000000011fdb3ad8>,Politico,,"Nate Cavanaugh, Justin Fox","",MCC
2025-04-07,2025-04-07,disruption,jkdURxvu,"The Post confirms with multiple source that Social Security's website has crashed repeatedly in recent weeks, with outages ranging from 20 minutes to an entire day. They speculate this is due to the introduction of an expanded fraud check system created by DOGE that wasn't tested for scalability before being deployed.",,,#<Source:0x000000011fdb22f0>,The Washington Post,,"","",SSA
2025-04-07,2025-04-07,legal,aLxLCzjS,"In a 2-1 vote, the 4th U.S. Circuit Court of Appeals lifted a stay against DOGE data access at the Treasury, OPM and Department of Education imposed in the case _American Federation of Teachers v. Bessent et al_.",,,#<Source:0x000000011fdb0ab8>,Court Document,8:25-cv-00430,"","","Treasury, OPM, Education"
2025-04-07,2025-04-07,interagency,UaUYi68M,"The IRS and DHS execute a Memorandum of Understanding (MOU) for data sharing between both agencies. Although DOGE is not named specifically in this agreement, ICE is allowed to designate authorized individuals to access the shared data. AI usage must also be reviewed first by the IRS.",,,#<Source:0x000000011fd3f200>,Court Document,1:25-cv-00677,"","","Treasury, IRS, DHS, ICE"
2025-04-07,2025-04-07,interagency,b3H44hoj,"After some qualms about its legality, Leland Dudek signs two memos authorizing sharing data from the Social Security Administration that would allow DHS and ICE to locate immigrants who had been paying taxes to Social Security (despite not being able to collect it).",,,#<Source:0x000000011fd3d9c8>,The Washington Post,,Leland Dudek,"","SSA, DHS, ICE"
2025-04-08,2025-04-08,disruption,1drAwyyf,"Terminated employees at the CDC report enduring months of DOGE representatives walking around the building looking for nominal work violations (like going to the bathroom but leaving their secure PIV card on their desk) as a pretext to immediately fire people for ""security violations.""",this might be rumors though,,#<Source:0x000000011fd3c190>,The Guardian,,"","",CDC
2025-04-08,2025-04-08,access,cQi9GNaT,DOGE staff are reportedly examining Navy's enterprise software licenses under the direction of the Departmeny of Defense CIO.,,,#<Source:0x000000011fd3a8e0>,DefenseScoop,,"","",DOD
2025-04-08,2025-04-08,report,XsVQoQhn,Employees at the EPA report being told by Trump-appointed officials that DOGE was using AI to monitor communication tools (including Microsoft Teams) for anti-Trump or anti-Musk language.,,,#<Source:0x000000011fd39170>,Reuters,,"","",EPA
2025-04-08,2025-04-08,directory,HQUguBSH,A partial copy of the GSA's A-Suite access list includes multiple DOGE personnel who are listed as based in GSA.,,,#<Source:0x000000011f11fd30>,Federal News Network,,"Akash Bobba, Nate Cavanaugh, Edward Coristine, Steve Davis, Stephen Ehikian, Luke Farritor","",GSA
2025-04-08,2025-04-08,disruption,fxfRqKPJ,"DOGE engineers kick off a hackathon at IRS with some senior IRS developers and representatives of the company Palantir to create a ""Mega API"" of IRS data. ",,,#<Source:0x000000011f11e4a8>,Wired Magazine,,"Sam Corcos, Gavin Kliger","",IRS
2025-04-08,2025-04-08,oversight,3jW4EtlY,"A letter from Democrats on the House Committee of Science, Space, and Technology expresses specific concern about the lack of qualifications of DOGE staff at the agency. It explicitly names Scott Coulter, Riley Sennott and Alexander Simonpour as the DOGE team at the agency.",,,#<Source:0x000000011f11cbf8>,"Democrats on the House Committee for Science, Space and Technology",,"Scott Coulter, Riley Sennott, Alexander Simonpour","",NASA
2025-04-08,2025-04-08,access,H45eMwSg,"Aram Moghaddassi adds 6300 names of suspected immigrants to the ""death master file"" as a way of forcing them to ""self-deport"" by making it impossible to use financial products. This list included the names of 7 minors.",,,#<Source:0x000000011f11b320>,New York Times,,"Scott Coulter, Aram Moghaddassi","",SSA
2025-04-08,2025-04-08,disruption,7dyfN7Hx,"After Rubio and the Trump administration promised to keep many lifesaving humanitarian grant programs active, almost all of them are slashed over the weekend. Some of the cut programs are then restored later. In one example, Peter Marocco ordered staff to comply with White House orders to stop all funds to Afghanistan. In other cases, Jeremy Lewin appears to have been involved with the alterations. USAID staff are not informed directly of these changes but find out from aid organizations whose funds have been affected.",,,#<Source:0x000000011f1199a8>,New York Times,,"Jeremy Lewin, Peter Marocco","",USAID
2025-04-09,2025-04-09,onboard,4omQIu7k,"Adam Ramada and Brooks Morgan are part of a cohort of 9 staffers detailed from the Department of Education to the Treasury, under the aegis of supporting federal student aid functions at Treasury.",,,#<Source:0x000000011f118008>,The Supreme Court,,"Brooks Morgan, Adam Ramada","",Treasury
2025-04-09,2025-04-09,disruption,6W6tefIG,DOGE terminates most of the remaining grants from IMLS (over 1000 in total).,,,#<Source:0x000000011f116730>,Court Document,1:25-cv-00128,"","",IMLS
2025-04-09,2025-04-09,disruption,6j9ucehC,All but 5 employees are sent expedited 30-day termination notices and placed on immediate administrative leave by DOGE staff.,,,#<Source:0x000000011f114c50>,Court Document,1:25-cv-00128,"","",MBDA
2025-04-(09)~,2025-04-09,disruption,36tNGfZ7,The remaining 5 employees of the MBDA are transferred out of the agency.,Date is unspecified,,#<Source:0x000000011f1133a0>,Court Document,1:25-cv-00128,"","",MBDA
2025-04-(09)~,2025-04-09,disruption,7lmemlNx,"After DOGE's claim that USIP had funded the Taliban is picked up by the Afghan press, family members of exiled ex-Taliban critic Mohammad Halimi are arrested by the Taliban and beaten in prison.",,,#<Source:0x000000011f111a78>,Pro Publica,,"","",USIP
2025-04-10,2025-04-10,disruption,E2XtrgBb,AmeriCorps' acting director submits a plan to the OPM and OMB proposing a 50% cut in the agency workforce.,,,#<Source:0x000000011f110088>,The Washington Post,,"","",AmeriCorps
2025-04-10,2025-04-10,official,nAPDT6yN,Gavin Kliger receives a warning from the CFPB Ethics Office that his stock holdings present serious concerns about possible conflicts of interest. He is required to divest himself of prohibited holdings by May 8th and excuse himself from decisions that might affect his holdings immediately.,,,#<Source:0x000000011e7be2f0>,Pro Publica,,Gavin Kliger,"",CFPB
2025-04-10,2025-04-10,directory,2aFyGowc,"In a response to a FOIA request from American Oversight, the USDA returns a list of known DOGE members at the agency at the time.",,,#<Source:0x000000011e756bc8>,Document Cloud,,"Daniel Abrahamson, Samuel Berry, Michael Cole, Gavin Kliger, Jeremy Lichtman, Timothy Ronan, Jordan Wick","",USDA
2025-04-10,2025-04-10,sighting,NqCoVaS5,"Brooks Morgan, Adam Ramada and Anthony Armstrong visit the FDIC headquarters. Their arrival is later confirmed for staff with an email stating they have not been granted access to any sensitive bank information.",,,#<Source:0x000000011e51f8c8>,The Handbasket,,"Anthony Armstrong, Brooks Morgan, Adam Ramada","",FDIC
2025-04-10,2025-04-10,report,43N5ZJ1g,"Ethan Shaotran is converted to a regular position at the GSA at the GS-14 level, which would mean an annual salary of $142,488 - $185,234 in Washington, DC. This is a relatively senior position for any government worker that would not normally be granted to someone with his limited work experience.",,,#<Source:0x000000011e519680>,Wired Magazine,,Ethan Shaotran,"",GSA
2025-04-(10)~,2025-04-10,onboard,mBJqiHKW,"Scott Langmack sends a message to HUD staff announcing that ""I'd like to share with you that Chris Sweet has joined the HUD DOGE team with the title of special assistant, although a better title might be 'AI computer programming quant analyst.'""","Date is unspecified, just sometime earlier in April",,#<Source:0x000000011e5162c8>,Wired Magazine,,"Scott Langmack, Christopher Sweet","",HUD
2025-04-10,2025-04-10,disruption,dL72Svcf,"The hackathon to create a ""Mega API"" at the IRS concludes. DOGE engineers are reportedly confident they will be able to deploy it in 30 days (they do not).",,,#<Source:0x000000011e5103c8>,Wired Magazine,,Sam Corcos,"",IRS
2025-04-10,2025-04-10,disruption,7OKOH3M3,Most NEH staffers receive Reduction-in-Force (RIF) notices that their positions will be terminated on June 10th.,,,#<Source:0x000000011e3ed608>,Court Document,,"","",NEH
2025-04-10,2025-04-10,disruption,g6zvQNcw,"Greg Pearre, a senior career executive overseeing technologists at the SSA, is forced out of his office by security guards after clashing with CIO Scott Coulter and calling his plan to forcibly declare immigrants dead both illegal and cruel",,,#<Source:0x000000011e3e8d38>,The Washington Post,,"Scott Coulter, Aram Moghaddassi","",SSA
2025-04-10,2025-04-10,access,73c95ZcV,"102 more names of living people are added to the Master Death File at SSA to destroy their ability to participate in society and to ""self-deport"" as a result.",,,#<Source:0x000000011e3e3f90>,The Washington Post,,"Scott Coulter, Aram Moghaddassi","",SSA
2025-04-10,2025-04-10,disruption,2abB0Nt3,"A leaked OMB budget proposal memorandum propose major changes to the discretionary budget for the Department of Health and Human Services. Specifically, it includes cutting that budget by a third and also consolidating various health and safety-related agencies into a new Administration for a Healthy America (AHA) overseen by the HHS Secretary.",,,#<Source:0x000000011e3a0600>,National Law Review,,"","","HHS, CMS, CDC, NIH, FDA, CPSC"
2025-04-11,2025-04-11,legal,55f6Ur4o,"A three-judge appeal panel for the DC Circuit issues a ruling on the appeal for Judge Amy Berman Jackson's preliminary injunction in _NTEU v. Vought_. The appeals court stays a measure that prevent CFPB leadership from enforcing work stoppages for non-statutory work. It also allows CFPB leadership to perform a reduction-in-force, provided that they conduct a ""particularized assessment"" for the process.",,,#<Source:0x000000011e131310>,Consumer Financial Services Law Monitor,1:25-cv-00381,"","",CFPB
2025-04-11,2025-04-11,directory,VXSiUz7f,Politico profiles a DOGE immigration task force that is located within DHS but has contacts with DOGE staff at other agencies. It includes multiple DOGE staffers detailed from various agencies.,,,#<Source:0x000000011f59fce8>,Politico,,"Edward Coristine, Marko Elez, Antonio Gracias, Aram Moghaddassi, Payton Rehling, Kyle Schutt","",DHS
2025-04-11,2025-04-11,directory,hRNyXeoy,"In a legal filing, the government describes the DOGE team at Treasury of consisting of six people, some previously unknown as DOGE associates.",,,#<Source:0x000000011f59c958>,Court Document,1:25-cv-00313,"Sam Corcos, Gavin Kliger, Tom Krause, Todd Newnam, Linda Whitridge, Ryan Wunderly","",Treasury
2025-04-11,2025-04-11,legal,jY8TJybS,"The plaintiffs in _AFGE, AFL-CIO, et. al vs. OPM_ file a motion asking for the testimony of Noah Peters to be disregarded because they argue it is misleading and possibly fabricated in certain parts.",,,#<Source:0x000000011f5992a8>,Court Document,3:25-cv-01780,Noah Peters,"",OPM
2025-04-11,2025-04-11,disruption,2w5BGWW3,The Social Security Agency is reportedly shifting all its official communications exclusively to X.,,,#<Source:0x000000011f595ba8>,Wired Magazine,,"","",SSA
2025-04-11,2025-04-11,disruption,3J3t5FxO,"Luke Farritor uses his admin access to lock out all government officials at multiple agencies from using grants.gov to issue new grants. Instead, all grants must now be sent to a new email address which will be reviewed by DOGE staffers before grants can be posted.",,,#<Source:0x000000011f592318>,The Washington Post,,Luke Farritor,"","HHS, USDA, Commerce, DOD, Education, Energy, HUD, DOJ, DOL, State, DOT, VA, EPA, NASA, NARA, NEH, NSF, SBA"
2025-04-12,2025-04-12,interagency,3XxWRrBu,"CFPB leadership under Russell Vought uses the opening granted by the appeals court to attempt another massive RIF. Emailing from his USAID email account, Jeremy Lewin kicks off the process by providing Gavin Kliger and Adam Martinez with a letter to use for RIFs at the CFPB.",,,#<Source:0x000000011f53e7e0>,Court Document,1:25-cv-00381,"Gavin Kliger, Jeremy Lewin","","CFPB, USAID"
2025-04-12,2025-04-12,interagency,MXinRonY,"Emailing this time from his CFPB account, Jeremy Lewin shares the documentation for the upcoming CFPB RIF with DOGE staff posted at several agencies (Zach Terrell and Alexandra Beynon). He also includes DOGE staff at CFPB: Gavin Kliger, Chris Young and Jordan Wick. It's unclear if they are representing their individual agencies or are just taking part as DOGE members in the conversation.",,,#<Source:0x000000011f53ac30>,Court Document,1:25-cv-00381,"Alexandra Beynon, Gavin Kliger, Jeremy Lewin, Zach Terrell, Jordan Wick, Chris Young","","CFPB, HHS, Education"
2025-04-12,2025-04-12,official,YpiseeEG,"Jeremy Lewin emails CFPB leadership asking for full global admininstrative access for Entra and HRConnect to be restored for the DOGE engineers Gavin Kliger and Jordan Wick. Weirdly, this list includes Luke Farritor who offboarded at CFPB on 2025-03-04. This request is denied by the agency CIO.",,,#<Source:0x000000011f538520>,Court Document,1:25-cv-00381,"Luke Farritor, Gavin Kliger, Jeremy Lewin, Jordan Wick","",CFPB
2025-04-12,2025-04-12,interagency,7a5wZUiM,Gavin Kliger begins working with Adam Martinez of CFPB and Jeremy Lewin at USAID on the infrastructure to automate a massive RIF at the CFPB. This includes scripts to send termination letters to each employee.,,,#<Source:0x000000011f536e50>,Court Document,1:25-cv-00381,"Gavin Kliger, Jeremy Lewin","","CFPB, USAID"
2025-04-12,2025-04-12,legal,7AvfSN6g,Judge Vargas rules in _New York et al vs. Donald Trump_ that Ryan Wunderly should be granted access to Treasury systems.,,,#<Source:0x000000011f535668>,Court Document,1:25-cv-01144,Ryan Wunderly,"",Treasury
2025-04-13,2025-04-13,access,N4uZjCyt,"In an email, CFPB CIO Chris Chilbert reports that Gavin Kliger has been granted access to Ops HC - Prod to build the RIF automation. He also asks to confirm that Gavin Kliger should have his access immediately revoked to systems that let him deactivate employee email accounts or lock them out of their laptops.",,"FIXME, see what those systems are",#<Source:0x000000011f533f70>,Court Document,1:25-cv-00381,Gavin Kliger,"",CFPB
2025-04-13,2025-04-13,interagency,32sfy2H5,Jeremy Lewin has a followup Teams call with CFPB chief legal counsel Mark Paoletta to plan for the upcoming massive RIF at the CFPB,,,#<Source:0x000000011f532738>,Court Document,1:25-cv-00381,Jeremy Lewin,"","CFPB, USAID"
2025-04-13,2025-04-13,access,YvnoXfWE,"In an email, CFPB CIO Chris Chilbert informs Gavin Kliger that he will not be granted global admin access for his requests.",,,#<Source:0x000000011f530ff0>,Court Document,1:25-cv-00381,Gavin Kliger,"",CFPB
2025-04-13,2025-04-13,interagency,7dbzTENK,Adam Martinez responds in the affirmative to an email (contents redacted in court filings) requesting items/access for unspecified people to conduct the RIF. Several DOGE staffers (Ashley Boizelle and Steve Davis as well as Gavin Kliger and Jeremy Lewin) are also cc'ed on the message,,,#<Source:0x000000011f3dd7e8>,Court Document,1:25-cv-00381,"Ashley Boizelle, Steve Davis, Gavin Kliger, Jeremy Lewin","","CFPB, DOGE"
2025-04-14,2025-04-14,disruption,7x2jXvup,"On the day that NPR published a story with the claims of a whistleblower at the NLRB, the Deputy CIO of the agency, Eric Mark, suspends administrative access for all employees, locking the IT staff out of their ability to continue monitoring DOGE's actions at the agency.",,,#<Source:0x000000011f3d4ff8>,Krebs on Security,,"","",NLRB
2025-04-14,2025-04-14,sighting,UyobwqMu,"Three unidentified DOGE staffers show up at NSF headquarters, forcing all approved grants to go through a ""secondary review."" They were later identified as Luke Farritor, Rachel Riley and Zach Terrell.",,"These three were named in later reporting, so adding here",#<Source:0x000000011f05f9b8>,Science,,"Luke Farritor, Rachel Riley, Zach Terrell","",NSF
2025-04-14,2025-04-14,legal,MCmDjbX8,The Trump Administration files a formal motion to protect the identities of DOGE staff at the agency in filings. This explains the redactions of DOGE names in filings.,,,#<Source:0x000000011f05de88>,Court Document,1:25-cv-00596,"","",SSA
2025-04-15,2025-04-15,disruption,963b8pxz,All 14 current members of the Pentagon's pre-existing Defense Digital Service team announce a mass resignation after weeks of being sidelined and frustrated with DOGE's efforts at the agency.,,,#<Source:0x000000011f05c588>,Politico,,"","",DOD
2025-04-15,2025-04-15,disruption,32GonHnd,"Claiming that he knew of warrantless wiretapping from the NSA, Justin Fulcher pressured Defense Secretary Hegseth's Chief of Staff and personal legal counsel to let him run an investigation into leaking at the Pentagon. Once he was included, it was clear there was no such evidence, but it had led to several key roles being fired. Justin Fulcher denied this account when reached for comment.",,,#<Source:0x000000011f05ac38>,The Guardian,,Justin Fulcher,"",DOD
2025-04-15,2025-04-15,disruption,AsjWbK8C,Michael Mirski is named as leading a DOGE effort at HUD to identify and target households that include undocumented immigrants. These could then be referred to the surveillance system that is being built by DOGE at DHS for immigration enforcement.,,,#<Source:0x000000011f059338>,MSN,,Michael Mirski,"",HUD
2025-04-(15)~,2025-04-15,access,4jNjj3vF,Christopher Sweet is reported to be using an AI model to analyze HUD regulations and suggest revisions. These are presented to HUD staff for review in a large spreadsheet. It is not clear how the AI system is making these determinations.,"Date is unspecified, just sometime earlier in April",,#<Source:0x000000011f057b00>,Wired Magazine,,Christopher Sweet,"",HUD
2025-04-15,2025-04-15,sighting,LP7ebs7r,"Reports that SEC leadership has pushed back on DOGE requests to get admin access for staff emails, personnel data, contracts, and payments systems.",,,#<Source:0x000000011f056200>,Yahoo Finance,,Eliezer Mishory,"",SEC
2025-04-16,2025-04-16,disruption,mdSXmD4G,Agency staff at AmeriCorps are placed on immediate administrative leave and banned from accessing agency systems.,,,#<Source:0x000000011f054950>,The Washington Post,,"","",AmeriCorps
2025-04-16,2025-04-16,interagency,aaJegvbd,"Noah Peters at OPM denies the CFPB request made by Adam Martinez as well as Jeremy Lewin and Gavin Kliger to conduct an ""emergency"" RIF at the CFPB which would only give employees 30 days before their termination.",,,#<Source:0x000000011f052ee8>,Court Document,1:25-cv-00381,"Gavin Kliger, Jeremy Lewin, Noah Peters","","CFPB, OPM, USAID"
2025-04-16,2025-04-16,directory,FMk4mRYA,"Three DOGE staffers – Marko Elez, Edward Coristine and Joe Gebbia – are reported to be working with staff from DHS, the State Department and USCIS on implementing an application process for a $5 Million ""Gold Card"" visa. It is unclear what agencies they are working for and how this partnership has been structured.",,,#<Source:0x000000011f93ff88>,New York Times,,"Edward Coristine, Marko Elez, Joe Gebbia","",DOGE
2025-04-16,2025-04-16,sighting,eCQoxNRz,Justin Fox and Nate Cavanaugh are reportedly detailed from the GSA to work at the NLRB over the next few months.,,Date is from an NPR piece,#<Source:0x000000011f93e660>,Bloomberg Law,,"Nate Cavanaugh, Justin Fox","",NLRB
2025-04-17,2025-04-17,official,6sYzWZML,DOGE contacts the leadership of ACHP requesting a meeting for the following week with a new DOGE team that will be assigned to the agency.,,,#<Source:0x000000011f93ccc0>,National Public Radio,,"","",ACHP
2025-04-17,2025-04-17,disruption,fZotJY5V,"CFPB conducts a massive Reduction-in-Force, eliminating 1483 positions and retaining only 207 people to perform its duties. This is larger than the planned RIF in February that was blocked by Judge Amy Berman-Jackson. It is immediately appealed.",,,#<Source:0x000000011f93b348>,Court Document,1:25-cv-00381,"","",CFPB
2025-04-17,2025-04-17,disruption,dHm7PvDq,"According to sworn testimony by Alex Doe, Gavin Kliger forces the entire CFPB team to work for 36 hours straight and subjects them to frequent verbal abuse.",,,#<Source:0x000000011f939908>,Court Document,1:25-cv-00381,Gavin Kliger,"",CFPB
2025-04-17,2025-04-17,disruption,WnVuBFwT,"The Washington Posts reports that both Tyler Hassen and Matt Luby are scrutinizing all grants at the Department of the Interior. They also requested a list of all grants going to Maine, perhaps to punish the state for its governor's defiance of Trump.",,,#<Source:0x000000011f938080>,The Washington Post,,"Tyler Hassen, Matt Luby","",DOI
2025-04-17,2025-04-17,official,f5MfXn7G,The Secretary of the Interior formally designates that Tyler Hassen is in charge of implementing cuts to the agency and reorganizing its offices and areas of responsibility.,,,#<Source:0x000000011f9367d0>,The Washington Post,,Tyler Hassen,"",DOI
2025-04-17,2025-04-17,disruption,5nELASFP,"In his new role as CIO for the Department of Labor, Thomas Shedd announces goals to reduce the department by 30% through resignations and layoffs. He also claims that DOGE is not ""tracking"" staff at the agency, and that all changes will be determined by focusing on results.",,,#<Source:0x000000011f934f98>,FedScoop,,Thomas Shedd,"",DOL
2025-04-17,2025-04-17,disruption,3UzNppej,"Although it has not made the decision public, the DOGE team at the IRS reportedly formally decided to end the newly popular Direct File program, which provides a free filing alternative for income taxes.",,,#<Source:0x000000011f9336e8>,The Associated Press,,"","",IRS
2025-04-17,2025-04-17,disruption,3Jza7CNg,"According to a sworn declaration by an employee of MBDA, Nate Cavanaugh sends emails terminating MBDA grants under the authority of Keith Sonderling, who is the acting undersecretary of the MBDA",,,#<Source:0x000000011f931b90>,Court Document,1:25-cv-00128,"Nate Cavanaugh, Keith Sonderling","",MBDA
2025-04-17,2025-04-17,access,SH9bwWog,Social Security introduces a new AI chatbot to help with general agency tasks but built from general OpenAI models and not trained on SSA data or content.,,,#<Source:0x000000011f8dcd48>,NextGov,,"","",SSA
2025-04-18,2025-04-18,legal,3iqrt0hZ,"Judge Amy Berman Jackson immediately blocks the RIF for CFPB employees. She expressed skepticism that CFPB leadership a particularized assessment and suggests that they seemed to be ""thumbing their nose"" at her and the appeals court.",,,#<Source:0x000000011f8d2758>,National Public Radio,1:25-cv-00381,"","",CFPB
2025-04-18,2025-04-18,legal,1pb0Ip4d,DOGE is granted an administrative stay on replying to CREW's FOIA requests while its appeal is being considered by an appeals court.,,,#<Source:0x000000011f859218>,New York Times,,"","",DOGE
2025-04-18,2025-04-18,disruption,Sgw2gk7i,Multiple federal staffers who handle sensitive data related to migrant workers are placed on leave for raising objections about DOGE gaining access to those data systems to target that population for arrest and deportation.,,,#<Source:0x000000011f850550>,Politico,,"","",DOL
2025-04-18,2025-04-18,onboard,85e3G4Rn,A new DOGE staffer (Roland Shen) who works for the payments startup Ramp is reportedly also granted access to BFS systems.,,,#<Source:0x000000011f0de830>,MSN,,Roland Shen,"",Treasury
2025-04-18,2025-04-18,sighting,fXhN7of8,DOGE staff reportedly meet with the leaders of the Smithsonian's National Gallery of Art to discuss its legal status and funding. The National Gallery of Art is not an executive agency.,DOGE representatives not named,,#<Source:0x000000011f0dd0c0>,Bloomberg,,"","",NationalGallery
2025-04-18,2025-04-18,disruption,3EfTSjmu,"In retribution against Harvard University for rejecting demands from the Trump Administration on April 14th, the National Science Foundation begins rejecting scientific grants, stating they weren't in alignment with current NSF priorities.",,,#<Source:0x000000011f0db7c0>,The Harvard Crimson,,"","",NSF
2025-04-18,2025-04-18,disruption,Tb3wbZWT,"Some immigrants have been forced to prove they aren't dead after being added to the Master Death File in an attempt to force them to ""self-deport."" The White House had falsely claimed nobody was really declared dead.",,,#<Source:0x000000011f0d9e70>,The Washington Post,,"Scott Coulter, Aram Moghaddassi","",SSA
2025-04-(20)~,2025-04-20,interagency,Q4hkKRZT,"In a meeting between HUD and DOGE, Jacob Altik says they are planning to use Christopher Sweet's AI model analyzing regulations at HUD to review the entire Code of Federal regulations for regulations to review.","Date is unspecified, just sometime earlier in April",,#<Source:0x000000011f0d85c0>,Wired Magazine,,"Jacob Altik, Christopher Sweet","","HUD, DOGE"
2025-04-21,2025-04-21,disruption,34MikyKs,"IT staff at FSA report they were heavily targeted for layoffs despite complying with requests to provide information about critical systems, meaning much more of the FDA infrastructure is at risk of failure",,,#<Source:0x000000011f0d6b30>,FedScoop,,"","",FDA
2025-04-21,2025-04-21,official,4Dk4zhPh,"OMB issues a new memo mandating that agencies must collect daily occupancy data on all workers by May 4th. To support this effort, GSA unveils a website outlining methods to track federal workers, including mandatory daily surveys, monitoring badge usage or even video surveillance.",,,#<Source:0x000000011f0d5168>,General Services Administration,,"","","EOP, GSA"
2025-04-22,2025-04-22,report,VG5bCFVi,Staff at the Millennium Challenge Corporation are informed that DOGE has directed the termination of all grants and the reduction of the staff from 320 to a few dozen.,,,#<Source:0x000000011f0d3660>,National Public Radio,,"Nate Cavanaugh, Justin Fox","",MCC
2025-04-22,2025-04-22,directory,meBB4VsV,"Three DOGE staffers are now at the National Science Foundation reviewing grants. Luke Farritor has a ""Budget, Finance, and Administration"" clearance, which a source said allows him to view and modify the agency's funding opportunity system.",,,#<Source:0x000000011f0d1e28>,FedScoop,,"Luke Farritor, Rachel Riley, Zach Terrell","",NSF
2025-04-22,2025-04-22,disruption,4FH4cHZH,Secretary of State Marco Rubio announces plans for a major reorganization of the State Department that would eliminate 132 offices and terminate roughly 700 positions in DC. It also would reduce monitoring of war crimes and global conflicts.,,,#<Source:0x000000011f0d0460>,CNN,,"","",State
2025-04-22,2025-04-22,sighting,2oGmeHjW,THe U.S. Access Board reports that the agency had a cordial meeting with DOGE and that additional meetings are expected in the future,,,#<Source:0x000000011f0beaf8>,National Public Radio,,"","",USAccess
2025-04-23,2025-04-23,sighting,7BTc0SXi,"After an initial video call, DOGE representatives arrive at the agency offices of the Advisory Council on Historic Preservation.",,,#<Source:0x000000011f0bd1a8>,National Public Radio,,"","",ACHP
2025-04-23,2025-04-23,access,enUTyZZ7,"DOGE has reportedly added 10 million records into the Death Master File since March, both as part of addressing errors in the NUMIDENT files as well as deliberate effort to harm immigrants from being able to interact with the financial industry. As a reuslt, some very alive Americans have been declared dead by DOGE.",,,#<Source:0x000000011f0bb858>,The Washington Post,,"","",SSA
2025-04-24,2025-04-24,disruption,WqzaqPWP,"NEH posts a public solicitation of up to $17 million in grants total for statues in a ""National Garden of American Heroes."" Such grants would normally be made by the NEA, which is also offering similar separate grants for this project. This is also unusual, in that most NEH grants are dispersed broadly across many projects and are rarely for more than $500,000.",,,#<Source:0x000000011f0b9e18>,Court Document,,"","",NEH
2025-04-25,2025-04-25,disruption,3RVlVWPN,"DOGE staff within AmeriCorps start terminating roughly $400 million in grants (roughly 41% of the total grant funding) to 1,031 organizations across America. The reason given is that the grant ""no longer effectuates agency priorities.""",,,#<Source:0x000000011f0b8478>,The Washington Post,,"","",AmeriCorps
2025-04-25,2025-04-25,disruption,kTuTZoGk,"DOGE staff assigned to the FAA have reportedly enlisted government staff to work on a secret communications project named ""Project Lift,"" requiring them to sign NDAs. It is rumored to be about incorporating Starlink into FAA projects.",,,#<Source:0x000000011f0b6b00>,Rolling Stone,,"Brady Glantz, Thomas Kiernan, Ted Malaska, Sam Smeal","",FAA
2025-04-28,2025-04-28,disruption,607kaJsp,Three members of the board for the Corporation for Public Broadcasting receive an email from Trent Morse at the White House informing them that they have been fired. This renders the board inert without quorum.,,,#<Source:0x000000011f0b5278>,Court Document,1:25-cv-01305,Trent Morse,"",CPB
2025-04-28,2025-04-28,access,2ZH8rMfL,Luke Farritor and Adam Ramada reportedly have had accounts for several weeks on systems and networks that handle classified material about nuclear weapons. This contradicts agency reports they had departed the agency within a few days of arrival.,,,#<Source:0x000000011f0b3ab8>,National Public Radio,,"Luke Farritor, Adam Ramada","",Energy
2025-04-28,2025-04-28,disruption,as2btrZU,"The head of a Peace Corps alumni group reports he had been told the agency is expecting large cuts in US staffing, as ordered by DOGE.",,,#<Source:0x000000011f0b2230>,New York Times,,"","",PeaceCorps
2025-04-28,2025-04-28,sighting,6HPPymkF,"A team of 4 DOGE personnel – Nate Cavanaugh, Jonathan Mendelson, Ethan Shaotran and Marshall Wood – arrive at the headquarters of the US International Development Finance Corporation",,,#<Source:0x000000011f0b0840>,Politico,,"Nate Cavanaugh, Jonathan Mendelson, Ethan Shaotran, Marshall Wood","",USDFC
2025-04-29,2025-04-29,interagency,4p1Gdjkg,Nate Cavanaugh sends an email to the two remaining members of the CPB board requesting a meeting. He describes a DOGE team at GSA and cc's several other members of DOGE,,,#<Source:0x000000011fafeec8>,Court Document,1:25-cv-01305,"Justin Aimonetti, Nate Cavanaugh, Justin Fox, Jonathan Mendelson","","CPB, GSA, DOGE"
2025-04-29,2025-04-29,legal,22DlvADs,"Citing as evidence the harm inflicted by DOGE against the USIP, the Corporation for Public Broadcasting receives a temporary restraining order from a judge until its case can be heard in May.",,,#<Source:0x000000011fafd618>,Radio Ink,,"","",CPB
2025-04-29,2025-04-29,disruption,3EiAcl86,"A letter is sent to all USDA staff informing them that DOGE staffers would be reviewing all farm loans above $500,000 as well as loans of any size to ""formal entities,"" which could mean everything from small farms to large corporations. Loans are already reviewed by highly qualified and experienced loan officers at the USDA.",,,#<Source:0x000000011fafbca0>,National Public Radio,,"","",USDA
2025-04-30,2025-04-30,disruption,7BDIH39X,FEC staffers receive an email stating they will be required to send daily updates of their location as part of a new Daily Occupancy Tool that will possibly be rolled out later across the entire government by the GSA.,,,#<Source:0x000000011fafa260>,The Washington Post,,"","",FEC
2025-04-30,2025-04-30,oversight,2LWu3OJM,"Democratic members of the US Senate Committee on Commerce, Science and Transportation send a letter to Keith Sonderling requesting details on his appointment as acting undersecretary of the MBDA and other information about DOGE's takeover and destruction of the agency.",,,#<Source:0x000000011faf8938>,The Senate Commerce Committee,,"Nate Cavanaugh, Keith Sonderling","",MBDA
2025-04-(30)~,2025-04-30,disruption,PBTtNmMD,Social Security introduces a new AI-based agent for handling phone calls to 350 field offices in the Southeast and Northeast regions. It frustrates many users attempting to reach an actual person for assistance.,,,#<Source:0x000000011faf6fe8>,The Washington Post,,"","",SSA
2025-04-30,2025-04-30,interagency,XTNDoswP,"As part of a DOGE-driven effort to find ways to punish Harvard by pulling its grants from the federal govenment, Josh Gruenbaum emails Alexander Simonpour to ask if there are grants that can be revoked by NASA. The next day, Simonpour relayed the request to other NASA staffers and then followed up on May 8th stating that the White House had imposed a 5pm deadline for the information.",,,#<Source:0x000000011faf5710>,The Harvard Crimson,,"Josh Gruenbaum, Alexander Simonpour","","GSA, NASA"
2025-05-01,2025-05-01,legal,gHQolQlg,"The D.C. Circuit appeals panel modifies its initial stay of the preliminary injunction that had allowed RIFs after a particularized assessment. In light of the recent attempted RIF, they decide to disallow any RIFs while the appeal of the injunction is being considered. CFPB staff remain at work, but lacking direction from leadership and still barred from many work actions.",,,#<Source:0x000000011faf3c30>,Banking Journal,,"","",CFPB
2025-05-XX,2025-05-01,disruption,6ywSOwFF,An internal survey reveals that over a fifth of Census Bureau leadership roles are vacant in the wake of DOGE's efforts to reduce federal staffing.,,,#<Source:0x000000011faf22b8>,National Public Radio,,"","",Census
2025-05-01,2025-05-01,official,6mAF9PCM,"Trump issues an executive order commanding that Corporation for Public Broadcasting should cease any financial support for PBS and NPR, despite CPB being an independent agency.",,,#<Source:0x000000011faf0a80>,Executive Office of the President,,"","",CPB
2025-05-01,2025-05-01,disruption,5mWMD8Bz,"Appearing on an interview with DOGE by Fox host Jesse Watters in his capacity as USIP President, Nate Cavanaugh repeats the claim that USIP was directly funding the Taliban through its grant to Mohammad Halimi. He makes similar distorted claims about other USIP spending.",,,#<Source:0x000000011fadefb0>,Pro Publica,,Nate Cavanaugh,"",USIP
2025-05-XX,2025-05-01,interagency,36WoUM5z,"In May, Clark Milner, a senior advisor for policy in the White House, organized a meeting between USPS staff, the DOGE representatives at the agency, other DOGE staffers and members of the Domestic Policy Council.",No other specific date information is given,,#<Source:0x000000011fadd700>,GovExec,,"James Burnham, Ethan Shaotran, Alexander Simonpour","","USPS, DOGE"
2025-05-01,2025-05-01,interagency,5thSMkbE,"A glimpse of Luke Farritor's visible calendar in a Fox News DOGE profile includes a ""connect"" with OMB about the National Science Foundation",,,#<Source:0x000000011fadbc20>,Bloomberg,,Luke Farritor,"","NSF, EOP"
2025-05-02,2025-05-02,disruption,yenHvAv5,"Stephanie Holmes, in her role as acting chief human capital officers, sends an email ordering DOI staff to stop by May 28 from doing any detail work they were doing to cover for DOGE staffing cuts at the agency.",,,#<Source:0x000000011fada258>,Politico,,Stephanie Holmes,"",DOI
2025-05-02,2025-05-02,official,6JGAVDbu,"Carl Coe, the leader of the DOGE team at the EPA, is named as the Chief of Staff at the EPA.",,,#<Source:0x000000011fad89f8>,Department of Energy,,Carl Coe,"",EPA
2025-05-02,2025-05-02,disruption,SY6QhbUj,Hundreds of arts groups across the country receive emails informing them that their grants from the NEA have been terminated. These emails originate from a generic `arts.gov` email address and arrive late on Friday hours after Trump proposes eliminating the agency in his budget.,,,#<Source:0x000000011fad7170>,National Public Radio,,"","",NEA
2025-05-02,2025-05-02,disruption,30TWoPlt,Radio Free Asia announces it is laying off 90% of its staff and stopping many of its language services due to the loss of funding after USAGM head Kari Lake terminated all grants in March.,,,#<Source:0x000000011fad5898>,National Public Radio,,"","",USAGM
2025-05-05,2025-05-05,disruption,1QPIZzzA,"USDA reports to Congress that 15,000 of its employees (15% of its workforce) have taken one of the two deferred resignation programs",,,#<Source:0x000000011fad3f48>,Reuters,,"","",USDA
2025-05-05,2025-05-05,official,7456Y62T,DOI extends its freeze on issuing any new regulations out to June 4th.,,,#<Source:0x000000011fad25d0>,Federal Register,,"","",DOI
2025-05-06,2025-05-06,official,7AiK0YC5,The Department of Agriculture sends a letter to the state directors of the Supplemental Nutrition Assistance Program (SNAP) program citing EO 14243 which grants DOGE unfettered access to federal and state data and demanding they turn over data on recipients dating back to 2020-01-01 or face consequences.,,,#<Source:0x000000011fad0ca8>,US Department of Agriculture,,"","",USDA
2025-05-06,2025-05-06,sighting,1OvaP6aP,"DOGE staff are reportedly working within the Office of Biometric Management (OBIM) at DHS which oversees the biometric systems IDENT and HART, giving them access to the largest database of biometric identifiers in the world.",,,#<Source:0x000000011fc7f388>,FedScoop,,"","",DHS
2025-05-06,2025-05-06,official,76GQmOLo,"Frank Bisignano is confirmed by the Senate to be the new Commissioner of the Social Security Administration, replacing Leland Dudek who was serving as the acting commissioner.",,,#<Source:0x000000011fc7d8f8>,The Associated Press,,"Frank Bisignano, Leland Dudek","",SSA
2025-05-07,2025-05-07,disruption,6muY9B4b,"A spreadsheet created by Conor Fennessy outlines a reported $26 million in grant reductions for programs in the National Parks, including those identified as ""DEI"" or studying climate change. It also axes a popular Scientists in Parks program, that provides educational opportunities for early-career scientists and students. A $400K project to make a park accessible for children with disabilities was also targeted because it was ""DEI.""",,,#<Source:0x000000011fc7c020>,New York Times,,Conor Fennessy,"",DOI
2025-05-07,2025-05-07,report,RXwHP9h5,Representatives from OpenAI are reported to have met with several DOGE associates at the FDA to discuss using AI for drug evaluation work.,,,#<Source:0x000000011fc7a748>,Wired Magazine,,"","",FDA
2025-05-07,2025-05-07,disruption,5GGqzxaQ,"After two months of DOGE-directed cuts, IRS has lost 3600 (31% of that workforce) of the workers who perform audits at the agency. This will drastically reduce the ability of the IRS to detect tax cheating and fraud.",,,#<Source:0x000000011fc78d58>,CBS News,,"","",IRS
2025-05-08,2025-05-08,offboard,5o5MwpMZ,"Gavin Kliger leaves the CFPB, officially because his detail had ended but his departure date is also the day he would be in violation of ethics rules for having not sold stock holdings prohibited to CFBP staff.",,,#<Source:0x000000011fc773b8>,Bloomberg Law,,Gavin Kliger,"",CFPB
2025-05-08,2025-05-08,sighting,gPWQ1A2y,Unnamed DOGE members are reportedly refused entry to the CPSC by its commissioners.,,,#<Source:0x000000011fc75b58>,MSN,,"","",CPSC
2025-05-08,2025-05-08,disruption,4oxeRmz2,"Trump abruptly fires three Democratic members of the board of the CPSC, eliminating quorum for the board and rendering the agency leadership inert.",,,#<Source:0x000000011fc74208>,MSN,,"","",CPSC
2025-05-08,2025-05-08,disruption,7OPjt5xy,IRS Input Correction Operation employees working at the Kansas City office receive notifications they must work on Saturdays for 2 weekends in May to handle the growing backlog of tax returns due to an overall reduction in IRS staff.,,,#<Source:0x000000011fc72818>,The Independent,,"","",IRS
2025-05-08,2025-05-08,report,520nNb7r,"Fast Company runs an interview with Sahil Lavingia, who is promptly fired by DOGE the following day.",,,#<Source:0x000000011fc70f18>,Fast Company,,Sahil Lavingia,"",VA
2025-05-08,2025-05-08,interagency,5Hd8y5Og,"DOGE staff at NASA, GSA and the White House finalize a list of five NASA grants to be killed and discuss the language for the terminiation letters in a series of email discussions and meetings to 11pm that night. The agency sends a letter to Harvard the following day.",,,#<Source:0x000000011fc5f560>,The Harvard Crimson,,"Josh Gruenbaum, Alexander Simonpour","","GSA, NASA"
2025-05-08,2025-05-08,interagency,ZinXzZnu,"Jeremy Lichtman emails USDA officials to inform them that GSA (likely Josh Gruenbaum) had directed them to review several agency grants for termination. These terminations were reportedly ""awaiting final greenlight from the White House.""",,,#<Source:0x000000011fc5dbe8>,The Harvard Crimson,,"Josh Gruenbaum, Jeremy Lichtman","","GSA, USDA"
2025-05-09,2025-05-09,sighting,4ZxhrZFr,"With the board now fired, DOGE staff are granted access to the Consumer Product Safety Commission headquarters and onboarded into the agency.",,,#<Source:0x000000011fc5c2c0>,MSN,,"","",CPSC
2025-05-09,2025-05-09,action,1V9UXySS,A glimpse of Luke Farritor's visible calendar in a Fox News DOGE profile includes a Microsoft Teams meeting with Thomas Shedd (the acting CIO and fellow GSA employee) as well as another DOL staffer to discuss grants to the agency.,,,#<Source:0x000000011fc5a9e8>,Bloomberg,,"Luke Farritor, Thomas Shedd","",DOL
2025-05-09,2025-05-09,disruption,3FJ5yaAx,OPM is reportedly poised to launch a rebranded version of the formerly-named AutoRIF software for automating the process of designating staff for mass layoffs. It was modernized and given a web interface by DOGE engineer Riccardo Biasini.,,"He's not named in this article, but tagging Biasini since he was linked to it earlier",#<Source:0x000000011fc59138>,Reuters,,Riccardo Biasini,"",OPM
2025-05-09,2025-05-09,official,3jUop1qX,OPM reports it will rolling out a Online Retirement Application (ORA) system which replaces the paper-based system for federal departments served by the National Finance Center and Interior Business Center. This was a program originally started in the Biden Administration that is being accelerated without pilot programs.,,,#<Source:0x000000011fc578b0>,Newsweek,,Joe Gebbia,"",OPM
2025-05-09,2025-05-09,sighting,5fdC2pM1,DOGE staff reportedly met with Peace Corps leadership to discuss staffing cuts and expected resignations.,,,#<Source:0x000000011fc56000>,National Public Radio,,"","",PeaceCorps
2025-05-12,2025-05-12,disruption,1tBAJ7d7,"CISA announces that it will cease posting many cybersecurity alerts on its website and instead only send them to email or X. After a public outcry, it reverses this decision.",,,#<Source:0x000000011fc54610>,Bank Info Security,,"","",CISA
2025-05-12,2025-05-12,access,6v58lA7s,The Department of Homeland Security issues a subpoena to the state of California and Los Angeles County to demand records from a cash assistance program for immigrants (CAPI).,,,#<Source:0x000000011fc52dd8>,CBS News,,"","",DHS
2025-05-12,2025-05-12,disruption,63fh5vI1,"In a retaliation against the university coordinated by GSA, grants for Harvard University from DOD, HUD, the Department of Energy and the Department of Education are all terminated. There were 200 grants from DOD alone. The stated reasons varied but included that they no longer effectuated the administration's priorities or directly accusing Harvard of fostering antisemitism on campus.",,,#<Source:0x000000011fc51370>,The Harvard Crimson,,"","","GSA, DOD, HUD, Energy, Education"
2025-05-13,2025-05-13,disruption,7cif37rv,"The CFPB, still under the acting leadership of Russell Vought, withdraws a rule proposed in December that would limit the ability of data brokers to sell sensitive information by placing them under the oversight of the Fair Credit Reporting Act (FCRA).",,,#<Source:0x000000011fd1fae0>,Wired Magazine,,Russell Vought,"",CFPB
2025-05-13,2025-05-13,directory,6amFFPAZ,"In an overview of how DOGE has tried to assign teams outside of the executive branch, NPR lists six DOGE staffers at GSA who are involved with those efforts.",,,#<Source:0x000000011fd1e230>,National Public Radio,,"Justin Aimonetti, Nate Cavanaugh, Justin Fox, Jonathan Mendelson, Jack Stein, Marshall Wood","",GSA
2025-05-13,2025-05-13,sighting,4puong1Y,Justin Fox emails GAO (cc'ing Nate Cavanaugh) to schedule a call to get a DOGE team assigned to the GAO. This is despite the GAO being located in the legislative branch and thus not answerable to the President.,,,#<Source:0x000000011fd1c958>,National Public Radio,,"Nate Cavanaugh, Justin Fox","",GAO
2025-05-13,2025-05-13,legal,3ydapTY9,"Ruling in _Rhode Island v. Trump et al_, Judge John McConnell Jr. ordered a preliminary injunction declaring that IMLS grants must be processed and staff brought back.",,,#<Source:0x000000011fd1afb8>,Publishers Weekly,1:25-cv-00128,"","",IMLS
2025-05-13,2025-05-13,disruption,20Efrh5C,"A new memo from the acting principal director for acquisitions at the VA declares that all new contracts for information technology and professional services or any other contract for more than $10 million must be approved first by either Christopher Roussos or Cary Volpert. In addition, they are now required to send weekly reports to both of the DOGE representatives.",,,#<Source:0x000000011fd196b8>,Federal News Network,,"Christopher Roussos, Cary Volpert","",VA
2025-05-13,2025-05-13,legal,118tBN7i,"Ruling in _Rhode Island v. Trump_, Judge McConnell grants a preliminary injunction preventing DOGE and the Trump Administration from dismantling the IMLS, MBDA and FMCS while the case is active.",,,#<Source:0x000000011fd17e30>,Court Document,1:25-cv-00128,"","","IMLS, MBDA, FMCS"
2025-05-14,2025-05-14,disruption,50bUuY8i,"After rescinding 300 past layoffs, the head of human resources at CDC emails Rachel Riley to share that the plan going forward will be to fire one person for every singer person who returns to the agency.",,,#<Source:0x000000011fd16288>,GovExec,,Rachel Riley,"",CDC
2025-05-14,2025-05-14,legal,3b9znEPp,An appeals court rules that DOGE must resume complying with FOIA requests filed by CREW about the organization's internal operations. That work had been on hold since an administrative stay on April 18,,,#<Source:0x000000011fd14988>,New York Times,,"","",DOGE
2025-05-14,2025-05-14,sighting,7W6wi7FV,Nate Cavanaugh and Donald Park reportedly are assigned email addresses and reserved office space at the Export-Import Bank of the US.,,,#<Source:0x000000011fd12fc0>,Bluesky,,"Nate Cavanaugh, Donald Park","",EXIM
2025-05-14,2025-05-14,official,obOu9SpT,"Testifying before a House committee, HHS Secretary Robert Kennedy Jr. described DOGE's role in their layoffs as ""Elon Musk gave us help in figuring out where there was waste, fraud and abuse in the department, but it was up to me to make the decision.""",,,#<Source:0x000000011fd11710>,The Washington Post,,Elon Musk,"",HHS
2025-05-14,2025-05-14,disruption,8cf4dBxA,"Due to DOGE imposing a government-wide restriction on expense cards, many of the Social Security offices are in disarray, unable to do common office tasks like buying paper for printers or shredding documents. There are a few shared purchase cards for the agency, but fewer than a dozen staff in SSA are able to authorize office expenses for all 1300 field offices.",,,#<Source:0x000000011fcdfdf0>,The Washington Post,,"","",SSA
2025-05-15,2025-05-15,oversight,5CqG0eNe,"The ranking Democratic member of the House Committee on Oversight and Government Reform sends a letter requesting that the IRS Inspector General investigate the circumstances of the ""hackathon.""",,,#<Source:0x000000011fcde478>,FedScoop,,"","",IRS
2025-05-15,2025-05-15,oversight,5KA5f7HR,The NLRB confirms that its Inspector General is looking into the allegations of improper network access and data theft by DOGE.,,,#<Source:0x000000011fcdc998>,FedScoop,,"","",NLRB
2025-05-15,2025-05-15,disruption,3mVJbIEe,"The US Agency for Global Media starts sending termination notices to contractors, some of whom are on J1 visas and would be forced to leave the country within 30 days.",,,#<Source:0x000000011fcdb098>,Politico,,"","",USAGM
2025-05-16,2025-05-16,disruption,1hnGzvtt,GOP proposals that would cut student loans and increase debt collection would require new technical capacity and policy that the Department of Education is unlikely to accomplish after many recent cuts and the elimination of technical staff by DOGE.,,,#<Source:0x000000011fcd9680>,The Chronicle of Higher Education,,"","",Education
2025-05-16,2025-05-16,official,3QZhm9bF,A GAO spokesman confirms that DOGE had attempted to assign a team to the agency but had been rebuffed by agency leadership.,,,#<Source:0x000000011fcd7da8>,New York Times,,"","",GAO
2025-05-16,2025-05-16,sighting,6MjLIh4w,"Staff at the MSPB receive an email informing them that Nate Cavanaugh will be onboarded on May 21 as a detailee ""from DOGE"" and that he is expected to spend several weeks reviewing contracts and spending. He will be working remotely.",,,#<Source:0x000000011fcd6390>,Bluesky,,Nate Cavanaugh,"",MSPB
2025-05-16,2025-05-16,disruption,7kWAzJ0K,"Because of DOGE-directed cuts, a National Weather Service office in Jackson, KY did not have an overnight forecaster who is able to track and forecast tornado watches for a storm sweeping across the state.",,,#<Source:0x000000011fcd4ab8>,New York Times,,"","",NOAA
2025-05-16,2025-05-16,directory,5LEUiBjG,"In a response to a FOIA request made by American Oversight, SBA provides a list of all people who have been identified as communication on agency head Kelly Loefler's behalf. It includes a number of people known to be DOGE and others with the title Senior Advisor who might also be doge.gov",,,#<Source:0x000000011fcd3140>,Document Cloud,,"Micaela Lopez Ballefin, Akash Bobba, Joshua Carter, Edward Coristine, Ethan Damiano, Conor Fennessy, Patricia Gibson, Aram Moghaddassi, Donald Park, Riley Sennott, Jordan Wick","",SBA
2025-05-16,2025-05-16,disruption,528Ro1KK,"An internal report at Social Security analyzes new fraud detection mechanisms that were mandated by DOGE for all phone claims. According to analysis, only 2 out of 110,000 claims made were possibly but not certainly fraudultent, and adding the system has slowed claims processing by 25% and degraded service overall.",,,#<Source:0x000000011fcd1908>,NextGov,,"","",SSA
2025-05-19,2025-05-19,disruption,5DmuzV7m,"Although IMLS staff are returned to their positions by court order, employees complain that the email ""reinforced attempts to eliminate staff through trauma, force, and malicious compliance.""",,,#<Source:0x000000011fd9ff88>,Publishers Weekly,,"","",IMLS
2025-05-19,2025-05-19,legal,3ryF6bdi,"The judge presiding over the USIP's lawsuit against the Trump administration rules that the firing of the agency's board was illegal, rendering all subsequent actions taken by Nate Cavanaugh as President null and void.",,,#<Source:0x000000011fd9e688>,The Associated Press,1:25-cv-00804,Nate Cavanaugh,"",USIP
2025-05-19,2025-05-19,interagency,2HBdee67,A glimpse of Luke Farritor's visible calendar in a Fox News DOGE profile includes a quick sync with a finance department deputy at the agency and a DOGE liasion.,,,#<Source:0x000000011fd9ce00>,Bloomberg,,Luke Farritor,"","DOL, DOGE"
2025-05-20,2025-05-20,official,28wzRBnN,"A memo directed to NRC from the White House Office of Information and Regulatory Affairs (OIRA) declares that OIRA should have oversight over regulations made at the independent agency and that NRC staff ""may not know or be privy to the bases for OMB decisions for why an action is significant.”",,,#<Source:0x000000011fd9b5a0>,Energy Intelligence,,"","",NRC
2025-05-20,2025-05-20,disruption,3zmjW3zT,"In a post on its X account, DOGE reports that it is working to review surveys conducted by the Census Bureau and claims to have already eliminated 5 surveys that include questions about alcohol consumption and internet usage.",,,#<Source:0x000000011fd99bd8>,Bluesky,,"","","DOGE, Census"
2025-05-21,2025-05-21,official,4h8xjbch,A spokesperson for the NTSB confirmed that a DOGE team had recently been assigned to the agency to review its operations.,,,#<Source:0x000000011fd98120>,Reuters,,"","",NTSB
2025-05-21,2025-05-21,official,4t43UI0F,The US Institute of Peace reatakes control of its headquarters and leadership re-enters the premises for the first time since being escorted out in DOGE's takeover.,,Should I have some sort of restoration event?,#<Source:0x000000011fd967d0>,The Associated Press,,"","",USIP
2025-05-21,2025-05-21,report,5hBdVW6l,"Staff cleaning the USIP HQ after it is reclaimed by its owners find discarded marijuana, presumably left by DOGE staffers. It is currently illegal for federal workers to smoke pot, and especially so within government facilities.",,,#<Source:0x000000011fd94ef8>,The Economist,,"","",USIP
2025-05-22,2025-05-22,official,7IgxVbzx,"Appearing before Congress, the SBA Administrator Kelly Loefler claimed that DOGE had cancelled contracts worth more than $3 billion dollars in savings. DOGE's own ""wall of receipts"" only listed $22 million in savings for the agency.",,,#<Source:0x000000011fd934b8>,FedScoop,,"","",SBA
2025-05-23,2025-05-23,legal,5fCND3ng,"The Supreme Court issues a stay on the shadow docket for an order from an appeals court that DOGE must start producing documents for CREW, meaning that DOGE is once again able to delay producing documents.",,,#<Source:0x000000011fd91a28>,The Supreme Court,1:25-cv-00511,"","",DOGE
2025-05-23,2025-05-23,disruption,395o34d5,"Reuters reports that DOGE staffers Kyle Schutt and Edward Coristine have attempted to gain access to DHS employee emails in recent months and ordered staff to train AI to identify communications suggesting an employee is not ""loyal"" to Trump's political agenda. Given earlier reports, the AI in question is like xAi's ""Grok"" AI system.",,,#<Source:0x000000011fd900b0>,Reuters,,"Edward Coristine, Kyle Schutt","",DHS
2025-05-23,2025-05-23,disruption,6XvVTqRw,"Ethan Shaotran sends a Survey of Surveys email to federal agencies asking them to report information on data-collection surveys. This is redundant to the existing survey oversight already conducted by OMB, and there are concerns about what the data will be used for.",,,#<Source:0x000000011fe3e7a0>,National Public Radio,,Ethan Shaotran,"",GSA
2025-05-23,2025-05-23,official,6oj0XhzA,"President Trump issues EO 14300, which orders the NRC to relax its regulatory oversight over the nuclear industry. It also demands that the agency must plan for a Reduction-in-Force (RIF) and realign its organizational priorities. Following the model used by the Trump Administration for other independent agencies, this is probably the prelude for DOGE to arrive at the agency.",,,#<Source:0x000000011fe3cf40>,The American Presidency Project,,"","",NRC
2025-05-(23)~,2025-05-23,action,2QEcj42r,"In a meeting shortly after Trump signed executive orders relating to the NRC, DOGE staffer Adam Blake reportedly told the chair and top staff of the Nuclear Regulatory Commission that they would be expected to ""rubber stamp"" any reactor designs which might be tested by the Department of Energy or the Department of Defense.",,,#<Source:0x000000011fe3b578>,E&E News,,Adam Blake,"",NRC
2025-05-23,2025-05-23,interagency,47a5ugPC,"In a podcast appearance, Antonio Gracias reported that the Department of Justice had requested for DOGE to find ""10-20 cases"" of alleged noncitizen voting in every state.",,,#<Source:0x000000011fe39cc8>,Democracy Docket,,Antonio Gracias,"","DOJ, DHS"
2025-05-(25)~,2025-05-25,disruption,7dOvCCef,"Over 200 loan recipients have their birth date voided and their accounts closed in the National Payment Service (NPS) system. This action was likely taken by Jordan Wick in response to discovering that some number of loan recipients had ""1900"" as their birth years (DOGE presumed similar circumstances at SSA indicated fraud when it was really issues with data entry). It is possible that this action was a pretext for closing other accounts.",date just reported as late May,,#<Source:0x000000011fe38468>,National Public Radio,,Jordan Wick,"",USDA
2025-05-26,2025-05-26,disruption,6ozDhEa2,"After Politico published a report that included an email from a 30-year veteran of the Bureau of Land Management which told staff to ignore instructions from Stephanie Holmes that they weren't allow to sub in for empty roles, he is escorted out of the building by security.",,,#<Source:0x000000011fe36af0>,The Washington Post,,"","",DOI
2025-05-26,2025-05-26,legal,onhIeTZy,"Judge Vargas, ruling in _New York v. Donald Trump_ lifted restrictions on DOGE staff accessing Treasury systems, saying that the government had demonstrated it was following proper procedures. ",,,#<Source:0x000000011fe351a0>,Court Document,1:25-cv-01144,"Sam Corcos, Tom Krause, Todd Newnam, Linda Whitridge, Ryan Wunderly","",Treasury
2025-05-27,2025-05-27,disruption,6YIY3WIh,"Pentagon staff are told they now no longer have to submit the Five Things email, but they are now tasked with a mandatory exercise to submit one thing that improves efficiency or reduces waste.",,,#<Source:0x000000011fe33800>,DefenseScoop,,"","",DOD
2025-05-27,2025-05-27,interagency,4hatylun,A glimpse of Luke Farritor's visible calendar in a Fox News DOGE profile includes a meeting with a representative from the Department of Justice and another from the FBI.,"It's unclear what agency Farritor is representing here, but assuming it's DOL since other events were there.",,#<Source:0x000000011fe31e88>,Bloomberg,,Luke Farritor,"","DOL, FBI, DOJ"
2025-05-28,2025-05-28,offboard,2av8Swnp,Elon Musk claims on his X.com account that he has ended his time as a Special Government Employee but that he remains on good terms with the team.,,,#<Source:0x000000011fe30498>,New York Times,,Elon Musk,"",DOGE
2025-05-28,2025-05-28,legal,aDKiKq5b,Former 18F employees file a class-action appeal with the Merit Systems Protection Board stating that GSA did not provide a valid reason for eliminating the agency and the firings were acts of retaliation because of their perceived political affiliations.,,,#<Source:0x000000011fe1ec20>,FedScoop,,"","",GSA
2025-05-29,2025-05-29,offboard,MJJHVXvK,"In the wake of Elon Musk's departure, Steve Davis, Katie Miller and James Burnham reportedly also left DOGE. Davis had been widely described as running the day-to-day operations of DOGE, and it's unclear who will take that over.",,,#<Source:0x000000011fe1d2f8>,The Hill,,"James Burnham, Steve Davis, Katie Miller","",DOGE
2025-05-29,2025-05-29,offboard,qGW3IvqQ,Steve Davis and Nicole Hollander reportedly resign their positions and depart from the GSA and government service in the wake of Elon Musk leaving DOGE,,,#<Source:0x000000011fe1b930>,Wired Magazine,,"","",GSA
2025-05-30,2025-05-30,legal,tvAusFx6,"The judge in _AFL-CIO vs. OPM_ examines Greg Hogan on the stand and asks if he had followed [the principle of least privilege](https://en.wikipedia.org/wiki/Principle_of_least_privilege) in providing system access to DOGE. The judge's questions indicated that she seemed to be leaning towards a issuing a preliminary injunction against DOGE's ""chaotic"" access to systems at OPM.",,,#<Source:0x000000011fe19fe0>,Federal News Network,1:25-cv-01237,Greg Hogan,"",OPM
2025-05-31,2025-05-31,report,1p5jvsJN,"Edward Coristine and Luke Farritor's roles are both converted into regular positions at the GSA at the GS-15 level, which would mean an annual salary of $167,603 - $195,200 in Washington, DC. This is the maximum level possible for a general government worker, and it often takes years or decades to reach. It would not normally be granted to staff with such limited work experience.",,,#<Source:0x000000011fe18820>,Wired Magazine,,"Edward Coristine, Luke Farritor","",GSA
2025-06-XX,2025-06-01,official,2F23z1OO,The White House Presidential Personnel Office contacts DOGE leads across the government to inform them that Steve Davis is no longer an employee of DOGE and they should cease all contact with him.,"Not named, but linking to Trent Morse, since this is his office.",,#<Source:0x000000011fe16f48>,Politico,,Trent Morse,"",EOP
2025-06-XX,2025-06-01,report,4nZTdaoY,"After several DOGE staffers expressed concerns that he should not have access to government information or continue to direct DOGE staff, Steve Davis reportedly pushes for their firing, calling it an attempted coup. Sam Corcos is named as one DOGE staffer who was given the silent treatment by Davis and allies.",,,#<Source:0x000000011fe15670>,The Wall Street Journal,,"Sam Corcos, Steve Davis","","DOGE, Treasury"
2025-06-XX,2025-06-01,interagency,4KKta0mn,A lawyer at ICE proposes expanding the original data sharing MOU between the agency to also support requesting data on US citizens and lawful permanent residents (it had been limited to undocumented immigrants previously). Anthony DeMello rejected this change at the IRS and insisted that senior leadership at Treasury would have to sign off on this due to possible legal risks.,meeting date not given,,#<Source:0x000000011fe13c58>,Pro Publica,,"","","IRS, ICE"
2025-06-02,2025-06-02,official,7F1ZKLk8,"In the budget for next year, the White House requests $45 million total for DOGE, forecasting 150 employees would work for the agency. From this amount, it allocates $10 million for a ""software modernization initiative,"" with $35 million being provided to DOGE through reimbursement from agencies where DOGE staff will be embedded.",,,#<Source:0x000000011fe121c8>,NextGov,,"","",DOGE
2025-06-02,2025-06-02,offboard,79WjZ5I5,"In the wake of Elon Musk's exit from DOGE, the four SpaceX engineers that have been working secretly in the FAA – Ted Malaska, Sam Smeal, Thomas Kiernan and Brady Glantz – are all immediately removed from the agency. The Post reports that some agency staff went for post-work drinks to celebrate the banishment of the DOGE team.",,,#<Source:0x000000011fe10760>,The Washington Post,,"Brady Glantz, Thomas Kiernan, Ted Malaska, Sam Smeal","",FAA
2025-06-02,2025-06-02,disruption,7Ua8GS3j,"NIH staff are forced to send all grant proposals through an AI tool that looks for topics banned by the Trump administration. This includes topics like ""DEI, transgender, China, or vaccine hesitancy."" Staff are also ordered to check that medical research grants aren't being awarded to certain schools like Harvard or Columbia which are seen as enemies of Trump.",,,#<Source:0x000000011fd5ef60>,The Washington Post,,"","",NIH
2025-06-03,2025-06-03,legal,5Gti8aTf,HHS employees from multiple agencies who were fired in the recent Reduction-in-Force at the agency file a class action lawsuit claiming that the data used for the retention register was fatally flawed and DOGE practiced no due diligence in correcting for that.,,,#<Source:0x000000011fd5d610>,Court Document,1:25-cv-01750,"","","HHS, CDC, CMS, FDA"
2025-06-04,2025-06-04,disruption,HSNBGnh4,"Field representatives for the Census surveys share that the public is growing increasingly distrustful of participating in government surveys due to concerns that their data might be used against them by DOGE. This is especially true for minority and vulnerable populations, increasing the real risk of skewed statistics.",,,#<Source:0x000000011fd5bc98>,National Public Radio,,"","",Census
2025-06-04,2025-06-04,official,6a115zfz,"In an appendix for next year's budget request, the White Houre reports that approximately 89 staffers have worked for DOGE this fiscal year, and this number includes direct employees as well as staff on reimburable details. It's unclear if this count includes remaining members of the USDS, but that seems likely.",,,#<Source:0x000000011fd5a230>,Politico,,"","",DOGE
2025-06-04,2025-06-04,official,5Kjz8pzk,"Testifying to Congress, Russell Vought says the White House is in ""the midst of … establishing the leadership on an ongoing basis."" But he also says more DOGE staff will be embedded directly in agencies to report to leadership there. Amy Gleason is not mentioned.",,,#<Source:0x000000011fd58728>,FedScoop,,Russell Vought,"",DOGE
2025-06-04,2025-06-04,disruption,JVRX7BOe,"A $47 million dollar contract for expanding a major immigration facility in Georgia is paused pending review by DOGE under a new policy that requires review for any DHS contract worth more than $20 million. Previously, DHS had been exempt from such spending controls by DOGE.",,,#<Source:0x000000011fd56dd8>,The Washington Post,,"","",ICE
2025-06-(05)~,2025-06-05,disruption,5iPb1g7n,"Concerned by Steve Davis' attempts to stay involved with DOGE despite no longer being employed by the agency and instructions to not interact with him, DOGE staffers Yinon Weiss, Sam Corcos, Ryan Shea, and Adam Blake privately questioned Davis about his involvement. They also reportedly contacted DOGE general counsel Austin Raynor about the legality of his continued involvement.","date is not given in article, unclear if at meeting or afterwards",,#<Source:0x000000011fd55488>,Politico,,"Adam Blake, Sam Corcos, Steve Davis, Austin Raynor, Ryan Shea, Yinon Weiss","",DOGE
2025-06-(05)~,2025-06-05,report,3jzcZqoH,"Frank Bisignano is granted permission to remove any DOGE staff at his agency. According to the report, ""Bisignano parted ways with one DOGE staffer from SSA, who in June moved to the National Aeronautics and Space Administration."" The date and person isn't named, but the CIO replacement at SSA and NASA connection suggest it's Scott Coulter who was removed in early June.",,,#<Source:0x000000011fd53a98>,The Wall Street Journal,,"Frank Bisignano, Scott Coulter","",SSA
2025-06-05,2025-06-05,action,7aqPkVR2,"Despite having left DOGE a week prior, Steve Davis reportedly holds a meeting with DOGE staff hosted on the sixth floor of the GSA headquarters. At the meeting, he reportedly proposes a ""DOGE 2.0"" which would be more collaborative with agency heads.",,,#<Source:0x000000011fd52170>,Politico,,"Steve Davis, Stephen Ehikian","","DOGE, GSA"
2025-06-(05)~,2025-06-05,disruption,1nLi50HW,"Concerned by people questioning his continued authority, Steve Davis reportedly taps Anthony Armstrong, Josh Gruenbaum and Stephen Ehikian to assess the loyalty of DOGE staffers and assert they are the leadership of DOGE now, acting under the authority of JD Vance and Susie Wiles in the White House. This is a bluff, and staffers in the White House counter that their authority is only within GSA itself.",,,#<Source:0x000000011fd507a8>,Politico,,"Anthony Armstrong, Steve Davis, Stephen Ehikian, Josh Gruenbaum","","GSA, DOGE"
2025-06-06,2025-06-06,report,5Mk65UMZ,"Several senior staff write a memo to agency leadership reporting that California, Washington and Illinois had cooperated with EO 14243 requesting info on their state's Medicaid programs. They strenously object to a plan to share this data with DHS, noting that it would violate the privacy act and other laws as well as agency practices, and that it could be used to identify and target immigrant communities in those states.",,,#<Source:0x000000011fe9ec40>,The Associated Press,,"","",CMS
2025-06-06,2025-06-06,directory,6XoiI5HX,An article in the _New York Times_ reports that both Tyler Hassen and Stephanie Holmes are still active at the DOI.,,,#<Source:0x000000011fe9d200>,New York Times,,"Tyler Hassen, Stephanie Holmes","",DOI
2025-06-06,2025-06-06,report,1ar8TwsA,"Despite the departure of Elon Musk and several key leaders below him, DOGE is actively recruiting for new hires, promising pay of up to $195,200 (the maximum for a GS-15) and a two year excepted term. DOGE is reportedly hiring for both the USDS and the DOGE Temporary Organizations that embed in other agencies.",,,#<Source:0x000000011fe9b978>,Wired Magazine,,"","",DOGE
2025-06-06,2025-06-06,legal,7ROgHwXL,"In a 6-3 ruling on an emergency application, the US Supreme Court overturned rulings from lower courts that DOGE would have to comply immediately with records requests from CREW in their lawsuit. This rejection does not terminate the case, but it allows for an indefinite pause as cases are being considered.",,,#<Source:0x000000011fe99f88>,New York Times,1:25-cv-00511,"","",DOGE
2025-06-06,2025-06-06,offboard,3suHuULH,"Tom Krause resigns his position at Treasury and exits government service, according to an email that he sent to employees at the Cloud Software Group, the company which he was simultaneously running. He departed Treasury a month before his SGE status would have required him to leave.",,,#<Source:0x000000011fe985c0>,CRN,,Tom Krause,"",Treasury
2025-06-06,2025-06-06,report,6LLgEiFQ,Wired reports that Thomas Shedd is in need of in-house developers and is looking to revamp and restart the Presidential Innovation Fellows program months after it was eliminated due to the hiring freeze and mass layoffs initiated by Thomas Shedd.,,,#<Source:0x000000011fe96cc0>,Wired Magazine,,Thomas Shedd,"",GSA
2025-06-06,2025-06-06,legal,2F8Zc4RQ,"Ruling in _ALA v. Sonderling_, Judge Richard Leon declines to grant the preliminary injunction sought by plaintiffs, suggesting that the US Court of Federal Claims might be the more appropriate venue for the case, since it involves federal contracts.",,,#<Source:0x000000011fe95438>,Publishers Weekly,,"","",IMLS
2025-06-06,2025-06-06,disruption,32ULtG04,"The SSA website takes down for maintenance a page that provided service metrics. When it is restored after serveral weeks, certain metrics that would have shown the impact of DOGE like average phone wait times are no longer provided.",,,#<Source:0x000000011fe93ae8>,The Washington Post,,"","",SSA
2025-06-06,2025-06-06,sighting,10KZKaAF,A report in the _New York Times_ suggests that Mike Russo and Aram Moghaddassi have essentially been acting as joint CIOs at the agency.,,,#<Source:0x000000011fe92210>,New York Times,,"Aram Moghaddassi, Mike Russo","",SSA
2025-06-06,2025-06-06,report,7C9WQbvz,"ProPublica analyzes public code by Sahil Lavingia for an AI-powered tool to evaluate contracts at the VA and determine which ones are ""munchable"" (meaning they should be canceled). The analysis finds the AI was given poor instructions and lacks context to correctly make these decisions.",,,#<Source:0x000000011fe90aa0>,Pro Publica,,Sahil Lavingia,"",VA
2025-06-06,2025-06-06,disruption,5ZVq4pHh,Analysis by a USAGM grantee based on public data reveals that China has expanded its own propaganda and programming to counter the void left by the closure of Radio Free Asia.,,,#<Source:0x000000011fdbf180>,MSN,,"","",USAGM
2025-06-06,2025-06-06,legal,5RHujvBq,"In a 6-3 ruling on an emergency application, the Supreme Court rejected an injunction that prevented DOGE from accessing Social Security data. In a setback for privacy advocates, this will allow for SSA to share data with DOGE and other agencies, while the case about the legality of that proceeds.",,,#<Source:0x000000011fdbd768>,New York Times,,"","","DOGE, SSA"
2025-06-06,2025-06-06,access,2qesnQ5E,Medicaid staff at CMS are ordered by CMS and HHS leadership to immediately share with DHS data from Medicaid program in certain states that allow non-US citizens to be enrolled. This information could be used by ICE to target and deport immigrants who are legally collecting state benefits.,,,#<Source:0x000000011fdbbcd8>,The Associated Press,,"","","CMS, HHS, DHS"
2025-06-07,2025-06-07,disruption,7mh9D1Rv,"Steve Davis removed DOGE staffers that he considered disloyal from shared Signal chats that DOGE had continued to use for coordination. He also used his influence at GSA to have Ryan Shea removed from his position. Other Davis targets – Yinon Weiss, Sam Corcos and Adam Blake – were able to remain at their posts but were shut out from DOGE communications",,,#<Source:0x000000011fdba310>,Politico,,"Adam Blake, Sam Corcos, Steve Davis, Ryan Shea, Yinon Weiss","",DOGE
2025-06-09,2025-06-09,report,53sknuGQ,More than 60 employees at NIH sign their names to a public letter condemning the degradation of the agency under the Trump Administration.,,,#<Source:0x000000011fdb8a38>,New York Times,,"","",NIH
2025-06-09,2025-06-09,legal,657iS0Kg,"Judge Cote, presiding over AFGE v. OPM, grants a preliminary injunction against DOGE having access to systems at OPM and orders them to destroy any information they have copied. She finds that OPM failed to follow proper procedures for granting access.",,,#<Source:0x000000011fdb71d8>,Court Document,1:25-cv-01237,"","",OPM
2025-06-09,2025-06-09,report,7hXwZjX4,"In a recent interview with the _Wall Street Journal_, the new head of SSA, Frank Bisignano, states that ""DOGE personnel, including eight engineers, are integral to getting the job done""",,,#<Source:0x000000011fdb5770>,The Wall Street Journal,,"","",SSA
2025-06-10,2025-06-10,report,7YP77O7V,"Despite having left government service, Elon Musk, Steve Davis and Katie Miller reportedly tell top DOGE staff at a meeting that Musk continues to back their work and they should continue to stay the course.",,,#<Source:0x000000011fdb3e70>,The Wall Street Journal,,"Steve Davis, Katie Miller, Elon Musk","",DOGE
2025-06-10,2025-06-10,disruption,32DCNzTK,"The Trump administration leadership at NEH conducts a Reduction-in-Force (RIF) and lays off an estimated 100 employees at NEH. All total, approximately two-thirds of the agency staff are estimated to have lost their jobs by this point, with only 60 or so remaining at the agency.",,,#<Source:0x000000011fdb25c0>,Art News,,"","",NEH
2025-06-10,2025-06-10,access,mSeONpfj,John Solly asks staff in the Social Security Administration's CIO office (then possibly under the leadership of Scott Coulter or Aram Moghaddassi) to create a cloud environment to upload the NUMIDENT data to. The stated reason was purported reason for the project was to improve the way that SSA exchanges data.,,,#<Source:0x000000011fdb0c48>,Government Accountability Project,,"Aram Moghaddassi, John Solly","",SSA
2025-06-10,2025-06-10,legal,7SKDJ6RT,"Ruling in _Brehm v. Marocco_, Judge Leon denies the plaintiff's request for a temporary restraining order, finding that Trump was likely within the bounds of the law when he removed board members of the USADF.",,,#<Source:0x000000011fd3f3b8>,Civil Rights Litigation Clearinghouse,1:25-cv-00660,"","",USADF
2025-06-11,2025-06-11,action,2xFYeu9H,"John Solly modifies his request to instead ask to transfer NUMIDENT data to a test environment. This is not entirely unheard of, but it's considered a very insecure practice to move production data into a testing environment that might not be authorized for that. DOGE then amends their request again to ask for full admin access to SSA's cloud environment.",,,#<Source:0x000000011fd3dab8>,Government Accountability Project,,John Solly,"",SSA
2025-06-12,2025-06-12,legal,63bcnWEC,"The plaintiffs in _Rhode Island v. Trump et al_ file an amended complaint asking the court to rule that the IMLS closure was unconstitutional and violated the Administrative Procedures Act. As part of this filing, they issued summons to Keith Sonderling, Donald Trump, Howard Lutnick and Russell Vought. They have 60 days to respond, pushing the nest phase of the trial to August.",,,#<Source:0x000000011fd3c280>,Publishers Weekly,1:25-cv-00128,"Keith Sonderling, Russell Vought","",IMLS
2025-06-12,2025-06-12,disruption,4YbBDKKK,A career official writes up a Risk Acceptance Request Form to share with Aram Moghaddassi and another unnamed career official in the office of the CIO at Social Security about DOGE's request to have administrative access to a separate Virtual Private Cloud within the Amazon Web Services infrastructure at SSA. The official classifies this as high-risk due a proposal to copy NUMIDENT data to a developer environment with looser access controls and security measures. DOGE developers would also be able to make this data publicly accessible without following the Authority to Operate (ATO) requirements for any new public services and install software not approved for operation in SSA infrastructure.,,,#<Source:0x000000011fd3a958>,Government Accountability Project,,"Aram Moghaddassi, John Solly","",SSA
2025-06-14,2025-06-14,report,7GI672HF,"Surprised by Israel's strikes on Iran and unable to counter Iranian programming, the Voice of America orders all of its Farsi-speaking members in the Voice of America's Persian wing immediately back to work. All of them had been on enforced administrative leave for several months.",,,#<Source:0x000000011fd390a8>,Politico,,"","",USAGM
2025-06-16,2025-06-16,disruption,fIZjw7yF,"Citing ""heavy workload and limited resources,"" the FDA informs a drug manufacturer that it will be unable to meet a deadline to approve a new drug to treat a life-threatening hereditary condition. This is a first-time event for the agency, and some suggest it's a direct result of DOGE-directed staff reductions at the FDA.",,,#<Source:0x000000011fd374d8>,Axios,,"","",FDA
2025-06-16,2025-06-16,oversight,7f4qUKyi,"The GAO determines that the executive branch violated _The Impoundment Act of 1974_ when it prevented agency functions, including withholding funds that were not eligible for cancellation under any circumstances. The GAO general counsel Edda Emmanuelli Perez noted that GAO had reached out to IMLS for information, requesting responses on May 5 and May 12 but were not replied to.",,,#<Source:0x000000011fd35ca0>,Publishers Weekly,,"","",IMLS
2025-06-16,2025-06-16,oversight,6w8Oownm,"The top Democrat on the House Oversight Committee sends a letter to Microsoft requesting access and information about Jordan Wick's now-private Github account, specifically requesting to see details about the NxGenBdoorExtract program.",,,#<Source:0x000000011fd344b8>,National Public Radio,,"","",NLRB
2025-06-16,2025-06-16,disruption,WOPqsi6l,White House Deputy Director Trent Morse sends a letter firing one of the five members of the board (and the only Biden appointee) for the Nuclear Regulatory Commission.,,,#<Source:0x000000011fd32ca8>,National Public Radio,,Trent Morse,"",NRC
2025-06-18,2025-06-18,disruption,6GtPePGY,"Following the guidance in EO 14222, DHS head Kristi Noem demands that every contract and grant worth more than $100,000 must be explicitly reviewed and approved by her. This particularly alarms staff at FEMA who warn that it will destroy the agency's ability to respond to disasters in a timely manner.",,,#<Source:0x000000011fd315d8>,CNN,,"","","DHS, FEMA, TSA, ICE, USCIS"
2025-06-23,2025-06-23,offboard,7P6wvu1k,"Less than a month after he was officially hired at GSA, Edward Coristine reportedly resigns his position and is removed from the building directory.",,,#<Source:0x000000011fcbfd48>,Wired Magazine,,Edward Coristine,"",GSA
2025-06-23,2025-06-23,sighting,5eFonNQd,"Edward Coristine is reportedly sighted at the Woodlawn, MD location of the Social Security Administration alongside Aram Moghaddassi. It is later confirmed that he is now working as a Special Government Employee (SGE) for the agency after he had resigned his position at GSA.",,,#<Source:0x000000011fcbe600>,Wired Magazine,,"Edward Coristine, Aram Moghaddassi","",SSA
2025-06-23,2025-06-23,access,nRkE1RFB,Career staff in the Office of the CIO at Social Security approved DOGE's request to setup their own separate cloud environment apart from the usual oversight and processes of cloud services at SSA. They deny a request by DOGE to transfer highly-sensitive NUMIDENT data to the cloud.,,,#<Source:0x000000011fcbce40>,Government Accountability Project,,"","",SSA
2025-06-24,2025-06-24,disruption,2ctfSciG,"Jeremy Lewin signs off on an award to a Trump-backed aid group in Gaza, despite objections that the group failed to meet ""minimum technical or budgetary standards"" and waived mandatory counter-terrorism and fraud safeguards. The funding request was made by Kenneth Jackson, who ignored 58 objections raised by former USAID staff.",,,#<Source:0x000000011fcbb658>,Regional Media News,,"","",State
2025-06-24,2025-06-24,disruption,3OFYYVBv,Jeremy Lewin overrides many objections by staffers reviewing the grant and rushes a grant of $30 million for the month of June to the Gaza Humanitarian Foundation only five days after its funding request was submitted. The request was also handled by Kenneth Jackson and accumulated over 58 objections from USAID staffers that GHF failed both technical and financial requirements for aid recipients. GHF was hastily formed in February 2025 and has been faulted for forcing Palestinians to navigate crowded militarized zones to receive aid. This has resulted in multiple mass killings near GHF sites.,,,#<Source:0x000000011fcb9e48>,Reuters,,"Kenneth Jackson, Jeremy Lewin","","USAID, State"
2025-06-25,2025-06-25,disruption,6McXgDX4,"Jerome Powell, the Chair of the Federal Reserve, expresses public concerns that DOGE-directed staffing cuts at the Bureau of Labor Statistics have started to affect the quality of economic data used for forecasting and decisions. In a recent survey on prices, the rate of imputed prices jumped from 10% to 30% due to staffing shortfalls.",,,#<Source:0x000000011fcb8570>,Business Insider,,"","",DOL
2025-06-25,2025-06-25,access,6sBdoQg6,"Reportedly acting as a joint CIO at Social Security, Mike Russo overrides the concerns of junior staff in the Office of the CIO at the Social Security Administration and approves a request by John Solly to transfer NUMIDENT data into the new DOGE-controlled cloud environment.",,,#<Source:0x000000011fcb6e28>,Government Accountability Project,,"Mike Russo, John Solly","",SSA
2025-06-25,2025-06-25,oversight,5h6D4Qhp,"Democratic Congressman Mark Takano sends an angry letter to Secretary Collins of the VA demanding answers about DOGE activities including if they have installed spyware on agency machines, if they have been piloting AI, and if they have accessed medical records. He also asks for detailed information on DOGE staff at the agency.",,,#<Source:0x000000011fcb5618>,Stars and Stripes,,"Justin Fulcher, Jon Koval, Sahil Lavingia, Payton Rehling, Christopher Roussos, Cary Volpert","",VA
2025-06-25,2025-06-25,disruption,1nJG7vMh,"In a surprise move, the Republican governor of Virginia, the head of public buildings service at GSA and the Commissioner for HUD announce that they will be kicking out the National Science Foundation (NSF) from its Virginia headquarters and moving HUD to that location. There are no details provided on where NSF is expected to relocate to.",,,#<Source:0x000000011fcb3ed0>,GovExec,,"","","GSA, HUD, NSF"
2025-06-25,2025-06-25,interagency,3cyyrMrH,"Although he was considered more friendly to the Trump admininstration and DOGE, Andrew DeMello, the acting general counsel for the IRS refuses to turn over the addresses of 7.3 million taxpayers that had been requested by ICE. He declares there are multiple legal ""deficiencies"" with the request that do not meet the legal safeguards that were listed in the Memorandum of Understanding (MOU) for this process, which declared that such data could only be shared for open criminal investigations.",,,#<Source:0x000000011fcb2580>,Pro Publica,,"","","IRS, ICE"
2025-06-26,2025-06-26,disruption,7lpMwcEg,"The Department of Defense announced that it would immediately stop ingesting and sharing data from 3 microwave-imaging satellites with NOAA's National Hurricane Center. This imaging is used to prevent ""sunrise surprises"" by allowing forecasters to monitor hurricanes at night. The change is expected to degrade the quality of hurricane forecasts.",,,#<Source:0x000000011fcb0c30>,Eye on the Tropics,,"","","NOAA, DOD"
2025-06-26,2025-06-26,official,5FtSVXWx,"In an email to agency partners, the operators of grants.gov declare that the revised mechanism added in April that routed all Notices of Funding Opportunities (NOFOs) through a DOGE email address has been reversed. Instead, agencies are to return to using the tool like that did previously. This doesn't necessarily mean that DOGE or political appointees will not be reviewing grants, but they have no longer locked other users out of the system.",,,#<Source:0x000000011fc1f3e8>,The Washington Post,,Luke Farritor,"","HHS, USDA, Commerce, DOD, Education, Energy, HUD, DOJ, DOL, State, DOT, VA, EPA, NASA, NARA, NEH, NSF, SBA"
2025-06-27,2025-06-27,sighting,1RnL7eiV,DOGE staff are reportedly detailed to work with the ATF General Counsel on revising or eliminating over 50 regulations by July 4th. This would likely make it easier to purchase firearms. They miss this deadline.,,,#<Source:0x000000011fc1dbd8>,The Washington Post,,"","",ATF
2025-06-27,2025-06-27,disruption,CqrtsKU5,"The head of acquisition for the Department of Defense orders that all new contract and task orders for IT consulting, management services, and advisory and assistance support must be approved by the DOGE team embedded within the DOD before they will be granted.",,,#<Source:0x000000011fc1c3f0>,Washington Technology,,"","",DOD
2025-06-27,2025-06-27,disruption,ECAU4796,"Two days after preventing a data sharing request from ICE due to legal issues, the acting counself for the IRS is fired and removed from his job.",,,#<Source:0x000000011fc1ac08>,Pro Publica,,"","",IRS
2025-06-27,2025-06-27,disruption,2m5GmDpN,"The government of Kosovo announces that it has not received any notification about the shuttering of the Millennium Challenge Corporation, despite reports of its closure in April.",,,#<Source:0x000000011fc193a8>,Koha,,"","",MCC
2025-06-27,2025-06-27,legal,21WYwOWC,"A federal appeals court issues a stay on a lower-court ruling that blocked DOGE from taking over the USIP. In their ruling, the appeals panel noted that President Trump would face ""irreparable harm from not being able to fully exercise his executive powers,"" should the injunction be allowed to stand. This restores Nate Cavanaugh as President of the USIP.",,,#<Source:0x000000011fc17a58>,The Associated Press,,Nate Cavanaugh,"",USIP
2025-06-27,2025-06-27,legal,hcQYCnwZ,"Ruling in the case _AFL-CIO v. DOL_, Judge Bates determines that he cannot issue a preliminary injunction that would prevent DOGE staffers from accessing sensitive systems at DOL and HHS. DOGE access was never suspended by this case.",,,#<Source:0x000000011fc16400>,Court Document,1:25-cv-00339,"","","DOL, HHS, CMS, CDC, FDA"
2025-06-28,2025-06-28,disruption,6yPCBgrt,"According to a page update on the Federal CIO site, Aram Moghaddassi is named the new CIO of the Social Security Administration, making him the third DOGE-affiliated CIO in a row at the agency. This follows on reports that he had been acting in a co-CIO role with former CIO Mike Russo. He replaces Scott Coulter who was the CIO as recently as late May.",,,#<Source:0x000000011fc14b78>,FedScoop,,"Scott Coulter, Aram Moghaddassi, Mike Russo","",SSA
2025-06-30,2025-06-30,report,RWByC6oC,More than 270 employees at the EPA sign a public letter condemning the Trump administration and agency head Lee Zeldin for politicizing the agency and dismantling its effectiveness.,,,#<Source:0x000000011fc13390>,New York Times,,"","",EPA
2025-06-30,2025-06-30,disruption,3y58APCa,"Due to staffing cuts, there is now an average of 1 SSA worker per 1480 benficiaries, or almost triple the ratio in 1967. This is a direct result of DOGE-driven cuts reducing agency staffing by 7000 since January",,,#<Source:0x000000011fc11ba8>,Association of Federal Government Employees,,"","",SSA
2025-07-(01)~,2025-07-01,action,XTCC1TGA,Christopher Sweet participates in a meeting at HUD to discuss more permanent hosting options for the AI deregulation tool which had been running internally. This could be the precursor to providing it as a service to other agencies.,Meeting reported as in week of 2025-06-30,,#<Source:0x000000011fc10348>,Wired Magazine,,Christopher Sweet,"",HUD
2025-07-01,2025-07-01,disruption,2StGOgfC,DOGE staff at the SEC reportedly have been holding meetings in recent weeks pressuring SEC staff to eliminate regulations around blank-check companies and confidential reporting by private investment funds that were finalized in the Biden administration.,,,#<Source:0x000000011f0fec20>,Reuters,,Eliezer Mishory,"",SEC
2025-07-01,2025-07-01,offboard,544M8JM9,"In response to a letter from the American Federation of Teachers union to nine public pension funds who are investors, Valor Equity Partners confirms that Antonio Gracias was working for Valor the entire time he was in DOGE and also reports that he left DOGE on July 1st. It's unclear what the status of other Valor employees embedded in DOGE, Jon Koval and Payton Rehling, are.",,,#<Source:0x000000011f0fd528>,NBC News,,"Antonio Gracias, Jon Koval, Payton Rehling","",SSA
2025-07-01,2025-07-01,legal,46C7TmBl,"A federal judge grants a preliminary injunction ruling that Trump violated federal laws when he appointed Peter Marocco as the head of the USADF, meaning that all of his subsequent actions to dismantle the agency should be considered null and void.",,,#<Source:0x000000011f0fbd40>,Civil Rights Litigation Clearinghouse,1:25-cv-01631,"","",USADF
2025-07-01,2025-07-01,disruption,1BnDlVM6,"Under the direction of Marco Rubio, USAID officially ceases all operations for foreign aid. A study in the medical journal _Lancet_ suggests that the end of USAID will lead to [14 million deaths worldwide by 2030, with 4.5 million of those being children under that age of 5](https://www.thelancet.com/journals/lancet/article/PIIS0140-6736(25)01186-9/fulltext).",,,#<Source:0x000000011f0fa580>,CNN,,"","",USAID
2025-07-01,2025-07-01,action,5l4oS6xo,"DOGE gives a presentation of a ""DOGE AI Deregulation Decision Tool"" that will use AI to target roughly 50% of federal regulations for elimination, on the argument that they aren't meeting statutory requirements. The goal is to slash these regulations by January 20, 2026. In their presentation, DOGE claims the tool has already made determinations on 1083 decisions at HUD (using Christopher Sweet's work) and has also been used for 100% of deregulatory actions at the CFPB. It also states that DOGE lawyers James Burnham, Austin Raynor, Jacob Altik and Ashley Boizelle have vetted and endorsed the tool.",,,#<Source:0x000000011f0f8cf8>,The Washington Post,,"Jacob Altik, Ashley Boizelle, James Burnham, Austin Raynor, Christopher Sweet","","DOGE, HUD, CFPB"
2025-07-02,2025-07-02,disruption,6gNKgovS,"An analysis by a news organization finds that wait times on calls to Social Security routinely exceed 3 hours, with the system also frequently hanging up on people after 2 hours and promising a callback that never arrives. The Social Security website misleadingly reports the average wait time as 18 minutes.",,,#<Source:0x000000011f0f74c0>,KLAS News,,"","",SSA
2025-07-02,2025-07-02,legal,rGN58xuG,A judge grants a request for a temporary restraining order by Radio Free Europe/Radio Liberty and orders the USAGM to immediately disburse the appropriated funds for the month of June that it had withheld.,,,#<Source:0x000000011f0f5c60>,Radio Free Europe / Radio Liberty,,"","",USAGM
2025-07-03,2025-07-03,disruption,6ZRvs4q6,The Environmental Protection Agency places 144 employees on administrative leave and threatens to open an investigation over them signing an open letter criticizing the agency's actions.,,,#<Source:0x000000011f0f44f0>,New York Times,,"","",EPA
2025-07-04,2025-07-04,disruption,2CURMRwe,"Trump signs the Big Beautiful Bill into law. Among other regressive measures, it slashes the cap on the that the CFPB can pull from by 46% to a maximum of 6.5% of the Federal Reserve operating budget.",,,#<Source:0x000000011f0f2d08>,Consumer Affairs,,"","",CFPB
2025-07-06,2025-07-06,disruption,6ivxCK11,"The head of HHS, Robert F. Kennedy Jr., sends a ""DEI Whistle-blower Questionnaire"" to all staff which is really just a thinly-veiled invitation for federal coworkers to snitch on their colleagues.",,,#<Source:0x000000011f0f14a8>,Rolling Stone,,"","",HHS
2025-07-07,2025-07-07,action,FcKzndFj,"Thomas Shedd announces that after a review of 7200 websites in the federal government, GSA is recommending that 332 of those should be eliminated. These cuts are not evenly distributed (the SBA will eliminate half of its websites). This initiative dates back to 2023 OMB guidance for the [21st Century Integrated Digital Experience Act](https://www.congress.gov/bill/115th-congress/house-bill/5759/text), so this is not a DOGE-created project, but some of the websites and pages are for programs targeted by DOGE.",,,#<Source:0x000000011f09fd38>,Federal News Network,,Thomas Shedd,"",GSA
2025-07-07,2025-07-07,disruption,2lsi7ErJ,"An unidentified DOGE team member used the official DOGE VA account on X.com to send a direct message ridiculing a Republican donor who had proposed the imaginary ""DOGE Dividend Check"" for turning against Musk and  creating an anti-Musk SuperPAC. According to the administration, that person no longer works for the VA.",,,#<Source:0x000000011f09e5c8>,Politico,,"","",VA
2025-07-08,2025-07-08,report,1yivsqc3,"The _Wall Street Journal_ reports that Steve Davis continues to exert control over DOGE via informal communications, despite having departed the agency after Musk left.",,,#<Source:0x000000011f09cd68>,The Wall Street Journal,,Steve Davis,"",DOGE
2025-07-08,2025-07-08,disruption,2esiCrAm,"Funds for FEMA's Shelter and Services Program (SSP) normally used for disaster relief are redirected to instead provide $608.4 million to ICE for the construction of an immigration detention camp in the Florida Everglades. This anount is only slightly smaller than the entire 2025 budget for the program, which has only $83.5 million in reserve for this fiscal year. Possibly, DOGE aide Kyle Schutt might have assisted in finding money by deobligating other grants.",,,#<Source:0x000000011f09b5f8>,Dropsite News,,Kyle Schutt,"",FEMA
2025-07-09,2025-07-09,disruption,5RgpHIL5,"At least 2,145 senior (GS-13 to GS-15) employees at NASA are leaving the agency, due to DOGE's anti-personnel efforts and a proposed budget that would cut the agency budget by 5000 people and 25% of its operating budget. It is unclear if NASA will be able to meet its promise to return astronauts to the moon in 2027 or later send people to Mars with such a reduction in expereinced high-level personnel.",,,#<Source:0x000000011f099f00>,Politico,,"","",NASA
2025-07-09,2025-07-09,onboard,VYuB4LF0,"Scott Kupor is confirmed by the Senate to be the new Director of OPM, replacing Charles Ezell who had been serving in an acting capacity since January 20th.",,,#<Source:0x000000011f098678>,Federal News Network,,"Charles Ezell, Scott Kupor","",OPM
2025-07-10,2025-07-10,report,faPqkp2u,A USDA employee tells _Wired_ that they have been told to refer to the DOGE team at the agency as the USDA Digital Service instead.,,,#<Source:0x000000011f096f58>,Wired Magazine,,"","",USDA
2025-07-10,2025-07-10,report,5rh4e1yz,"A USDA staffer (and USDA spokesperson later confirms) that the DOGE team in the agency is now referred to as the USDA Efficiency Team or ""E Team.""",,,#<Source:0x000000011f095770>,National Public Radio,,"","",USDA
2025-07-10,2025-07-10,official,2MJyYkrF,"The Pentagon releases a memo calling for ""drone dominance,"" including increasing manufacturing, embedding drones within armed units and assuming more risk in developing new technologies. The memo is signed by Pete Hegseth, but it was disributed with a DOGE Controlled tag and revealed the appointment of Owen West as the chief point of contact. This is a marked departure from DOGE's spending control and personnel reduction efforts at the agency.",,,#<Source:0x000000011f093f10>,The Washington Post,,Owen West,"",DOD
2025-07-10,2025-07-10,disruption,cbMdgMEs,"As predicted by experts, the newly created process that mandates that all contracts above $100,000 must be reviewed and approved by agency head Kristi Noem delayed the ability of FEMA to proactively respond to disastrous flash flooding in central Texas. For instance, FEMA could not get approval to stage Search and Rescue teams in the area before the disaster. The agency also was unable to approve additional staff for outreach and responding to calls from affected Americans.",,,#<Source:0x000000011f092818>,CNN,,"","",FEMA
2025-07-10,2025-07-10,report,2qCy4fcr,"In a sign of DOGE's apparent waning influence at the agency, the guard who used to be posted outside of the sixth-floor A suite is gone as well as the signs in the elevator listing that only authorized access is allowed for that floor.",,,#<Source:0x000000011f090fe0>,Politico,,"","",GSA
2025-07-10,2025-07-10,official,6EA733IH,"HHS issues a press release announces that it is cracking down on ensuring that benefits are not being provided to undocumented immigrants, including Head Start among its list of programs that will be receiving greater scrutiny. This policy shift will also likely be used to justify increased information sharing between HHS and ICE.",,,#<Source:0x000000011f83ddd8>,Department of Health and Human Services,,"","",HHS
2025-07-11,2025-07-11,disruption,rFRviJbc,"After DOGE imposed its ""Defend the Spend"" restrictions on reviewing grants, HHS is struggling to review and approve a billion-dollar backlog of delayed grants by the end of the fiscal year in September. This issues have been compounded by mass layoffs, also led by DOGE. Applicants may be forced to apply only within a two-week window and some parts of the agency like the Administration for Children and Families have reportedly asked departed staff to come back or are hiring contractors to resolve the mess.",,,#<Source:0x000000011f833888>,CBS News,,"","",HHS
2025-07-11,2025-07-11,sighting,6ooRu0xC,"In a written response to questions from the Senate Environment and Public Works Committee, the nominee to head the NRC reveals there is currently one DOGE staffer (reported as Adam Blake) detailed to the agency from the Department of Energy to reform the agency following the guidance in EO 14300.",,,#<Source:0x000000011f832000>,The Hill,,Adam Blake,"",NRC
2025-07-11,2025-07-11,disruption,7iWClMDh,"The State Department lays off more than 1300 people – many specializing in violent extremism, refugee resettlement and women's rights – as part of a sweeping reorganization announced by Marco Rubio on April 22. The terminated staff will be placed on a 120-day administrative leave period before formally losing their jobs.",,,#<Source:0x000000011f830868>,CNN,,"","",State
2025-07-11,2025-07-11,report,4W8MKpIH,"Jeremy Lewin is promoted to Under Secretary for Foreign Assistance, Humanitarian Affairs and Religious Freedom in the State Department. This is the third highest rank in the agency and he is possibly the youngest person to ever hold it.",,,#<Source:0x000000011f69bdb8>,The Washington Post,,Jeremy Lewin,"",State
2025-07-12,2025-07-12,disruption,6RIjlGF4,Almost all USIP staff receive an email on Saturday telling them they are terminated effective immediately.,,,#<Source:0x000000011f692b50>,CNN,,Nate Cavanaugh,"",USIP
2025-07-14,2025-07-14,report,5k3dMxFA,"Although the building is still somewhat in use and staff are being paid, CFPB staff report that the agency has been mostly inoperable for six months and unable to perform its mission to protect the public.",,,#<Source:0x000000011f5bb948>,MSN,,"","",CFPB
2025-07-14,2025-07-14,disruption,2ckAriW2,The Social Security Administration begins to warn approximately half a million Americans who still receive their benefits by paper check that they will need to call the Treasury Department themselves and request a waiver. Those who have not had their waivers processed by the end of September may experience a delay in receiving benefits even if their waiver application is pending. This action is being taken to comply with EO 14247.,,,#<Source:0x000000011f5b4ee0>,GovExec,,"","",SSA
2025-07-14,2025-07-14,disruption,6jAlgVJa,"Declaring that a Supreme Court shadown docket ruling on July 8th gave them the go-ahead, HHS declares a Reduction-in-Force that was initiated on April 1st is still in effect by sending affected employees a messages stating ""You are hereby notified that you are officially separated from HHS at the close of business on July 14, 2025. Thank you for your service to the American people."" The number of affected employees is in the thousands, but some of the 10,000 fired in the original RIF are still protected by another case _New York v. Kennedy_.",,,#<Source:0x000000011f39eb38>,CNN,,"","","HHS, FDA, CDC, CMS, NIH"
2025-07-14,2025-07-14,disruption,2JQwgqr4,"Months after the destruction of USAID and folding in some of its staff and responsibilities into the US Department of State, the Trump administration incinerates 500 million tons of emergency food biscuits worth $800,000 rather than sending it to Afghanistan and Pakistan, where it could have fed 1.5 million children for a week because it was due to expire. Marco Rubio had promised the House Appropriations Committee that he would ensure food aid is distributed before expiration, but the government eliminated all aid to Afghanistan and refused to divert the food to other emergency crises. The cost of destroying the biscuits will be $130,000 making this nearly a $1 million dollar loss incurred by DOGE (not to mention lives that will be lost).",,,#<Source:0x000000011f39ae70>,The Atlantic,,"","","USAID, State"
2025-07-15,2025-07-15,legal,6p1CHIrc,"In a setback for the Trump administration, an appeals court rules in _CREW v. DOGE_ that the agency must comply with records requests being made by CREW and that the official DOGE administrator Amy Gleason must be made available to testify. This came after CREW modified its initial request to exclude certain communications that the Supreme Court had ruled should be exempted. Those changes were enough to satisfy the appeals court.",,,#<Source:0x000000011f397018>,Bloomberg,,Amy Gleason,"",DOGE
2025-07-15,2025-07-15,report,2HgIdWJJ,"As an example of one of the many ways that DOGE's simplistic cost-cutting can have downstream effects, IPOs for biotech startups have dramatically slowed this year with many companies expressing concern that the reduced capacity of a diminished FDA will significantly affect their businesses.",,,#<Source:0x000000011f393760>,Axios,,"","",FDA
2025-07-15,2025-07-15,report,V6Rntzya,"Reporting on DOGE's efforts to import IRS data into immigration enforcement databases, ProPublica reports that 7.3 million addresses requested by ICE have still not yet been shared with the agency by the IRS. IRS staff do not believe that ICE has 7 million open investigations and are concerned that outdated or inaccurate information in the dataset could lead to false arrests and detentions. However, IRS is still building this system and is targeting a late July launch date.",,,#<Source:0x000000011f37fee0>,Pro Publica,,"","",IRS
2025-07-15,2025-07-15,disruption,52hHHO4P,"Acting in his role as the CIO for Social Security Administration, Aram Moghaddassi authorizes a Provisional Authority to Operate (P-ATO) for the project of moving the NUMIDENT data from Social Security's controlled environment into the special cloud soley operated by DOGE. As the CIO, he is allowed to assume the risk of bypassing mandatory security requirements, but not if it violates federal law or puts sensitive data at risk of being stolen.",,,#<Source:0x000000011f373370>,Government Accountability Project,,"","",SSA
2025-07-16,2025-07-16,access,7T4tS2gc,"The Centers for Medicare and Medicaid Access (CMS) within HHS have reportedly signed a deal to deliver information on all 79 million enrollees in Medicaid to Immigration and Customs Enforcement (ICE). This information, which includes the addresses and ethnicities of enrollees, will supercharge a surveillance machine assembled by DOGE that is being used by ICE to arrest undocumented immigrants (and others).",,,#<Source:0x000000011f334940>,The Associated Press,,"","","DHS, ICE, HHS, CMS"
2025-07-17,2025-07-17,disruption,bWh2ocEx,"Despite claims by USDA leadership that they had met 99% of their hiring goals, more than 4500 (approximately 27%) firefighting jobs in the US Forest Service are unfulled, according to an internal staffing tool at the agency. This rough assessment is supported by anecdotal accounts of firefighting offices in states facing a challenging year for forest fires.",,,#<Source:0x000000011f15f9d0>,Pro Publica,,"","",USDA
2025-07-17,2025-07-17,disruption,6MnCvHNL,"Congress passess a $9 billion recissions package that codifies DOGE cuts to foreign aid and the Corporation for Public Broadcasting, despite concerns from Democrats and two Senate Republicans that its cuts are purposefully vague and undermine Congress' role in the budget process.",,,#<Source:0x000000011f156c18>,New York Times,,"","","USAID, State, CPB"
2025-07-18,2025-07-18,official,4E0yYFRr,"The Air Force contacts media to report that it has cut $10.4 billion in costs after DOGE reviewed over 500 contracts and 50 business systems. The bulk of this savings came from cancelling the Department Air Force Strategic Transformation Support (DAFSTS) Contract for $4.8 billion in avoided costs. This however was an umbrella contract for a wide variety of IT modernization and consulting services, for which money had not been allocated, meaning that this tally might be affected by the same fuzzy double-counting and hypothetical savings that were an issue on the DOGE's own tally of cost recovery.",,,#<Source:0x000000011f1516c8>,MeriTalk,,"","",DOD
2025-07-18,2025-07-18,report,6duJ4MN8,"In an interview with the _Financial Times_ about his reported squeeze of government contractors, Josh Gruenbaum denies he has made unreasonable demands of many companies while going easy on Trump allies during his reviews of all government contracts overseen by the Federal Acquisition Service at GSA.",,,#<Source:0x0000000102ccec98>,The Financial Times,,Josh Gruenbaum,"",GSA
2025-07-21,2025-07-21,offboard,2AYfCe2r,"In a move that is seen as reprisal for GSA leadership's support of Steve Davis attempt to continue running DOGE after he left, the Trump White House names Mike Rigas as the new acting administrator of GSA. This demotes Stephen Ehikian to his role as Deputy Administrator of GSA only.",,,#<Source:0x000000011f11ef70>,Politico,,Stephen Ehikian,"",GSA
2025-07-21,2025-07-21,directory,43e2K83z,Multiple DOGE staff are listed in the invite for a new meeting for political appointees at the agency which will be held once every two weeks.,"Jeremy Lewin is a Deputy Undersecretary at State, but still a GSA employee?",,#<Source:0x000000011f11d580>,NextGov,,"Nate Cavanaugh, Luke Farritor, Justin Fox, Jeremy Lewin, Dave Malcher, Frank Schuler, Ethan Shaotran, Alexander Simonpour, Marshall Wood","",GSA
2025-07-21,2025-07-21,disruption,3BJrr1L0,Scott Kupor states that he expects to eliminate roughly 1000 positions at OPM (or about a third of its staff) by the end of the year.,,,#<Source:0x000000011f11bb68>,The Washington Post,,Scott Kupor,"",OPM
2025-07-21,2025-07-21,report,6woiuaP3,The head of security for the US Institute of Peace sits for an interview discussing how he was betrayed by the security contractor for the agency and taking back custody of the building after the May 21st court ruling.,,,#<Source:0x000000011f11a1c8>,ASIS International,,"","",USIP
2025-07-22,2025-07-22,disruption,6Rwt1Xfe,"After losing its grant on May 28, Oregon's Resource Assistance for Rural Environments (RARE) is forced to end many of its programs that served rural communities in the  state.",,,#<Source:0x000000011f118760>,The Daily Yonder,,"","",AmeriCorps
2025-07-22,2025-07-22,disruption,1qDeUmVY,"The head of FEMA's Urban Search and Rescue unit resigns, protesting that the new cost controls created by DOGE and Kristi Noem is causing chaos inside of the agency and will lead to deadly delays during a disaster.",,,#<Source:0x000000011f116c08>,New York Times,,"","",FEMA
2025-07-22,2025-07-22,report,OjimcrFG,"Over 140 NSF employees sign a public letter condemning Trump's destructive acts towards the agency. These include the surprise announcement that the agency HQ will be taken over by HUD, the termination of 10% of the agency workforce and DOGE's cancellation of more than 1600 active grants.",,,#<Source:0x000000011f1150d8>,New York Times,,"","",NSF
2025-07-23,2025-07-23,disruption,TXsbSUw4,"Citing safety concerns, the head of the CFPB (Russell Vought) signs an agreement with the head of the OMB (Russell Vought) to spend $4.7 milliion of the CFPB's budget from now through December to provide a security detail for Russell Vought. This is the same time as the agency is facing its budget being slashed in half.",,,#<Source:0x000000011f113468>,GovExec,,Russell Vought,"",CFPB
2025-07-29,2025-07-29,disruption,1HJN4n7p,"The Bureau of Labor Statistics announces that it will have to significantly curtail its data collection for the Consumer Price Index due to staffing and resource reductions. This will result in the CPI no longer including certain products or surveying several metro areas. This triggers concerns among some economists, since the CPI is one of the factors that determines how the Federal Reserve sets interest rates or how Social Security determines cost-of-living increases.",,,#<Source:0x000000011f111a00>,New York Times,,"","",DOL
2025-07-30,2025-07-30,oversight,3c5lmJVB,"Three Democratic senators introduce the ""Pick Up After Your DOGE Act"", which would task the GAO with auditing what systems DOGE has accessed across the government. The bill will not pass, but it could be a preview of oversight measures that could happen with a change of control in Congress.",,,#<Source:0x000000011e7de438>,MeriTalk,,"","",DOGE
2025-07-31,2025-07-31,report,uEiZVvYS,"After removing Stephen Ehikian as the acting director of GSA, the White House has reportedly detailed nine other staffers to the agency to speed a ""de-Muskification"" of the agency. This is possibly also related to the GSA supporting Steve Davis over the White House in his attempt to keep running DOGE even after he had left. Josh Gruenbaum is named as being in their good graces still.",,,#<Source:0x000000011e7b8850>,Politico,,"Stephen Ehikian, Josh Gruenbaum","",GSA
2025-08-01,2025-08-01,disruption,2Cj197Lv,"The Corporation for Public Broadcasting issues a press release announcing that it has commenced an orderly wind-down due to the elimination of funding from both the recissions package as well as the budget for next year. A majority of staff will be let go on the September 30, 2026 with a small team retained for final closedown in January 2026. This is frankly a heartbreaking outcome for an agency that has served America for almost 60 years.",,,#<Source:0x000000011e737188>,Corporation for Public Broadcasting,,"","",CPB
2025-08-01,2025-08-01,disruption,6sSp29Fa,"The Bureau of Labor Statistics releases a monthly jobs report for June that radically revises down the previously released estimates for May and June by roughly 80-90% compared to prior estimates, shocking economists and Wall Street. This downward revision could reflect issues in data collection or that the economy is entering a recession. Angry at what he calls ""rigged"" numbers, Trump fires the head of the BLS.",,,#<Source:0x000000011e51c3d0>,New York Times,,"","",DOL
2025-08-01,2025-08-01,oversight,6ELWZVV0,"Senator Ed Markey sends a letter to the Kelly Loefler, Administrator of the SBA, demanding more details by August 8th on DOGE's access to SBA systems.",,,#<Source:0x000000011e5179c0>,The Senate Banking Committee,,"","",SBA
2025-08-03,2025-08-03,disruption,1Wdw7ykw,"At least 19 states confirm that the Department of Justice has requested their voter registration lists and records from the 2024 and 2020 elections. At least seven states have reported that DOJ proposed an information-sharing agreement related to election fraud. States have not traditionally shared such information in the past, and there are concerns that this will be used in a fishing expedition for crimes or that the data will not be properly protected. This effort echoes an assertion in May by Antion Gracias that DOJ had asked DOGE to find “10-20 cases of alleged noncitizen voting in every state.""",,,#<Source:0x000000011e5147e8>,The Huffington Post,,"","",DOJ
2025-08-04,2025-08-04,directory,knTvcIUR,"In a report about DOGE's continued work on OPM's Online Retirement Application (ORA) continuing to move ahead, _Politico_ identifies DOGE staff that are working on the project under Joe Gebbia.",,,#<Source:0x000000011e3ee378>,Politico,,"Akash Bobba, Yat Choi, Joe Gebbia, James Sullivan, Andrew Vilcsak","",OPM
2025-08-05,2025-08-05,disruption,6u247vQ9,"The National Weather Center announces it has approval to hire 450 meteorologists, hydrologists and radar technicians back to the department. This includes 126 new positions beyond what was cut by DOGE. Despite being a step towards restoration, this action will likely not put people in place until after the current dangerous hurricane season is over and it might be a pretext to hire more politically-aligned staff in positions with flimsier job security.",,,#<Source:0x000000011e3e9f80>,CNN,,"","",NOAA
2025-08-06,2025-08-06,disruption,tB5r9X6D,"OPM announces the end of the requirement that all federal workers must send in a weekly ""Five Things"" email describing their work the prior work. OPM director Scott Kupor announced the change in a meeting with all human capital officials across the government.",,,#<Source:0x000000011e3e4e90>,Reuters,,Scott Kupor,"",OPM
2025-08-07,2025-08-07,official,6I1J0XWX,The Press Secretary for the Pentagon affirms to reporters that DOGE is going to continue its work at the agency for the forseeable future.,,,#<Source:0x000000011e3a5a60>,DefenseScoop,,"","",DOD
2025-08-08,2025-08-08,disruption,2ckg0H3e,"The IRS Commissioner, Billy Long, is reportedly ousted by the Trump Administration after refusing to fully comply with a DHS request for confidential taxpayer information on 40,000 names of suspected undocumented immigrants. This request was for addresses as well as if they had claimed the Earned Income Tax Credit for low-income filers. Long announced he will be nominated to be the US Ambassador to Iceland, making him the sixth IRS commissioner to leave or be removed from the agency this year. Treasury Secretary Scott Bessent will run the agency in an acting capacity.",,,#<Source:0x000000011e1353e8>,The Washington Post,,"","",IRS
2025-08-08,2025-08-08,access,2TTIw2VB,"The IRS begins sharing more sensitive data on taxpayers. Under the agreement with DHS, IRS had promised to share information on taxpayers under active criminal investigation, but DHS then requested information on 1.23 million individuals. The IRS was only able to return information on less than 5% of this request, angering the Trump White House and reportedly leading to Long's dismissal.",,,#<Source:0x000000011f5bf9d0>,CNN,,"","",IRS
2025-08-11,2025-08-11,action,4wAh9b8o,"Expressing concerns that the lax security of DOGE's cloud could lead to the leak of every American's social security number (and the requirement ro reissue new ones), the Chief Data Officer of the Social Security Administration contacts Edward Coristine and John Solly to request information about the security of DOGE's cloud. He is never granted a reply and learns that the SSA Office of General Counsel (headed by DOGE member Mark Steffensen) has advised employees not to respond to his inquiries.",,,#<Source:0x000000011f5b7ed8>,Government Accountability Project,,"Edward Coristine, Aram Moghaddassi, John Solly, Mark Steffensen","",SSA
2025-08-12,2025-08-12,report,19RsylOA,"In an analysis of DOGE's continued exaggeration about its savings, _Politico_ notes that updates to the site's Wall of Receipts have become more infrequent. There were barely any updates in June, followed by a four-week gap in July and another 17 days for a few items in August. This suggests that the cost-cutting mission (or at least, bragging about it) has slowed or faltered within DOGE.",,,#<Source:0x000000011f5b0ca0>,Politico,,"","",DOGE
2025-08-12,2025-08-12,onboard,3dvjYKD4,"Threes after departing from DOGE and government service, Brad Smith is hired in a leadership position at the Department of State focused on global health initiatives.",,,#<Source:0x000000011f59cae8>,Semafor,,"","",State
2025-08-12,2025-08-12,legal,bgrnWVL6,"Citing a Supreme Court shadow docket ruling as precedent, a DC Appeals Court overturned a stay from February and ordered that DOGE should be allowed to access sensitive data at the Treasury Department, OPM and Department of Education.",,,#<Source:0x000000011f598e48>,New York Times,,"","","Treasury, IRS, OPM, Education"
2025-08-13,2025-08-13,interagency,6mONSb0E,"In a call hosted by the US CIO, DOGE team lead Scott Langmack shares info on an AI tool named SweetREX Deregulation AI Plan Builder developed by Christoper Sweet to review agency regulations for elimination. This is the same tool highlighted by DOGE in a presentation to the White House earlier in the month. Agency representatives from the Environmental Protection Agency, the Department of State, and the Federal Deposit Insurance Corporation are on the call. Steve Davis also was on the call despite having left DOGE and asked if the tool could be open-sourced.",,,#<Source:0x000000011f595180>,Wired Magazine,,"Steve Davis, Scott Langmack, Christopher Sweet","","EOP, DOGE, EPA, State, FDIC, HUD"
2025-08-18,2025-08-18,report,5W8Rkc4L,"Despite announcing that he would be leaving the agency on August 1st, Tyler Hassen is still reportedly working at the Department of the Interior. It is unclear what his title is and where his work is focused, but he is still there.",,,#<Source:0x000000011f591148>,E&E News,,Tyler Hassen,"",DOI
2025-08-22,2025-08-22,disruption,5KVZ0S3I,"Analysis by economists at Yale reveals that DOGE's widespread lease cancellations have had an effect on the normally stable $12 billion in commercial mortgage-backed securities. In the DC area alone, researchers estimate losses of $575 million to the commercial real-estate sector over the next ten years.",,,#<Source:0x000000011f53d480>,Yale Insights,,"","",GSA
2025-08-26,2025-08-26,legal,6hskWxfd,"Ruling in _Burleigh v. FCC_, Judge Amy Berman Jackson denies a preliminary injunction that would compel the FCC to make all documents about DOGE activities available for FOIA by October 10th. Nevertheless, the judge ordered DOGE to provide more details on its activities at the agency, expressing concern at the skimpy 35 pages of documentation that the agency had provided so far.",,,#<Source:0x000000011f539498>,Ars Technica,,"","",FCC
2025-08-26,2025-08-26,directory,2rbnf9gO,"A report from Politico identifies three foreign nationals who are working for DOGE within the GSA. Normally, they would not be eligible for government positions but have been hired as contractors. Two are from AirBnb and one worked for X.com in prior capacities.",,,#<Source:0x000000011f537990>,Politico,,"Micaela Lopez Ballefin, Yat Choi, Andrew Vilcsak","",GSA
