id,type,agency,agency_parent,name,doge_alias_id,from_agency_id,from_truth,start_date,start_date_truth,end_date,end_date_truth,end_type,sort_date,nte_date,nte_date_truth,signed_date,appt_type_code,appt_type,pay_grade,salary,pd_code,sge,excepted,title,title_type,series,supervisory,office,reimbursed,reimbursement_amount,comment,qualifications,table_note,replaced_by,same_as,person_govt_exit_date,person_govt_exit_truth,person_govt_exit_type
usda-abrahamson,appointed,USDA,,Daniel Abrahamson,,,,,,,,,2025-03-01,,,,,,,,,,,Senior Advisor on Government Efficiency,advisor,,,,,,,,"Not listed as a detailee, so suggests appointed",,,,,
dot-abrahamson,appointed,DOT,,Daniel Abrahamson,,,,2025-02-XX,reported,,,,2025-02-01,,,,,,,"$185,000",,,,Senior Advisor,advisor,,,Office of the Secretary of Transportation,,,,,"start date unknown but ProPublica says ""early February""",,,,,
nds-adams,appointed,NDS,,Jaylee Adams,,,,2025-12-XX,reported,,,,2025-12-XX,,,,,,,,,,,Producer,,,,,,,,,,,,,,
gsa-aimonetti,appointed,GSA,,Justin Aimonetti,,,,2025-02-10,verified,2025-07-30,verified,resigned,2025-02-10,,,,,,,"$167,503",,,,,,,,Office of the General Counsel,,,,,start date derived from GSA visitor logs,,,2025-07-30,verified,resigned
detail-doge-aimonetti,detailed,DOGE,EOP,Justin Aimonetti,,GSA,verified,2025-02-24,verified,2025-07-26,verified,resigned,2025-02-24,,,,,,,,,,,,,,,,,,,,,,,2025-07-30,verified,resigned
detail-gsa-nlrb-aimonetti,detailed,NLRB,,Justin Aimonetti,,GSA,reported,2025-03-03,inferred,,,,2025-03-03,,,,,,,,,,,,,,,,,,,,,,,2025-07-30,verified,resigned
detail-gsa-usip-aimonetti,detailed,USIP,,Justin Aimonetti,,GSA,reported,2025-03-04,reported,,,,2025-03-04,,,,,,,,,,,,,,,,,,,,Inferring from Cavanaugh start,,,2025-07-30,verified,resigned
opm-jacob-altik,appointed,OPM,,Jacob Altik,OPM-16,,,2025-01-24,verified,2025-06-XX,reported,resigned,2025-01-24,,,,44,Schedule C,,"$195,200",PMGS31263,,true,Senior Advisor to the Director,advisor,301,false,Office of the Director 2025-06-27,,,,,Start date guessed from system access. No longer in govt on 6/27,,opm-jacob-altik,2025-06-27,verified,resigned
detail-opm-doge-altik,detailed,DOGE,EOP,Jacob Altik,,OPM,verified,2025-01-27,verified,2025-06-27,verified,resigned,2025-01-27,,,,,,,,,,,,,,,,,,,,End date might just be end of detail,,,2025-06-27,verified,resigned
detail-opm-usadf-altik,detailed,USADF,,Jacob Altik,,OPM,guessed,2025-02-21,verified,,,,2025-02-21,,,,,,,,,,,,,,,,,,Assuming detail from OPM,,info in govt legal declation,,,2025-06-27,verified,resigned
detail-opm-fcc-altik,detailed,FCC,,Jacob Altik,,DOGE,verified,2025-03-18,verified,,,,2025-03-18,,,,,,,$0,,,,,advisor,,,Office of the Chairman,,,,,,,,2025-06-27,verified,resigned
detail-opm-dhs-armstrong,detailed,DHS,,Anthony Armstrong,,OPM,guessed,,,,,,2026-07-04,,,,,,,,,,,,,,,,,,Find more definitive info for DHS link,,"NYT reports he left OPM in April but stayed on a DHS. Unclear of timing, later appointed at DHS",,,2025-10-(07)~,reported,resigned
opm-anthony-armstrong,appointed,OPM,,Anthony Armstrong,OPM-09,,,2025-01-20,verified,2025-06-06,verified,resigned,2025-01-20,,,,48,Other,ED-00,$0,6A39742,,true,Expert,advisor,301,false,Office of the Director,,,From FOIA documents,,,,opm-anthony-armstrong,2025-10-(07)~,reported,resigned
doge-armstrong,appointed,DOGE,EOP,Anthony Armstrong,,,,2025-01-27,verified,,,,2025-01-27,,,,,,,$0,,,,,,,,,,,,,,,,2025-10-(07)~,reported,resigned
detail-opm-fdic-armstrong,detailed,FDIC,,Anthony Armstrong,,OPM,guessed,2025-04-10,reported,,,,2025-04-10,,,,,,,,,,,,,,,,,,,,reported by media,,,2025-10-(07)~,reported,resigned
education-balajadia,detailed,Education,,Jennifer Balajadia,,DOGE,inferred,,,,,,2025-02-05,,,,,,,,,,,,,,,,,,,,"NYT links her to Education, but no other info found",,,2025-05-28,inferred,resigned
doge-balajadia,appointed,DOGE,EOP,Jennifer Balajadia,,,,2025-01-24,verified,2025-05-28,verified,resigned,2025-01-24,,,,,,,,,,,Senior Advisor,advisor,,,,,,,,,,,2025-05-28,inferred,resigned
sba-lopez-ballefin,detailed,SBA,,Micaela Lopez Ballefin,,GSA,guessed,,,,,,2026-07-04,,,,,,,,,,,Senior Advisor,advisor,,,,,,,,,,,,,
gsa-lopez-ballefin,consultant,GSA,,Micaela Lopez Ballefin,,,,2025-05-XX,guessed,,,,2025-05-XX,,,,,,,,,,,,,,false,,,,,,,,,,,
doe-bansal,appointed,Energy,,Ankur Bansal,,,,,,2025-12-XX,self-reported,resigned,2025-06-15,,,,,,,,,,,Senior Advisor,advisor,,,,,,,,,doe-bansal-ai,,,,
dot-bansal,appointed,DOT,,Ankur Bansal,,,,,,,,,2025-05-15,,,,,,,,,,,,,,,,,,,,Reportedly reviewing DOT grants to cancel,,,,,
nrc-bansal,detailed,NRC,,Ankur Bansal,,Energy,inferred,2025-07-(11)?,guessed,,,,2025-07-11,,,,,,,,,,,Senior Advisor,advisor,,,,,,,,guessing detail start similar to Adam Blake,,,,,
doe-bansal-ai,promotion,Energy,,Ankur Bansal,,,,2026-01-XX,self-reported,,,,2026-01-01,,,,,,,,,,,"Managing Director, AI Infrastructure",director,,,,,,,,,,,,,
omb-cio-barbaccia,appointed,OMB,EOP,Greg Barbaccia,,,,2025-01-27,verified,,,,2025-01-27,,,,,,,"$195,200",,,,Federal Chief Information Officer,cio,,,,,,,,,,,,,
usaid-cio-barbaccia,appointed,USAID,,Greg Barbaccia,,,,2025-09-(25)~,verified,,,,2025-09-(25)~,,,,,,,,,,,Acting Chief Information Officer,cio,,,,,,,,"Not announced, just appeared on cio.gov page some time after 9/20 and before 9/30",,,,,
gsa-tts-barbaccia,appointed,GSA,,Greg Barbaccia,,,,2026-02-19,reported,,,,2026-02-19,,,,,,,,,,,"Deputy FAS Commissioner / Acting Administrator, Technology Transformation Services",cio,,true,,,,,,,,,,,
usda-berry,appointed,USDA,,Samuel Berry,,,,2025-04-06,verified,,,,2025-04-06,2026-04-06,verified,,,,EF,"$170,000",,,,Special Advisor,advisor,,,,,,,,,,,,,
usda-berry-sr-advisor,converted,USDA,,Samuel Berry,,,,2025-05-19,verified,2025-09-12,reported,replaced,2025-05-19,,,,,,,"$170,000",,,,Senior Advisor on Government Efficiency,,,,Office of the Chief Information Officer,,,,,,usda-berry-cio,,,,
usda-berry-cio,promotion,USDA,,Samuel Berry,,,,2025-09-12,reported,,,,2025-09-12,,,,,,,,,,,Chief Information Officer,cio,,true,,,,,,,,,,,
hhs-beyda,appointed,HHS,,Sam Beyda,,,,,,,,,2025-08-10,,,,,,,,,,,Policy Advisor,advisor,,,Deputy Secretary of HHS,,,,,,,,,,
dol-sam-beyda,unknown,DOL,,Sam Beyda,,,,2025-02-(13)~,reported,,,,2025-02-13,,,,,,,,,,,,,,,,,,3 other DOGE staff besides Ramada at agency on 2/5.,,No other info besides this report,,,,,
cdc-beyda,promotion,CDC,HHS,Sam Beyda,,,,2025-11-(15)~,reported,,,,2025-11-15,,,,,,,,,,,Deputy Chief of Staff,dept_head,,true,,,,,,,,,,,
doge-beynon,appointed,DOGE,EOP,Alexandra Beynon,,,,2025-02-(04)~,guessed,2025-06-13,verified,resigned,2025-02-04,,,,,,AD-00,,,,,Senior Advisor,advisor,301,,,,,,,"date guessed, reported as detailing from DOGE to Education",,,2025-06-13,verified,resigned
detail-doge-education-alexandra-beynon,detailed,Education,,Alexandra Beynon,,DOGE,verified,2025-02-05,verified,,,,2025-02-05,,,,,,,$0,,,,,,,,,,,Details just provided in court testimony,,info from a govt legal filing,,,2025-06-13,verified,resigned
nds-bhaloo,appointed,NDS,,Adam Bhaloo,,,,2026-02-06,self-reported,,,,2026-02-06,,,,,,,,,,,,,,,,,,,,,,,,,
opm-employee-2,appointed,OPM,,Riccardo Biasini,OPM-02,,,2025-01-20,verified,,,,2025-01-20,2025-07-18,verified,,48,Other,ED-00,$0,6A39741,,true,Expert,advisor,301,false,Office of the Director,,,I was able to confirm that OPM Employee 2 was Riccardo Biasini,,"info for alias SSA-2, who I've identified as him",,,,,
detail-opm-doge-biasini,detailed,DOGE,EOP,Riccardo Biasini,,OPM,verified,2025-01-27,verified,,,,2025-01-27,,,,,,,,,,,,,,,,,,,,,,,,,
ssa-bisignano,appointed,SSA,,Frank Bisignano,,,,2025-05-06,verified,,,,2025-05-06,,,,,,,,,,,Commissioner,director,,true,,,,,,,,,,,
irs-ceo-bisignano,appointed,IRS,Treasury,Frank Bisignano,,,,2025-10-06,reported,,,,2025-10-06,,,,,,,,,,,Chief Executive Officer,,,,,,,,,"Technically, position doesn't exist and Scott Bessent is acting commissioner, but will be in charge.",,,,,
nds-bizarro,appointed,NDS,,Luis Bizarro,,,,2026-03-XX,self-reported,,,,2026-03-XX,,,,,,,,,,,Member of Technical Staff,,,,,,,,,,,,,,
opm-brian-bjelde,appointed,OPM,,Brian Bjelde,OPM-07,,,2025-01-20,verified,2025-01-31,verified,replaced,2025-01-20,2025-07-18,verified,,48,Other,ED-00,$0,6A39743,,true,Expert,advisor,301,false,Office of the Director,,,,,likely Schedule C,opm-perm-employee-07,opm-brian-bjelde,2025-05-16,inferred,resigned
opm-perm-employee-07,converted,OPM,,Brian Bjelde,OPM-07,,,2025-01-31,verified,2025-05-16,verified,resigned,2025-01-31,,,,,,ED-00,,,,,Expert,advisor,301,,Office of the Director,,,,,permanent position approved,,,2025-05-16,inferred,resigned
energy-blake,unknown,Energy,,Adam Blake,,,,2025-03-XX,reported,,,,2025-03-15,,,,,,,"$167,603",,,,,,,,,,,,,"Detailed from Energy to NRC, so assuming start there",,,,,
detail-energy-nrc-blake,detailed,NRC,,Adam Blake,,Energy,verified,2025-07-(11)?,reported,,,,2025-07-11,,,,,,,,,,,,,,,Office of the Executive Director for Operations,,,,,In charge of implementing EO 14300,,,,,
detail-sba-bobba,detailed,SBA,,Akash Bobba,,OPM,guessed,,,,,,2025-02-03,,,,,,,,,,,Senior Advisor,advisor,,,,,,,,"identified by agency FOIA as having been at the agency, guessing detailed possibly at same time as other detailees",,,2026-03-07,guessed,resigned
opm-03,appointed,OPM,,Akash Bobba,OPM-03,,,2025-01-20,verified,2025-07-18,verified,replaced,2025-01-20,2025-07-18,verified,,48,Other,ED-00,$0,6A39740,,true,Expert,advisor,301,false,Office of the Director,,,I was able to confirm that OPM Employee 3 is Akash Bobba,,Testimony reports plan to convert position to permanent,opm-3-perm,,2026-03-07,guessed,resigned
detail-opm-doge-bobba,detailed,DOGE,EOP,Akash Bobba,,OPM,inferred,2025-01-27,verified,,,,2025-01-27,,,,,,,,,,,,,,,,,,,,,,,2026-03-07,guessed,resigned
detail-opm-education-akash-bobba,detailed,Education,,Akash Bobba,ED-01,OPM,verified,2025-02-03,verified,,,,2025-02-03,2026-02-12,verified,2025-02-12,,,,,,,,,,,,,false,,,,,,,2026-03-07,guessed,resigned
detail-opm-ssa-opm-3,detailed,SSA,,Akash Bobba,OPM-03,OPM,verified,2025-02-03,verified,,,,2025-02-03,,,2025-02-12,,,,,,,,,,,,,false,,,,,,,2026-03-07,guessed,resigned
ssa-employee-1,appointed,SSA,,Akash Bobba,SSA-01,,,2025-02-09,verified,,,,2025-02-09,2026-02-08,verified,,171,,ED-00,"$90,025",KNX0350,,,Expert,advisor,301,false,Office of the Chief Information Officer,,,,"Hands-on software engineer that is an expert in modern computer programming languages, cloud and other infrastructure, AI, etc. 5 years of experience using numerous computer code languages, leadership of teams in technical, software design, and infrastructure areas.",,,,2026-03-07,guessed,resigned
usda-bobba,detailed,USDA,,Akash Bobba,,SSA,verified,2025-04-29,verified,,,,2025-04-29,2025-08-27,inferred,,,,,,,,,,,,,,false,,,,"Detail is from SSA not OPM, because SSA employee at this point",,,2026-03-07,guessed,resigned
opm-3-perm,converted,OPM,,Akash Bobba,OPM-03,,,2025-08-08,verified,2026-03-07,verified,resigned,2025-08-08,,,,,,,$0,,,,,,,,,,,,,"Court testimony reports conversion to permanent, restored access",,,2026-03-07,guessed,resigned
gsa-boizelle,appointed,GSA,,Ashley Boizelle,,,,2025-02-28,reported,,,,2025-02-28,,,,,,,"$167,603",,,,,,,,,,,,,Receives GSA badge on 2/28,eop-boizelle,,2026-01-XX,self-reported,resigned
doge-boizelle,detailed,DOGE,EOP,Ashley Boizelle,,GSA,inferred,2025-03-03,verified,2025-08-XX,self-reported,replaced,2025-03-03,,,,,,,,,,,Deputy General Counsel,,,,,,,,,"reported by media as started in February, own LinkedIn says March",,,2026-01-XX,self-reported,resigned
eop-boizelle,appointed,EOP,,Ashley Boizelle,,,,2025-08-XX,self-reported,2026-01-XX,self-reported,resigned,2025-08-XX,,,,,,,,,,,Senior Counsel to the President,,,,White House Counsel's Office,,,,,,,,2026-01-XX,self-reported,resigned
nds-brown,appointed,NDS,,Nate Brown,,,,2025-10-XX,self-reported,,,,2025-10-XX,,,,,,,,,,,Chief Creative Officer,,,,,,,,,,,,,,
doge-bryant,appointed,DOGE,EOP,Emily Bryant,,,,2025-02-24,verified,,,,2025-02-24,,,,,,AD-00,,,,,Senior Advisor for Technology and Efficiency,advisor,301,,,,,,,,,,,,
gsa-bryant,appointed,GSA,,Emily Bryant,,,,2025-03-(17)~,reported,,,,2025-03-17,,,,,,,,,,,,,,,,,,"Not verified, but NYT links to her to GSA also, so assuming she started there",,"signs in someone as GSA employee on 3/24, assuming not new employee that day, but in March.",,,,,
detail-doge-ftc-bryant,detailed,FTC,,Emily Bryant,,GSA,guessed,2025-03-(28)~,reported,,,,2025-03-28,,,,,,,,,,,,,,,,,,,,"limited info, 2025-04-04 report stated she started ""last week""",,,,,
doge-burnham,appointed,DOGE,EOP,James Burnham,,,,2025-01-24,reported,2025-06-03,verified,resigned,2025-01-24,,,,,,,,,,,General Counsel,,,,,,,,,"NYT reported in DOGE in January, ProPublica provided title",,,2025-06-03,verified,resigned
commerce-burroughs,detailed,Commerce,,Brian Burroughs,,GSA,guessed,,,,,,2025-06-16,,,,,,,,,,,,,,,,,,,,Linked by ProPublica,,,,,
opm-burroughs,detailed,OPM,,Brian Burroughs,,GSA,guessed,,,,,,2025-06-16,,,,,,,,,,,,,,,,,,,,Linked by ProPublica,,,,,
state-burroughs,detailed,State,,Brian Burroughs,,GSA,guessed,,,,,,2025-06-16,,,,,,,,,,,,,,,,,,,,Linked by ProPublica,,,,,
usda-burroughs,detailed,USDA,,Brian Burroughs,,GSA,guessed,,,,,,2025-06-16,,,,,,,,,,,,,,,,,,,,Linked by ProPublica,,,,,
gsa-burroughs,appointed,GSA,,Brian Burroughs,,,,2025-06-XX,reported,,,,2025-06-15,,,,,,,,,,,,,,,,,,,,"Not many details besides start date ""in June."" Because he is a former IT consultant, I'm not sure if he has been hired or is consulting.",,,,,
nds-cafazza,appointed,NDS,,John Cafazza,,,,2026-04-XX,self-reported,,,,2026-04-XX,,,,,,,,,,,Senior Product Designer,,,,,,,,,,,,,,
sba-carter,appointed,SBA,,Joshua Carter,,,,2025-03-XX,self-reported,2025-08-XX,self-reported,replaced,2025-03-15,,,,,,,,,,,Senior Advisor,advisor,,,,,,,,Start month sourced from his LinkedIn,sba-carter-oii,,,,
sba-carter-oii,promotion,SBA,,Joshua Carter,,,,2025-08-XX,self-reported,,,,2025-08-XX,,,,,,,,,,,Associate Administrator,dept_head,,,Office of Investment and Innovation,,,,,,,,,,
detail-gsa-odni-cavanaugh,detailed,ODNI,,Nate Cavanaugh,,GSA,inferred,,,,,,2026-07-04,,,,,,,,,,,,,,,,,,,,,,,2025-08-06,reported,resigned
gsa-cavanaugh,appointed,GSA,,Nate Cavanaugh,,,,2025-01-(22)~,self-reported,2025-08-06,reported,resigned,2025-01-22,,,,,,,"$120,509",,,,,,,,,,,,,"Testifies started working in early January, but formally a few days after inauguration",,,2025-08-06,reported,resigned
detail-gsa-usadf-cavanaugh,detailed,USADF,,Nate Cavanaugh,,GSA,guessed,2025-02-21,verified,,,,2025-02-21,,,,,,,,,,,,,,,,,,,,verified via court filing,,,2025-08-06,reported,resigned
detail-gsa-iaf-cavanaugh,detailed,IAF,,Nate Cavanaugh,,GSA,verified,2025-02-28,inferred,2025-04-04,verified,removed,2025-02-28,,,,,,,,,,,,,,,,,,,,"agency contact was earlier, but assuming MOU signed when Marocco seized power",,,2025-08-06,reported,resigned
detail-gsa-usip-cavanaugh,detailed,USIP,,Nate Cavanaugh,,GSA,guessed,2025-03-04,reported,2025-03-24,verified,replaced,2025-03-04,,,,,,,,,,,,,,,,,,Assuming this based on reports and where he is based. Becomes president of USIP next,,verified via court filing,usip-cavanaugh-president,,2025-08-06,reported,resigned
detail-gsa-neh-cavanaugh,detailed,NEH,,Nate Cavanaugh,,GSA,guessed,2025-03-(13)~,verified,,,,2025-03-13,,,,,,,,,,,,,,,,,,,,Verified via court filing,,,2025-08-06,reported,resigned
detail-gsa-mcc-cavanaugh,detailed,MCC,,Nate Cavanaugh,,GSA,guessed,2025-03-(22)?,guessed,,,,2025-03-22,,,,,,,,,,,,,,,,,,,,"Linked to MCC by NPR, start date guessed from disruption there",,,2025-08-06,reported,resigned
usip-cavanaugh-president,appointed,USIP,,Nate Cavanaugh,,,,2025-03-25,verified,2025-07-25,reported,removed,2025-03-25,,,,,,,,,,,Acting President,director,,,,,,"Nate Cavanaugh is named the new President of USIP by the two remaining members of the board, Marco Rubio and Pete Hegseth, and he is authorized to transfer all assets to the GSA",,"After the rest of board was ousted, Nate was named President of the agency by Marco Rubio and Pete Hegseth. Voided by court order on 2025-05-19 but restored by appeals court on 2025-06-27. Replaced by Darren Beattie on 7/25",,,2025-08-06,reported,resigned
imls-cavanaugh,detailed,IMLS,,Nate Cavanaugh,,GSA,guessed,2025-03-31,reported,,,,2025-03-31,,,,,,,,,,,,,,,,,,"DOGE put entire staff on admin leave and started cancelling grants, not many details.",,Based on initial reports,,,2025-08-06,reported,resigned
detail-gsa-commerce-cavanaugh,detailed,Commerce,,Nate Cavanaugh,,GSA,inferred,2025-04-(09)~,guessed,,,,2025-04-09,,,,,,,,,,,,,,,,,,,,Senate Democrats note that Cavanaugh has a commerce email address. Guessing date is around detail to MBDA.,,,2025-08-06,reported,resigned
detail-gsa-mbda-cavanaugh,detailed,MBDA,,Nate Cavanaugh,,GSA,inferred,2025-04-(09)~,verified,,,,2025-04-09,,,,,,,,,,,,,,,,,,,,inferred from disruptions at MBDA starting,,,2025-08-06,reported,resigned
detail-gsa-americorps-cavanaugh,detailed,AmeriCorps,,Nate Cavanaugh,,GSA,self-reported,2025-04-16,inferred,,,,2025-04-16,,,,,,,,,,,,,,,,,,,,,,,2025-08-06,reported,resigned
detail-gsa-nlrb-cavanaugh,detailed,NLRB,,Nate Cavanaugh,,GSA,guessed,2025-04-16,reported,,,,2025-04-16,,,,,,,,,,,,,,,,,,,,Spotted by media,,,2025-08-06,reported,resigned
detail-gsa-dfc-cavanaugh,detailed,USDFC,,Nate Cavanaugh,,GSA,guessed,2025-04-28,reported,,,,2025-04-28,,,,,,,,,,,,,,,,,,,,Spotted by media,,,2025-08-06,reported,resigned
detail-gsa-exim-cavanaugh,detailed,EXIM,,Nate Cavanaugh,,GSA,guessed,2025-05-14,reported,,,,2025-05-14,,,,,,,,,,,,,,,,,,,,Reported by media,,,2025-08-06,reported,resigned
detail-gsa-mspb-cavanaugh,detailed,MSPB,,Nate Cavanaugh,,GSA,guessed,2025-05-21,reported,,,,2025-05-21,,,,,,,,,,,,,,,,,,,,"Email cited mentioned he was from DOGE, but assuming detail from GSA",,,2025-08-06,reported,resigned
detail-gsa-dhs-cavanaugh,detailed,DHS,,Nate Cavanaugh,,GSA,inferred,2025-07-(01)~,self-reported,2025-08-06,inferred,detail_ended,2025-07-(01)~,,,,,,,,,,,,,,,,,,,,,,,2025-08-06,reported,resigned
internal-dhs-ice-cavanaugh,internal,ICE,DHS,Nate Cavanaugh,,DHS,self-reported,2025-07-(01)~,self-reported,2025-08-06,inferred,detail_ended,2025-07-(01)~,,,,,,,,,,,,,,,,,,,,Says he was working on a voluntary service for self-deportation for immigrants,,,2025-08-06,reported,resigned
gsa-childs,appointed,GSA,,Alison Childs,,,,2025-03-18,inferred,,,,2025-03-18,,,,,,,"$167,603",,,,Senior Advisor,advisor,,,Technology Transformation Services,,,,,"Date guessed based on multiple sources, signed in first/only time on 3/18",,,,,
opm-choi,consultant,OPM,,Yat Choi,,,,2025-04-XX,self-reported,,,,2025-04-15,,,,,,,,,,,Senior Technologist,,,,,,,,,a Canadian working on temp visa which would disqualify for federal role. LinkedIn reports he worked on the retirement processing modernization project. Wired reports still involved in OPM retirement work in December 2025,,,,,
gsa-choi,consultant,GSA,,Yat Choi,,,,2025-06-XX,reported,,,,2025-06-14,,,,,,,,,,,Scientific Technologist,advisor,,,,,,,,working for GSA as a contractor from MSI Consulting because a not an American citizen,,,,,
coe-detail-epa,detailed,EPA,,Carl Coe,,DOGE,guessed,2025-02-XX,guessed,,,,2025-02-20,,,,,,,,,,,,,,,,,,,,"Carl Coe, who currently leads the Department of Government Efficiency (DOGE) at DOE",,,,,
coe-doge,appointed,DOGE,EOP,Carl Coe,,,,2025-02-XX,self-reported,,,,2025-02-01,,,,,,,,,,,,,,,,,,,,His linkedin reports Feb 2025 as start,,,,,
epa-coe-chief-staff,promotion,EPA,,Carl Coe,,,,2025-05-02,verified,,,,2025-05-02,,,,,,,"$167,603",,,,Chief of Staff,dept_head,,true,,,,,,,,,,,
energy-cohen,appointed,Energy,,Seth Cohen,,,,2025-05-XX,self-reported,2025-10-XX,self-reported,replaced,2025-05-XX,,,,,,,,,,,Special Counsel,,,,,,,,,,energy-chief-counsel-cohen,,,,
nrc-cohen,detailed,NRC,,Seth Cohen,,Energy,inferred,2025-06-XX,self-reported,,,,2025-06-XX,,,,,,,,,,,Senior Advisor,advisor,,,,,,,,Only given as some time in the summer of 2025,,,,,
energy-chief-counsel-cohen,promotion,Energy,,Seth Cohen,,,,2025-10-XX,self-reported,,,,2025-10-XX,,,,,,,,,,,Chief Counsel for Nuclear Policy,,,,,,,,,,,,,,
usda-cole,appointed,USDA,,Michael Cole,,,,2025-02-09,verified,2025-03-17,verified,replaced,2025-02-09,,,,,,ES,"$170,000",,,,Senior Advisor on Government Efficiency,,301,,Office of the Secretary of Agriculture,,,,,LinkedIn profile reports August departure,usda-cole-leader,,2025-08-XX,self-reported,resigned
usda-cole-leader,promotion,USDA,,Michael Cole,,,,2025-03-17,verified,2025-08-XX,self-reported,resigned,2025-03-17,,,,,,ES,"$170,000",,,,Senior Team Leader on Government Efficiency,,301,,Immediate Office of the Secretary,,,,,Converted to SES non-career,,,2025-08-XX,self-reported,resigned
dol-collins,appointed,DOL,,Miles Collins,,,,2025-02-18,verified,2025-08-XX,self-reported,resigned,2025-02-18,2025-06-17,verified,,,Schedule C,GS-11/03,"$90,239",66899121,,,Policy Advisor,advisor,301,,Office of the Secretary,,,,,Describes self in LinkedIn as DOGE Lead at the agency and reports AI dereg effort and 20% headcount reduction. States he was there for a 6-month appointment.,,,2025-08-XX,self-reported,resigned
irs-corcos,consultant,IRS,Treasury,Sam Corcos,,,,2025-02-28,reported,2025-05-(06)~,inferred,replaced,2025-02-28,,,,,,,$0,,true,,Senior Advisor for Technology and Modernization,advisor,,,,,,"possibly earlier involvement, maybe when Gavin Kliger started there; ends when became CIO",,Start date inferred and likely earlier.,irs-corcos-cio,,,,
irs-corcos-cio,promotion,IRS,Treasury,Sam Corcos,,,,2025-05-(06)~,reported,,,,2025-05-06,,,,,,,,,,,Chief Information Officer,cio,,,,,,Date is approximate,,Date is approximate per reports. Will update as new details emerge.,,,,,
detail-gsa-doge-coristine,detailed,DOGE,EOP,Edward Coristine,,GSA,inferred,2025-01-20,verified,2025-06-09,verified,unknown,2025-01-21,,,,,,,,,,,,,,,,,,,,,,,,,
gsa-edward-coristine,appointed,GSA,,Edward Coristine,,,,2025-01-20,verified,2025-05-23,reported,replaced,2025-01-20,2026-01-19,verified,,48,Other,EF-00,$0,X0A1614,true,true,Senior Advisor,advisor,301,false,Immediate Office of the Administrator,,,"Several documents have Coristine detailing from GSA, so assuming home agency. Also, not in FOIA release from OPM",,Start date and agency inferred from later reporting,gsa-edward-coristine-fulltime,gsa-edward-coristine,,,
internal-dhs-tsa-coristine,internal,TSA,DHS,Edward Coristine,,DHS,inferred,,,,,,2025-02-14,,,,,,,,,,,,,,,,,,"No details, but in NYT roundup",,"NYT links him to TSA, but no other info public",,,,,
internal-dhs-uscis-coristine,internal,USCIS,DHS,Edward Coristine,,DHS,inferred,,,,,,2025-02-14,,,,,,,,,,,,,,,,,,"NYT links him to USCIS, but no other info public",,,,,,,
gsa-opm-coristine,detailed,OPM,,Edward Coristine,OPM-04,GSA,inferred,2025-01-24,verified,2025-05-14,verified,detail_ended,2025-01-24,2025-07-23,verified,,48,Other,EF-00,$0,X0A1614,true,true,Senior Advisor,advisor,301,false,Immediate Office of the Administrator,,,This is GSA appointment,,"no MOU to confirm and SF-50 is for GSA, but I think he was detailed from GSA to OPM on this date based on appointment affadavit",,gsa-opm-coristine,,,
detail-gsa-usaid-coristine,detailed,USAID,,Edward Coristine,,GSA,guessed,2025-01-27,reported,,,,2025-01-27,,,,,,,,,,,Senior Advisor,advisor,,,Office of the CIO,,,,,Date at USAID reported by NYT,,,,,
detail-sba-coristine,detailed,SBA,,Edward Coristine,,GSA,guessed,2025-02-03,reported,,,,2025-02-03,,,,,,,,,,,DOGE Advisor,advisor,,,,,,,,guessing detail date from system access request,,,,,
detail-gsa-dhs-coristine,detailed,DHS,,Edward Coristine,,GSA,guessed,2025-02-(04)~,reported,,,,2025-02-04,,,,,,,,,,,Senior Advisor,advisor,,,,,,"Reported by the Post, I'm going to assume this predated the FEMA access",,"Date unverified, but assuming predates sighting at FEMA",,,,,
internal-hhs-fema-edward-coristine,internal,FEMA,DHS,Edward Coristine,,DHS,inferred,2025-02-05,reported,,,,2025-02-05,,,,,,,,,,,,,,,,,,,,,,,,,
detail-gsa-state-coristine,detailed,State,,Edward Coristine,,GSA,reported,2025-02-10,reported,,,,2025-02-10,,,,,,,,,,,Senior Advisor,advisor,,,Bureau of Diplomatic Technology,,,,,,,,,,
internal-dhs-cisa-coristine,internal,CISA,DHS,Edward Coristine,,DHS,inferred,2025-02-19,reported,,,,2025-02-19,,,,,,,,,,,Senior Advisor,advisor,,,,,,Likely assigned from DHS to here,,,,,,,
detail-doge-education-coristine,detailed,Education,,Edward Coristine,,GSA,verified,2025-02-20,verified,,,,2025-02-20,,,,,,,,,,,,,,,,,,,,,,,,,
detail-gsa-hhs-edward-coristine,detailed,HHS,,Edward Coristine,,GSA,guessed,2025-03-05,verified,,,,2025-03-05,,,,,,,,,,,Executive Engineer,advisor,,,,,,"No document provided, date reported in court filing",,"Date verified in court document, assuming detail from GSA",,,,,
internal-hhs-cms-coristine,internal,CMS,HHS,Edward Coristine,,HHS,inferred,2025-03-05,verified,,,,2025-03-05,,,,,,,,,,,,,,,,,,Granted access to CALM system on the same day as his detail to HHS,,Granted access to CMS systems on same day as detail to HHS,,,,,
gsa-edward-coristine-fulltime,converted,GSA,,Edward Coristine,,,,2025-05-31,reported,2025-06-23,reported,resigned,2025-05-31,,,,,,GS-15,"$167,603 - $195,200",,,,Senior Advisor,,,,,,,,,Salary range for GS-15 in DC,,,,,
ssa-coristine,appointed,SSA,,Edward Coristine,,,,2025-06-(23)~,verified,,,,2025-06-23,,,,,,,,,true,,,,,,,,,,,,,,,,
nds-coristine,appointed,NDS,,Edward Coristine,,,,2025-08-(29)?,guessed,,,,2025-08-29,,,,,,,,,,,Director of Engineering,director,,true,,,,,,,,,,,
nasa-coulter,appointed,NASA,,Scott Coulter,,,,2025-02-XX,inferred,,,,2025-02-01,,,,,,,"$120,579",,,,,,,,,,,,,Missing details,,,,,
detail-nasa-ssa-employee-2,detailed,SSA,,Scott Coulter,SSA-02,NASA,verified,2025-02-18,verified,2025-03-23,verified,replaced,2025-02-18,2026-02-18,verified,2025-03-06,,,,,,,,,,,,,true,"hourly, maximum of $120,579",Followed by Employee 2 being appointed the CIO,,,ssa-employee-2-cio,,,,
ssa-employee-2-cio,appointed,SSA,,Scott Coulter,SSA-02,,,2025-03-24,verified,2025-06-(05)~,reported,removed,2025-03-24,,,,,,,,,,,Chief Information Officer,cio,,true,,,,,,"Was listed as CIO on May 30, but Aram took over in June. WSJ reports on removal of SSA employee back to NASA in June. Aram/Russo listed as co-CIOs on 6/6",,,,,
opm-cromer,appointed,OPM,,Clayton Cromer,,,,2025-01-20,verified,2025-03-XX,self-reported,resigned,2025-01-20,,,,55,Senior Exec Perm,ES-00,"$195,200",6A38487,,,Deputy General Counsel,,301,true,Office of the Director,,,Sourced from a FOIA document,,,,,2025-07-XX,self-reported,resigned
detail-opm-usaid-cromer,detailed,USAID,,Clayton Cromer,,OPM,guessed,2025-01-27,reported,,,,2025-01-27,,,,,,,,,,,,,,,,,,,,"NYT links to USAID, but need to find public reports of this",,,2025-07-XX,self-reported,resigned
opm-doj-cromer,appointed,DOJ,,Clayton Cromer,,,,2025-03-XX,self-reported,2025-07-XX,self-reported,unknown,2025-03-XX,,,,,,,,,,,,,,,,,,Vindman in early March reports receiving contacts from Cromer at DOJ,,Rep. Vindman reported in early March being contacted by Cromer at the DOJ,,,2025-07-XX,self-reported,resigned
sba-damiano,unknown,SBA,,Ethan Damiano,,,,2025-01-(20)~,inferred,,,,2025-01-20,,,,,,,"$69,923",,,,Special Advisor,advisor,,,,,,,,,,,,,
doge-steve-davis,appointed,DOGE,EOP,Steve Davis,,,,2025-01-20,inferred,2025-05-28,verified,resigned,2025-01-20,,,,,,,,,,,Senior Advisor,advisor,,,,,,,,assuming he started on 2025-01-20,,,2025-05-28,verified,resigned
nds-debrock,appointed,NDS,,James DeBrock,,,,2026-04-XX,self-reported,,,,2026-04-XX,,,,,,,,,,,Interactive Designer,,,,,,,,,,,,,,
opm-stephen-duarte,appointed,OPM,,Stephen Duarte,OPM-15,,,2025-02-03,verified,2025-03-05,guessed,resigned,2025-02-03,,,,48,Other,ED-00,$0,6A39749,,true,Expert,advisor,301,false,Office of the Director,,,Sources from a FOIA document,,Likely 1 of 3 unidentified OPM aliases who started in Feb and left in March 2025,,opm-stephen-duarte,2025-03-05,verified,resigned
ssa-dudek-commissioner,promotion,SSA,,Leland Dudek,,,,2025-02-16,verified,2025-05-06,verified,replaced,2025-02-16,,,,,,,,,,,Acting Commissioner,director,,true,,,,,,,ssa-dudek,,2025-06-XX,reported,fired
ssa-dudek,demotion,SSA,,Leland Dudek,,,,2025-05-06,reported,2025-06-XX,reported,fired,2025-05-06,,,,,,,,,,,,,,,,,,,,"Replaced by Bisignano as confirmed commissioner, ProPublica reports dismissed in June",,,2025-06-XX,reported,fired
gsa-stephen-ehikian,appointed,GSA,,Stephen Ehikian,,,,2025-01-20,reported,2025-07-21,reported,replaced,2025-01-20,,,,,,,,,,,Acting Administrator,director,,true,,,,,,,gsa-ehikian-deputy,,2025-09-03,reported,resigned
gsa-ehikian-deputy,demotion,GSA,,Stephen Ehikian,,,,2025-07-21,reported,2025-09-03,reported,resigned,2025-07-21,,,,,,,,,,,Deputy Administrator,dept_head,,true,,,,,,Had been in the Deputy Administrator role since 1/20 but serving as Acting Administrator,,,2025-09-03,reported,resigned
detail-dol-dhs-elez,detailed,DHS,,Marko Elez,,DOL,guessed,,,,,,2026-07-04,,,,,,,,,,,,,,,,,,"No other info, just mentioned in NYT roundup",,,,,,,
internal-dhs-cbp-elez,internal,CBP,DHS,Marko Elez,,DHS,inferred,,,,,,2026-07-04,,,,,,,,,,,,,,,,,,"No other info, just mentioned in NYT roundup",,,,,,,
internal-dhs-ice-elez,internal,ICE,DHS,Marko Elez,,DHS,inferred,,,,,,2026-07-04,,,,,,,,,,,,,,,,,,linked to ICE by NYT,,,,,,,
internal-dhs-tsa-elez,internal,TSA,DHS,Marko Elez,,DHS,inferred,,,,,,2026-07-04,,,,,,,,,,,,,,,,,,"No other info, just mentioned in NYT roundup",,linked to DHS by NYT,,,,,
internal-dhs-uscis-elez,internal,USCIS,DHS,Marko Elez,,DHS,inferred,,,,,,2026-07-04,,,,,,,,,,,,,,,,,,linked to DHS by NYT,,,,,,,
treasury-marko-elez,appointed,Treasury,,Marko Elez,,,,2025-01-21,verified,2025-02-06,verified,resigned,2025-01-21,2025-05-25,verified,,,,GS-11/01,"$84,601 (for 4 months)",66893097 C00424,,,Special Advisor (IT&M),advisor,,,Office of the Chief of Staff,,,,,"Abruptly resigned when past racist tweets were reported. I think the pay here is to the NTE date, since his later detail to SSA from DOL is reimbursed at $71k a quarter",,,,,
doge-elez,appointed,DOGE,EOP,Marko Elez,,,,2025-02-10,verified,,,,2025-02-10,,,,,,,,,,,,,,,,,,,,Listed as Volunteer Employee. This seems like it was a way to keep Elez with access after resigned from Treasury but before starting at DOL,,,,,
dol-elez,appointed,DOL,,Marko Elez,,,,2025-02-12,inferred,,,,2025-02-12,2025-06-11,verified,,,,GS-11/01,"$84,601",66899208,,,Policy Advisor,advisor,301,,Office of the Secretary,,,,,,,,,,
detail-dol-ssa-employee-7,detailed,SSA,,Marko Elez,SSA-07,DOL,verified,2025-02-18,verified,,,,2025-02-18,,,,,,,,,,,,,,,,true,"up to $71,000",,,"MOU signed by Mike Russo, was this followed by being hired at SSA",,,,,
detail-dol-hhs-marko-elez,detailed,HHS,,Marko Elez,,DOL,verified,2025-03-05,verified,,,,2025-03-05,,,,,,,,,,,Executive Engineer,advisor,,,,,,"No documentation, reported in court filing",,date/source in court filing,,,,,
internal-hhs-cms-marko-elez,internal,CMS,HHS,Marko Elez,,HHS,inferred,2025-03-05,verified,,,,2025-03-06,,,,,,,,,,,,,,,,,,Granted access to CMS system same day as start of detail to HHS,,granted access to CMS system on date,,,,,
gsa-elvy,appointed,GSA,,Bee Elvy,,,,2025-03-18,self-reported,,,,2025-03-18,,,,,,,"$167,603",,,,,,,,Technology Transformation Services,,,,,"Month sourced from LinkedIn, signed in once on 3/18 (badging in after?)",,,,,
opm-ezell,promotion,OPM,,Charles Ezell,,,,2025-01-20,verified,2025-07-09,inferred,replaced,2025-01-20,,,,,,,,,,,Acting Director,director,,,,,,,,Replaced by Scott Kupor's appointment,opm-ezell-advisor,,2025-10-XX,self-reported,resigned
opm-ezell-advisor,demotion,OPM,,Charles Ezell,,,,2025-07-09,verified,2025-10-XX,self-reported,resigned,2025-07-09,,,,,,,,,,,Senior Advisor,advisor,,,Office of the Director,,,,,,,,2025-10-XX,self-reported,resigned
epa-cio-farmer,appointed,EPA,,Carter Farmer,,,,2025-05-(08)~,reported,,,,2025-05-04,,,,,,,,,,,Chief Information Officer,cio,,,,,,,,,,,,,
detail-gsa-dhs-farritor,detailed,DHS,,Luke Farritor,,GSA,guessed,,,,,,2026-07-04,,,,,,,,,,,,,,,,,,"No details, but in NYT roundup",,"linked to DHS by NYT, no other info",,,,,
gsa-luke-farritor,appointed,GSA,,Luke Farritor,,,,2025-01-20,inferred,,,,2025-01-20,,,,,,,$0,,,,,,,,,,,"Luke is detailed to HHS from GSA on 2025-01-21, so date here is inferred",,"verified as detailed from GSA to HHS on 1/21, so assuming onboarded on 1/20",,,,,
internal-dhs-ice-farritor,internal,ICE,DHS,Luke Farritor,,DHS,inferred,,,,,,2026-07-04,,,,,,,,,,,,,,,,,,"No details, but in NYT roundup",,,,,,,
internal-dhs-tsa-farritor,internal,TSA,DHS,Luke Farritor,,DHS,inferred,,,,,,2026-07-04,,,,,,,,,,,,,,,,,,"No details, but in NYT roundup",,,,,,,
internal-dhs-uscis-farritor,internal,USCIS,DHS,Luke Farritor,,DHS,inferred,,,,,,2026-07-04,,,,,,,,,,,,,,,,,,"No details, but in NYT roundup",,,,,,,
detail-gsa-hhs-luke-farritor,detailed,HHS,,Luke Farritor,,GSA,verified,2025-01-21,verified,,,,2025-01-21,,,,,,,,,,,Executive Engineer,advisor,,,,,,Date found in a court filing,,,,,,,
detail-gsa-doge-farritor,detailed,DOGE,EOP,Luke Farritor,,GSA,inferred,2025-01-24,verified,2025-07-31,verified,detail_ended,2025-01-24,,,,,,,,,,,,,,,,,,,,,,,,,
detail-gsa-usaid-farritor,detailed,USAID,,Luke Farritor,,GSA,inferred,2025-01-27,reported,,,,2025-01-27,,,,,,,,,,,,,,,,,,,,,,,,,
internal-hhs-cdc-farritor,internal,CDC,HHS,Luke Farritor,,HHS,inferred,2025-01-30,inferred,,,,2025-01-30,,,,,,,,,,,,,,,,,,Guessing from first reported system access for ICE system,,date guessed from first system access at CDC,,,,,
internal-hhs-cms-farritor,internal,CMS,HHS,Luke Farritor,,HHS,inferred,2025-01-31,inferred,,,,2025-01-31,,,,,,,,,,,,,,,,,,Guessing from first reported system access for HIGLAS,,date guessed from first system access at CMS,,,,,
detail-gsa-energy-luke-farritor,detailed,Energy,,Luke Farritor,,GSA,guessed,2025-02-(04)~,disputed,,,,2025-02-04,,,,,,,,,,,,,,,,,,Start date was given by DOE spokesperson denying a news report,,,,,,,
detail-gsa-cfpb-luke-farritor,detailed,CFPB,,Luke Farritor,,GSA,verified,2025-02-07,verified,2025-03-04,verified,detail_ended,2025-02-07,,,,,,,,,,,,advisor,,,,,,Details from court filing,,,,,,,
detail-gsa-state-farritor,detailed,State,,Luke Farritor,,GSA,guessed,2025-02-10,reported,,,,2025-02-10,,,,,,,,,,,Senior Advisor,advisor,,,Bureau of Diplomatic Technology,,,,,info reported by news source,,,,,
internal-hhs-nih-farritor,internal,NIH,HHS,Luke Farritor,,HHS,inferred,2025-02-24,reported,,,,2025-02-24,,,,,,,,,,,,,,,NIH Business System,,,,,,,,,,
detail-gsa-nsf-farritor,detailed,NSF,,Luke Farritor,,GSA,guessed,2025-04-14,reported,,,,2025-04-14,,,,,,,,,,,,,,,,,,Showed up at the agency to do secondary round of grant reviews. Detail from HHS?,,arrived at agency to do secondary round of grant reviews with other DOGE staff at HHS.,,,,,
detail-gsa-dol-farritor,detailed,DOL,,Luke Farritor,,GSA,inferred,2025-05-(09)~,guessed,,,,2025-05-(09)~,,,,,,,,,,,,,,,,,,,,"Wired Magazine reported in June was detailed to DOL, but calendar reports meeting about DOL grants on 5/09, so guessing detailed around then.",,,,,
gsa-farritor-fulltime,converted,GSA,,Luke Farritor,,,,2025-05-31,reported,,,,2025-05-31,,,,,,GS-15,"$167,603 - $195,200",,,,Senior Advisor,,,,,,,,,Salary range for GS-15 in DC,,,,,
detail-sba-fennessy,detailed,SBA,,Conor Fennessy,,Education,guessed,,,,,,2026-07-04,,,,,,,,,,,Senior Advisor,advisor,,,,,,,,"identified by agency FOIA as having been at the agency, guessing detailed",,,,,
education-ed-2,appointed,Education,,Conor Fennessy,ED-02,,,2025-01-31,verified,,,,2025-01-31,,,,44,Regular C,GS-15/6,"$195,200",DBGS61164,,,Senior Advisor,advisor,301,false,Office of the Secretary,,,,,,,,,,
detail-education-hhs-fennessy,detailed,HHS,,Conor Fennessy,,Education,verified,2025-02-20,verified,,,,2025-02-20,,,,,,,,,,,,,,,,,,,,,,,,,
internal-hhs-cms-fennessy,internal,CMS,HHS,Conor Fennessy,,HHS,inferred,2025-03-03,inferred,,,,2025-03-03,,,,,,,,,,,,,,,,,,Inferred from first reported access to CALM system,,,,,,,
detail-doi-fennessy,detailed,DOI,,Conor Fennessy,,Education,guessed,2025-05-(01)?,inferred,,,,2025-05-(01)?,,,,,,,,,,,,,,,,,,,,Guessed because created a spreadsheet at DOI on grant cancellations around 5/07,,,,,
detail-usda-fennessy,detailed,USDA,,Conor Fennessy,,Education,verified,2025-05-15,verified,,,,2025-05-15,2025-09-12,inferred,,,,,,,,,,,,,,,,,,,,,,,
noaa-joshua-fox,detailed,NOAA,Commerce,Joshua Fox,,DOGE,guessed,,,,,,2025-02-16,,,,,,,,,,,,,,,,,,,,Linked to agency by ProPublica,,,2025-09-13,verified,resigned
doge-joshua-fox,appointed,DOGE,EOP,Joshua Fox,,,,2025-02-XX,reported,2025-06-XX,reported,replaced,2025-02-14,,,,,,,,,,,,,,,,,,,,,eop-doge,,2025-09-13,verified,resigned
mcc-joshua-fox,detailed,MCC,,Joshua Fox,,DOGE,guessed,2025-03-(22)?,guessed,,,,2025-03-22,,,,,,,,,,,,,,,,,,,,Linked to agency by ProPublica,,,2025-09-13,verified,resigned
usda-joshua-fox,detailed,USDA,,Joshua Fox,,DOGE,verified,2025-04-16,verified,,,,2025-04-16,2025-08-14,inferred,,,,,,,,,,,,,,false,,,,,,,2025-09-13,verified,resigned
eop-doge-fox,promotion,EOP,,Joshua Fox,,,,2025-06-XX,self-reported,2025-09-13,reported,resigned,2025-06-XX,,,,,,,,,,,Associate General Counsel,,,,Executive Office of the President,,,,,Reported as left 9/13/25; does this mean just DOGE or EOP/govt?,,,2025-09-13,verified,resigned
detail-gsa-nea-fox,detailed,NEA,,Justin Fox,,GSA,self-reported,,,,,,2026-07-04,,,,,,,,,,,,,,,,,,,,,,,2025-09-(15)~,verified,resigned
gsa-justin-fox,appointed,GSA,,Justin Fox,,,,2025-03-03,verified,2025-09-(15)~,verified,resigned,2025-03-03,,,,,,,"$167,603",,,,Senior Advisor,advisor,,,Office of the Administrator,,,"No details, but just guessing",,"End date is just given as ""mid-September""",,,2025-09-(15)~,verified,resigned
detail-gsa-iaf-fox,detailed,IAF,,Justin Fox,,GSA,self-reported,2025-03-(04)~,inferred,,,,2025-03-04,,,,,,,,,,,,,,,,,,,,"start inferred from DOGE at IAF, but after start at GSA",,,2025-09-(15)~,verified,resigned
detail-gsa-usip-fox,detailed,USIP,,Justin Fox,,GSA,self-reported,2025-03-04,reported,,,,2025-03-04,,,,,,,,,,,,,,,,,,,,Inferring from Nate Cavanaugh start,,,2025-09-(15)~,verified,resigned
detail-neh-justin-fox,detailed,NEH,,Justin Fox,,GSA,guessed,2025-03-(13)~,verified,,,,2025-03-13,,,,,,,,,,,,,,,,,,Guessing GSA based on some past reporting,,,,,2025-09-(15)~,verified,resigned
detail-gsa-imls-fox,detailed,IMLS,,Justin Fox,,GSA,self-reported,2025-03-20,inferred,,,,2025-03-20,,,,,,,,,,,,,,,,,,,,start inferred from IMLS appearance,,,2025-09-(15)~,verified,resigned
detail-gsa-mcc-fox,detailed,MCC,,Justin Fox,,GSA,guessed,2025-03-(22)?,guessed,,,,2025-03-22,,,,,,,,,,,,,,,,,,,,"Linked to MCC by NPR, start date guessed from disruption there",,,2025-09-(15)~,verified,resigned
detail-gsa-wwics-fox,detailed,WWICS,,Justin Fox,,GSA,guessed,2025-03-31,reported,,,,2025-03-31,,,,,,,,,,,,,,,,,,,,"Linked to WWICS by NPR, date is first DOGE sighting at agency",,,2025-09-(15)~,verified,resigned
detail-gsa-nlrb-fox,detailed,NLRB,,Justin Fox,,GSA,guessed,2025-04-16,reported,,,,2025-04-16,,,,,,,,,,,,,,,,,,,,,,,2025-09-(15)~,verified,resigned
va-fulcher,appointed,VA,,Justin Fulcher,,,,2025-02-(04)~,reported,,,,2025-02-04,,,,,,,,,,,,,,,,,,,,reported in early Feb but named later,,,2025-07-20,verified,resigned
dod-fulcher,detailed,DOD,,Justin Fulcher,,VA,guessed,2025-03-04,reported,2025-04-24,reported,replaced,2025-03-04,,,,,,,,,,,,,,,,,,Assuming this position replace by Senior Advisor role,,"no info, but assuming detailed from VA",dod-fulcher-advisor,,2025-07-20,verified,resigned
dod-fulcher-advisor,appointed,DOD,,Justin Fulcher,,,,2025-04-25,reported,2025-07-20,verified,resigned,2025-04-25,,,,,,,,,,,Senior Advisor,advisor,,,Office of the Secretary,,,,,,,,2025-07-20,verified,resigned
detail-gsa-doge-gallagher,detailed,DOGE,EOP,Nicholas Gallagher,,GSA,inferred,2025-03-03,verified,,,,2025-03-03,,,,,,,,,,,,,,,,,,,,,,,,,
gsa-gallagher,appointed,GSA,,Nicholas Gallagher,,,,2025-05-XX,guessed,,,,2025-05-15,,,,,,,,,,,,,,,,,,,,"Named in ProPublica roundup, start date guessed",,,,,
nrc-gallagher,detailed,NRC,,Nicholas Gallagher,,GSA,guessed,2025-10-XX,reported,,,,2025-10-XX,,,,,,,,,,,,,,,,,,,,Reportedly sent to keep an eye on new rules being developed by NRC,,,,,
hhs-gamache,unknown,HHS,,Mattieu Gamache-Asselin,,,,2025-01-XX,reported,2025-01-XX,reported,unknown,2025-01-XX,,,,,,,,,,,Senior Advisor - DOGE,advisor,,,Assistant Secretary for Financial Resources,,,ProPublica just reports he was there in January,,,,,2025-01-XX,inferred,unknown
opm-joe-gebbia,appointed,OPM,,Joe Gebbia,,,,2025-02-18,verified,,,,2025-02-18,,,,48,Other,ED-00,$0,6A39752,,true,Expert,advisor,301,false,Office of the Director,,,Sourced from a FOIAed document,,,,,,,
nds-gebbia,appointed,NDS,,Joe Gebbia,,,,2025-08-21,reported,,,,2025-08-21,,,,,,,,,,,Chief Design Officer,dept_head,,,National Design Studio,,,,,Position created in EO 14338,,,,,
gsa-geissler,appointed,GSA,,Derek Geissler,,,,2025-01-XX,inferred,,,,2025-01-20,,,,,,,$0,,,,,,,,Immediate Officer of the Administrator,,,,,,,,,,
dol-derek-geissler,detailed,DOL,,Derek Geissler,,GSA,inferred,2025-02-(13)~,reported,,,,2025-02-13,,,,,,,,,,,,,,,,,,No other information besides this report. 3 other DOGE staff besides Ramada at agency on 2/5.,,,,,,,
dod-george,appointed,DOD,,Patrick George,,,,2025-02-(18)?,inferred,,,,2025-02-18,,,,,,,,,,,,,,,U.S. Navy,,,,,Start date inferred from reports of DOGE meeting 2/18 and Hegseth reporting on 2/20 that many were veterans,,,,,
sba-gibson,unknown,SBA,,Patricia Gibson,,,,2025-02-XX,self-reported,,,,2025-02-XX,,,,,,,"$195,200",,,,Senior Advisor,advisor,,,,,,,,Start month sourced from her LinkedIn,,,,,
faa-glantz,appointed,FAA,DOT,Brady Glantz,,,,2025-02-16,reported,2025-06-02,reported,fired,2025-02-16,2025-02-20,verified,,,,,,,,,Senior Advisor,advisor,,,Office of the Administrator,,,,,,,,2025-06-02,reported,fired
doge-amy-gleason,appointed,DOGE,EOP,Amy Gleason,,,,2024-12-30,verified,2024-02-18,verified,replaced,2024-12-30,,,,,,AD-00,,,,,,,301,,,,,"Amy Gleason joins the USDS, according to her sworn testimony; not sure of her title for this before she is named Acting Director",,this is Amy's role in USDS until she was named the administrator of DOGE,doge-amy-gleason-director,,,,
doge-hhs-gleason,detailed,HHS,,Amy Gleason,,DOGE,inferred,2025-02-XX,guessed,,,,2025-02-15,,,,,,,,,,,,,,,,,,,,assuming a detail from DOGE to HHS,,,,,
doge-amy-gleason-director,promotion,DOGE,EOP,Amy Gleason,,,,2025-02-18,verified,,,,2025-02-18,,,,,,AD-00,,,,,"Acting Administrator, US DOGE Service and the DOGE Temporary Organization",director,301,,,,,,,,,,,,
internal-hhs-cms-gleason,internal,CMS,HHS,Amy Gleason,,HHS,inferred,2025-02-(24)~,inferred,,,,2025-02-24,,,,,,,,,,,,,,,,,,Start date is just her reported first access to CALM system at CMS,,,,,,,
hhs-amy-gleason,converted,HHS,,Amy Gleason,,,,2025-03-04,verified,,,,2025-03-04,,,,,,,$0,,,,Expert/Consultant,advisor,,,,,,All I have is her SF-61,,,,,,,
opm-gonzalez,appointed,OPM,,Mike Gonzalez,,,,2025-03-XX,self-reported,2025-06-XX,self-reported,resigned,2025-03-15,,,,,,,,,,,Senior Advisor,advisor,,,,,,,,,,,2025-06-XX,self-reported,resigned
state-graber,appointed,State,,Ross Graber,,,,2025-02-XX,reported,2025-03-13,verified,resigned,2025-02-XX,,,,,,,,,,,,,,,,,,,,,,,,,
energy-graber,appointed,Energy,,Ross Graber,,,,2025-03-13,verified,2025-07-XX,self-reported,resigned,2025-03-13,,,,,,,"$195,200",,,,Chief Information Officer,cio,,true,,,,,,"Reported to have resigned on 4/18, but LinkedIN reports working into July",,,,,
nnsa-graber,appointed,NNSA,,Ross Graber,,,,2025-07-XX,self-reported,,,,2025-07-XX,,,,,,,,,,,Chief Information Security Officer,dept_head,,true,,,,,,,,,,,
ssa-antonio-gracias,appointed,SSA,,Antonio Gracias,SSA-04,,,2025-02-23,verified,2025-07-01,verified,resigned,2025-02-23,2026-02-22,verified,,,,ED-00,$0,KNX0370,,,Expert,,301,,Office of the Chief Information Officer,,,SF-50 is a correction,"Founder, CEO and Chief Investment Officer of [REDACTED]. Over 25 years of experience in private equity investing.",,,,2025-07-01,verified,resigned
commerce-michael-grimes,appointed,Commerce,,Michael Grimes,,,,2025-02-27,verified,2025-05-XX,self-reported,replaced,2025-02-27,,,,,,,"$167,603",,,,Senior Advisor,advisor,,,,,,,,,commerce-grimes-invest-accelerator,,2026-02-XX,self-reported,resigned
commerce-grimes-invest-accelerator,promotion,Commerce,,Michael Grimes,,,,2025-03-XX,self-reported,2026-02-XX,self-reported,resigned,2025-03-XX,,,,,,,,,,,"Executive Director, US Investment Accelerator",,,,,,,,,,,,2026-02-XX,self-reported,resigned
nds-groot,appointed,NDS,,Tai Groot,,,,2025-07-XX,guessed,,,,2025-07-01,,,,,,,,,,,,,,,,,,,,Guessing started at NDS because identified by White House as staffer,,,,,
ssa-groot,detailed,SSA,,Tai Groot,,NDS,guessed,2025-07-XX,self-reported,,,,2025-07-02,,,,,,,,,,,IT Cybersecurity Expert,,,,,,,,,Guessing a detail because of NDS link,,,,,
gsa-josh-gruenbaum,appointed,GSA,,Josh Gruenbaum,,,,2025-01-24,verified,,,,2025-01-24,,,,,,,"$183,100",,,,Federal Acquisition Service Commissioner,dept_head,,true,,,,,,,,,,,
imls-hamrick,detailed,IMLS,,Gavin Hamrick,,,,2025-03-31,reported,,,,2025-03-31,,,,,,,,,,,,,,,,,,"DOGE put entire staff on admin leave and started cancelling grants, not many details",,,,,,,
gsa-joshua-hanley,appointed,GSA,,Joshua Hanley,,,,2025-02-14,inferred,,,,2025-02-14,,,,,,GS-12,"$167,603",,,,,,,,Office of General Counsel,,,,,"At badging on 2/14, so inferring start then",,,,,
doge-joshua-hanley,detailed,DOGE,EOP,Joshua Hanley,,GSA,inferred,2025-02-24,verified,,,,2025-02-24,,,,,,,,,,,,,,,,,,,,,,,,,
opm-christina-hanna,appointed,OPM,,Christina Hanna,OPM-12,,,2025-02-03,verified,2025-03-05,guessed,resigned,2025-02-03,,,,48,Other,ED-00,$0,6A39735,,true,Expert,advisor,301,false,Office of the Director,,,Sourced from FOIAed document,,Start date guessed from system access.,,opm-christina-hanna,2025-03-05,verified,resigned
doi-hassen,appointed,DOI,,Tyler Hassen,,,,2025-01-23,inferred,2025-03-07,verified,replaced,2025-01-23,,,,,,,"$142,488",,,,,,,,,,,,,FOIA response includes email to him on first day,doi-hassen-acting,,2025-11-XX,self-reported,resigned
doi-hassen-acting,promotion,DOI,,Tyler Hassen,,,,2025-03-07,reported,2025-04-XX,reported,replaced,2025-03-07,,,,,,,,,,,"Acting Assistant Secretary of Policy, Management and Budget",dept_head,,true,,,,,,ended with title change to Principal Deputy Assistant Secretary,doi-hassan-principal,,2025-11-XX,self-reported,resigned
doi-hassen-principal,promotion,DOI,,Tyler Hassen,,,,2025-04-XX,reported,2025-09-03,verified,replaced,2025-04-XX,,,,,,,,,,,Principal Deputy Assistant Secretary,director,,true,,,,,,"title change allows him to avoid Senate approval/ethics rules. He reported he was leaving the agency on 8/1, but was seemingly still in the role until 9/3",doi-hassen-unknown,,2025-11-XX,self-reported,resigned
doi-hassen-unknown,unknown,DOI,,Tyler Hassen,,,,2025-09-03,reported,2025-11-XX,self-reported,resigned,2025-09-03,,,,,,,,,,,,,,,,,,,,Working on layoffs / consolidation; LinkedIn reports left in November,,,2025-11-XX,self-reported,resigned
dod-hickey,appointed,DOD,,Jim Hickey,,,,2025-02-(18)?,inferred,,,,2025-02-18,,,,,,,,,,,Senior Advisor,advisor,,,Undersecretary of Defense,,,,,Start date inferred from reports of DOGE meeting 2/18 and Hegseth reporting on 2/20 that many were veterans. LinkedIn says Feb.,,,,,
dhs-hoffman,appointed,DHS,,Adam Hoffman,,,,2025-03-(19)~,reported,,,,2025-03-(19)~,,,,,,,"$167,603",,,,,,,,,,,,,,,,,,
doj-hoffman,detailed,DOJ,,Adam Hoffman,,DOGE,inferred,2025-04-21,reported,,,,2025-04-21,,,,,,,,,,,,,,,,,,,,,,,,,
greg-hogan-opm,appointed,OPM,,Greg Hogan,,,,2025-01-20,verified,2025-01-20,verified,replaced,2025-01-20,,,,55,SES Noncareer,ES-00,"$195,200",6A38081,,,Senior Advisor to the Director for Technology and Delivery,advisor,301,true,Office of the Director,,,details from FOIA documents,,ended by promotion to CIO,opm-hogan-cio,,,,
opm-hogan-cio,promotion,OPM,,Greg Hogan,,,,2025-01-20,reported,2025-02-11,verified,replaced,2025-01-21,,,,,,ES-00,"$195,200",,,,Acting Chief Information Officer,cio,301,true,,,,,,testified he started as Senior Advisor but was made Acting CIO same day. Made permanent CIO on 2/11,opm-hogan-cio-official,,,,
opm-hogan-cio-official,promotion,OPM,,Greg Hogan,,,,2025-02-11,verified,2025-09-02,reported,resigned,2025-02-11,,,,55,SES Noncareer,ES-00,"$195,200",6A39566,,,Chief Information Officer,cio,301,true,Office of the Director,,,details from FOIA doucments,,,,,,,
nds-hogan,appointed,NDS,,Greg Hogan,,,,2025-10-XX,self-reported,,,,2025-10-XX,,,,,,,,,,,Hacker in Residence,,,,,,,,,,,,,,
gsa-hollander,appointed,GSA,,Nicole Hollander,,,,2025-01-20,guessed,2025-05-29,reported,resigned,2025-01-20,,,,,,,$0,,,,,,,true,Office of the Administrator,,,"Reportedly, has left the government in the wake of Steve Davis and Elon Musk leaving",,,,,2025-05-29,reported,resigned
doge-holmes,appointed,DOGE,EOP,Stephanie Holmes,,,,2025-02-(01)~,reported,,,,2025-02-01,,,,,,,,,,,Senior Advisor for Technology and Efficiency,advisor,,,,,,First mentioned in reports on 2/1,,"First reported today, likely onboarded earlier in January",,,,,
detail-doge-doi-holmes,detailed,DOI,,Stephanie Holmes,,DOGE,reported,2025-02-24,reported,2025-09-(29)~,verified,resigned,2025-02-24,,,,,,,,,,,Special Advisor / Acting Chief Human Capital Officer,dept_head,,,,,,,,reported on 7/29 as leaving DOI; but still at DOI in Sept; new Chief HCO appointed 9/29,,,,,
nds-jackson,appointed,NDS,,Aaron Jackson,,,,2025-09-XX,self-reported,,,,2025-09-XX,,,,,,,,,,,"Design Director, Founding Design Partner",,,,,,,,,,,,,,
state-jackson,appointed,State,,Kenneth Jackson,,,,2025-01-XX,guessed,,,,2025-01-20,,,,,,,,,,,,,,,,,,,,"I know Kenneth Jackson started at State, but I haven't found more info of when and where",,,,,
usip-jackson,appointed,USIP,,Kenneth Jackson,,,,2025-03-17,reported,2025-03-25,verified,removed,2025-03-17,,,,,,,,,,,Acting President,director,,true,,,,,,,,,,,
usaid-deputy-jackson,appointed,USAID,,Kenneth Jackson,,,,2025-03-18,verified,,,,2025-03-18,,,,,,,,,,,Deputy Administrator (Management and Resources),dept_head,,true,,,,,,,,,,,
gsa-jegannathan,appointed,GSA,,Raj Jegannathan,,,,2025-04-(24)~,reported,,,,2025-04-24,,,,,,,,,,,Data Engineer,,,,,,,,,,,,,,
gsa-jehling,appointed,GSA,,Erica Jehling,,,,2025-02-XX,guessed,,,,2025-02-01,,,,,,,,,,,,,,,,,,,,"Assuming GSA start because linked there by ProPublica and at time, people were detailed from there",,,,,
epa-jehling,detailed,EPA,,Erica Jehling,,GSA,guessed,2025-02-12,reported,2025-06-XX,guessed,detail_ended,2025-02-12,,,,,,,$0,,,,,,,,,,,,,"Reported 9/25 had left agency, assuming around/near Loving exit",,,,,
faa-kiernan,appointed,FAA,DOT,Thomas Kiernan,,,,2025-02-16,reported,2025-06-02,reported,fired,2025-02-16,2025-02-20,verified,,,,,,,,,Senior Advisor,advisor,,,Office of the Administrator,,,,,,,,2025-06-02,reported,fired
doge-killian,appointed,DOGE,EOP,Cole Killian,,,,2025-01-20,verified,2025-06-27,verified,resigned,2025-01-20,,,,,,,,,,,,,,,,,,"Listed as interviewing USDS staff on 1/21, not in GSA or OPM crew",,"reported as interviewing USDS staff about jobs, not found in GSA or OPM lists",,,2025-06-27,inferred,resigned
detail-doge-epa-killian,detailed,EPA,,Cole Killian,,DOGE,inferred,2025-02-04,reported,2025-06-(27)?,inferred,detail_ended,2025-02-04,,,,,,,,,,,Federal Detailee,,,,,,,,,Reported as ending in June and left DOGE on 6/27,,,2025-06-27,inferred,resigned
detail-doge-dol-killian,detailed,DOL,,Cole Killian,,DOGE,inferred,2025-02-(13)~,reported,,,,2025-02-13,,,,,,,,,,,,,,,,,,No other information besides this report. 3 other DOGE staff besides Ramada at agency on 2/5.,,,,,2025-06-27,inferred,resigned
ssa-employee-5,detailed,SSA,,Cole Killian,SSA-05,DOGE,verified,2025-02-18,verified,,,,2025-02-18,2026-07-04,verified,,,,,,,,,,,,,,,,All I have is the date they completed training,,"limited onboarding docs, court docs about them",,,2025-06-27,inferred,resigned
nds-kim,appointed,NDS,,Tyler Kim,,,,2026-02-XX,self-reported,,,,2026-02-XX,,,,,,,,,,,,,,,,,,,,,,,,,
gsa-kizenko,appointed,GSA,,Boris Kizenko,,,,,,,,,2025-02-01,,,,,,,,,,,Senior Advisor,advisor,,,,,,,,,,,,,
sba-kizenko,detailed,SBA,,Boris Kizenko,,GSA,guessed,,,,,,2025-02-02,,,,,,,,,,,,,,,,,,,,,,,,,
detail-opm-dhs-kliger,detailed,DHS,,Gavin Kliger,,OPM,guessed,,,,,,2026-07-04,,,,,,,,,,,,,,,,,,"No details, but listed in a NYT roundup and adding here. Assuming detail from OPM.",,,,,,,
internal-dhs-tsa-kliger,internal,TSA,DHS,Gavin Kliger,,DHS,inferred,,,,,,2026-07-04,,,,,,,,,,,,,,,,,,"No details, but listed in a NYT roundup and adding here. Assuming detail from OPM.",,,,,,,
opm-05-gsa,detailed,GSA,,Gavin Kliger,OPM-05,OPM,verified,,,,,,2026-07-04,,,,,,,,,,,,,,,,,,,,detail in court doc,,,,,
opm-temp-employee-5,appointed,OPM,,Gavin Kliger,OPM-05,,,2025-01-20,verified,2025-02-18,verified,replaced,2025-01-20,2025-05-20,verified,,44,Schedule C,GS-15,"$195,200",6A38025,,true,Senior Advisor to the Director for Information Technology,advisor,301,true,Office of the Director,,,,,hired at maximum salary for GS federal employee in DC,opm-perm-employee-5,,,,
detail-opm-usaid-kliger,detailed,USAID,,Gavin Kliger,,OPM,verified,2025-01-27,reported,,,,2025-01-27,,,,,,,,,,,,,,,,,,,,,,,,,
detail-opm-usda-kliger,detailed,USDA,,Gavin Kliger,,OPM,verified,2025-01-29,verified,,,,2025-01-29,,,,,,,,,,,,,,,Office of the Secretary,,,"No details, but listed in a NYT roundup and adding here. On 2/14, USDA head said they'd been there a couple of weeks. An email from him has the label OSEC - DC",,,,,,,
detail-opm-cfpb-kliger,detailed,CFPB,,Gavin Kliger,,OPM,verified,2025-02-07,verified,2025-05-08,verified,fired,2025-02-07,,,,,,,,,,,,advisor,,,,,,,,,,,,,
opm-perm-employee-5,converted,OPM,,Gavin Kliger,OPM-05,,,2025-02-18,verified,2025-12-27,verified,resigned,2025-02-18,,,,44,Schedule C,GS-15,"$195,200",6A38025,,true,Senior Advisor to the Director for Information Technology,advisor,301,true,Office of the Director,,,converted from provisional to excepted position,,,,,,,
detail-opm-irs-gavin-kliger,detailed,IRS,Treasury,Gavin Kliger,,OPM,verified,2025-02-19,verified,2025-04-17,reported,fired,2025-02-19,2025-06-19,inferred,2025-02-19,,,,,,,,,,,,,true,,he was forcibly removed from agency in purge by Bessent,,,,,,,
opm-05-usagm,detailed,USAGM,,Gavin Kliger,OPM-05,OPM,verified,2025-03-(01)~,reported,,,,2025-03-(01)~,,,,,,,,,,,,,,,,,,,,"detail in court doc, date from Kliger spotted at VOA around start of March",,,,,
detail-opm-ftc-kliger,detailed,FTC,,Gavin Kliger,,OPM,guessed,2025-03-(28)~,reported,,,,2025-03-28,,,,,,,,,,,,,,,,,,"Title is not given, reported as starting ""last week"" from 2025-04-04",,,,,,,
dod-kliger,appointed,DOD,,Gavin Kliger,,,,2025-12-XX,self-reported,,,,2025-12-XX,,,,,,,,,,,Chief Data Officer,,,,,,,,,,,,,,
doge-kmiec,appointed,DOGE,EOP,Keenan Kmiec,,,,2025-01-24,verified,2025-02-05,verified,resigned,2025-01-24,,,,,,,,,,,,,,,,,,,,,,,2025-02-05,inferred,resigned
usds-koller,appointed,DOGE,EOP,Kaitlyn Koller,,,,2025-04-06,verified,2025-08-(26)~,reported,resigned,2025-04-06,,,,,,AD-00,,,,,Senior Advisor,advisor,301,,,,,,,,,,,,
nds-koller,appointed,NDS,,Kaitlyn Koller,,,,2025-08-(26)~,reported,,,,2025-08-26,,,,,,,,,,,Director of Operations,,,,,,,,,,,,,,
ssa-employee-6,appointed,SSA,,Jon Koval,SSA-06,,,2025-02-23,verified,,,,2025-02-23,2026-02-22,verified,,,,ED-00,$0,KNX0360,,,Expert,advisor,,,Office of the CIO,,,,,,,,2025-07-XX,guessed,resigned
detail-ssa-doj-koval,detailed,DOJ,,Jon Koval,,SSA,inferred,2025-04-15,reported,,,,2025-04-15,,,,,,,,,,,,,,,,,,,,assuming detail from SSA,,,2025-07-XX,guessed,resigned
ostp-kratsios,appointed,EOP,,Michael Kratsios,,,,2025-03-25,reported,,,,2025-03-25,,,,,,,,,,,"Director, Office of Science and Technology Program",,,,,,,,,,,,,,
onboard-treasury-thomas-krause,consultant,Treasury,,Tom Krause,,,,2025-01-23,verified,2025-02-12,verified,replaced,2025-01-23,2025-04-10,verified,,,,,$0,,true,,Senior Advisor for Technology and Modernization,advisor,,,Office of the Chief of Staff,,,Part-time,,,appoint-treasury-thomas-krause,,2025-06-06,reported,resigned
appoint-treasury-thomas-krause,converted,Treasury,,Tom Krause,,,,2025-02-13,verified,2025-06-06,reported,resigned,2025-02-13,2025-07-03,verified,,,Schedule C,,"$167,603",,true,,,,,,,,,Changed to a full-time position,,,,,2025-06-06,reported,resigned
opm-kupor,appointed,OPM,,Scott Kupor,,,,2025-07-09,verified,,,,2025-07-09,,,,,,,,,,,Director,director,,,,,,,,,,,,,
hud-langmack,appointed,HUD,,Scott Langmack,,,,2025-02-10,reported,2025-07-XX,self-reported,resigned,2025-02-10,,,,,,,"$167,603",,,,Senior Advisor,advisor,,,,,,,,"assuming appointed, LinkedIn reports move to OMB",,,,,
omb-langmack,appointed,OMB,EOP,Scott Langmack,,,,2025-08-XX,self-reported,,,,2025-08-XX,,,,,,,,,,,"Executive Director, Deregulation AI",,,,,,,,,,,,,,
va-lavingia,appointed,VA,,Sahil Lavingia,,,,2025-03-17,verified,2025-05-09,verified,fired,2025-03-17,,,,,,,"$27,444",,,,Senior Advisor,advisor,,,Office of the Chief of Staff,,,,,"fired for talking to media, dates from his blog",,,,,
irs-lavingia,appointed,IRS,Treasury,Sahil Lavingia,,,,2025-11-XX,reported,,,,2025-11-XX,,,,,,,,,,,,,,,,,,,,Reportedly a career employee at the IRS (not a political appointee),,,,,
gsa-jeremy-lewin,appointed,GSA,,Jeremy Lewin,,,,2025-01-20,guessed,,,,2025-01-20,,,,,,,"$167,603",,,,,,,,,,,I know he started at the GSA before 1/28,,salary reported by Wired,,,,,
detail-usaid-jeremy-lewin,detailed,USAID,,Jeremy Lewin,,GSA,verified,2025-01-27,verified,2025-03-18,inferred,replaced,2025-01-27,2025-07-25,verified,,,,,,,,,Senior Advisor / Director for Strategy & Programs,dept_head,,,,false,,,,,usaid-jeremy-lewin-2,,,,
detail-gsa-cfpb-jeremy-lewin,detailed,CFPB,,Jeremy Lewin,,GSA,verified,2025-02-07,verified,,,,2025-02-07,,,,,,,,,,,,advisor,,,,,,,,,,,,,
detail-gsa-hhs-lewin,detailed,HHS,,Jeremy Lewin,,GSA,guessed,2025-02-21,verified,,,,2025-02-21,,,,,,,,,,,,,,,,,,,,,,,,,
internal-hhs-nih-lewin,internal,NIH,HHS,Jeremy Lewin,,HHS,inferred,2025-02-24,reported,,,,2025-02-24,,,,,,,,,,,,,,,,,,,,,,,,,
internal-hhs-cms-lewin,internal,CMS,HHS,Jeremy Lewin,,HHS,inferred,2025-03-03,inferred,,,,2025-03-03,,,,,,,,,,,,,,,,,,Inferring based on first reported access to CMS CALM system,,date inferred from access to CMS CALM system,,,,,
usaid-jeremy-lewin-2,appointed,USAID,,Jeremy Lewin,,,,2025-03-18,verified,,,,2025-03-18,,,,,,,,,,,Deputy Administrator(Policy and Programming) / COO,dept_head,,,,,,,,,,,,,
state-lewin-foreign,appointed,State,,Jeremy Lewin,,,,2025-04-15,reported,2025-07-11,verified,replaced,2025-04-15,,,,,,,,,,,Acting Head of Foreign Assistance,dept_head,,,,,,,,,state-lewin-undersecretary,,,,
state-lewin-undersecretary,promotion,State,,Jeremy Lewin,,,,2025-07-11,verified,,,,2025-07-11,,,,,,,,,,,"Under Secretary for Foreign Assistance, Humanitarian Affairs and Religious Freedom",,,true,,,,,,,,,,,
opm-li,appointed,OPM,,Dennis Li,,,,2025-06-XX,inferred,,,,2025-06-XX,,,,,,,,,,,,,,,,,,,,"Left prior job in May, December blog post said working past 6 months on OPM project to digitize paper retirements. Although lists job as NDS, this should be an OPM role.",,,,,
usda-lichtman,appointed,USDA,,Jeremy Lichtman,,,,2025-03-17,self-reported,2025-12-XX,self-reported,resigned,2025-03-15,,,,,,GS-14/01,"$142,488",91530968,,true,Advisor on Government Efficiency,,301,,Office of the Secretary of Agriculture,,,,,,,,2025-12-XX,self-reported,resigned
doge-lindemann,appointed,DOGE,EOP,Kendall Lindemann,,,,2025-02-(10)~,reported,2025-07-XX,self-reported,resigned,2025-02-10,,,,,,AD-00,,,,,Senior Advisor for Technology and Efficiency,advisor,301,,,,,,,Departure from own LinkedIn,,,2025-07-XX,self-reported,resigned
epa-loving-transition,consultant,EPA,,Kathryn Armstrong Loving,,,,2024-12-XX,self-reported,2025-01-20,inferred,replaced,2024-12-XX,,,,,,,,,,,,,,,,,,,,LinkedIn reported being consultant/advisor to Zeldin from Dec 2024; assuming transition role here,epa-loving,,2025-06-XX,self-reported,resigned
epa-loving,appointed,EPA,,Kathryn Armstrong Loving,,,,2025-01-20,inferred,2025-06-XX,self-reported,resigned,2025-01-20,,,,,,,$0,,,,Federal Detailee,,,,,,,,,Reported left EPA on LinkedIn. Likely at EPA from Day one based on NOTUS,,,2025-06-XX,self-reported,resigned
doi-luby,appointed,DOI,,Matt Luby,,,,2025-03-XX,reported,2026-03-XX,self-reported,replaced,2025-03-XX,,,,,,,"$142,488",,,,Senior Advisor,advisor,,,,,,Tyler Hassen reported to be working with Matt Luby to scrutinize grants,,,doi-luby-strategy,,,,
doi-luby-strategy,promotion,DOI,,Matt Luby,,,,2026-03-XX,self-reported,,,,2026-03-XX,,,,,,,,,,,Chief Strategy Officer,,,,,,,,,,,,,,
state-makecha,appointed,State,,Tarak Makecha,,,,2025-01-XX,verified,,,,2025-01-20,,,,,,,"$167,603",,,,,,,,,,,,,Identified in FOIA as starting at State Dept.,,,2025-07-XX,self-reported,resigned
opm-makecha,appointed,OPM,,Tarak Makecha,,,,2025-02-28,verified,2025-07-XX,self-reported,resigned,2025-02-28,,,,,,,,,,,Senior Advisor,advisor,,,,,,POGO has his resume and listing as an OPM staffer. ProPublica had financial disclosures on 2/28,,,,,2025-07-XX,self-reported,resigned
detail-usagm-makecha,detailed,USAGM,,Tarak Makecha,,OPM,guessed,2025-03-(01)~,guessed,,,,2025-03-01,,,,,,,,,,,,,,,,,,,,"Date unknown, but assuming with Kliger who was at USAGM in early March",,,2025-07-XX,self-reported,resigned
detail-fcc-makecha,detailed,FCC,,Tarak Makecha,,OPM,verified,2025-03-18,verified,,,,2025-03-18,,,,,,,,,,,,,,,Office of the Chairman,,,,,listed self as detailing from OPM,,,2025-07-XX,self-reported,resigned
fbi-makecha,detailed,FBI,DOJ,Tarak Makecha,,OPM,inferred,2025-03-(30)~,guessed,2025-07-XX,inferred,detail_ended,2025-03-30,,,,,,,,,,,Senior Advisor,advisor,,,Human Resources,,,Tarak Makacha has reportedly shown up in FBI directories as a Senior Advisor to the agency's executive assistant director for human resources. He reportedly has been there since the end of March,,,,,2025-07-XX,self-reported,resigned
faa-malaska,appointed,FAA,DOT,Ted Malaska,,,,2025-02-16,reported,2025-06-02,reported,fired,2025-02-16,2025-02-20,verified,,,,,,,,,Senior Advisor,advisor,,,Office of the Administrator,,,,,,,,2025-06-02,reported,fired
gsa-malcher,appointed,GSA,,Dave Malcher,,,,2025-04-(24)~,reported,2026-03-XX,self-reported,,2025-04-24,,,,,,,,,,,,,,,,,,,,,,,2026-03-XX,self-reported,resigned
detail-gs-va-malcher,detailed,VA,,Dave Malcher,,GSA,inferred,2025-04-(25)~,reported,2026-03-XX,self-reported,,2025-04-25,,,,,,,,,,,Senior Advisor,advisor,,,,,,,,,,,2026-03-XX,self-reported,resigned
detail-opm-dhs-mangaser,detailed,DHS,,Allan Mangaser,,OPM,guessed,2025-04-XX,guessed,,,,2025-04-16,,,,,,,,,,,,,,,,,,,,"Based on reports talked to TSA and CISA, assuming detail to DHS",,,,,
internal-dhs-cisa-mangaser,internal,CISA,DHS,Allan Mangaser,,DHS,reported,2025-04-XX,guessed,,,,2025-04-17,,,,,,,,,,,,,,,,,,,,Reportedly met with CISA,,,,,
internal-dhs-tsa-mangaser,internal,TSA,DHS,Allan Mangaser,,DHS,reported,2025-04-XX,guessed,,,,2025-04-17,,,,,,,,,,,,,,,,,,,,Reportedly met with TSA,,,,,
omb-mangaser,appointed,EOP,,Allan Mangaser,,,,2025-04-XX,verified,,,,2025-04-15,,,,,,,,,,,Senior Advisor to the US Federal CIO,advisor,,,Office of Management and Budget,,,,,LinkedIn says he started there in April,,,,,
state-marocco,appointed,State,,Peter Marocco,,,,2025-01-20,inferred,2025-04-13,reported,fired,2025-01-20,,,,,,,"$195,2200",,,,Director of Foreign Assistance,director,,,,,,,,,,,2025-04-13,reported,fired
usaid-marocco,appointed,USAID,,Peter Marocco,,,,2025-02-01,reported,2025-03-19,reported,resigned,2025-02-01,,,,,,,,,,,,,,,,,,,,,,,2025-04-13,reported,fired
iaf-marocco,appointed,IAF,,Peter Marocco,,,,2025-02-28,verified,2025-04-04,inferred,removed,2025-02-28,,,,,,,,,,,President/CEO,,,,,,,,,Assuming removed with Sara Aviel reinstatement by court order,,,2025-04-13,reported,fired
usadf-marocco,appointed,USADF,,Peter Marocco,,,,2025-02-28,verified,,,,2025-02-28,,,,,,,,,,,Acting Chair of the Board,,,,,,,,,,,,2025-04-13,reported,fired
dhs-mccord,appointed,DHS,,Antoine McCord,,,,2025-03-11,reported,,,,2025-03-11,,,,,,,"$195,200",,,,Chief Information Officer,cio,,,,,,,,,,,,,
doi-mcinerny,appointed,DOI,,Paul McInerny,,,,2025-05-05,reported,,,,2025-05-05,,,,,,,,,,,Chief Information Officer,cio,,true,,,,,,,,,,,
gsa-mendelson,appointed,GSA,,Jonathan Mendelson,,,,2025-04-09,reported,,,,2025-04-09,,,,,,,,,,,,,,,,,,,,,,,,,
detail-gsa-dfc-mendelson,detailed,USDFC,,Jonathan Mendelson,,GSA,guessed,2025-04-28,reported,,,,2025-04-28,,,,,,,,,,,,,,,,,,,,,,,,,
detail-gsa-sec-mendelson,detailed,SEC,,Jonathan Mendelson,,GSA,guessed,2025-05-(02)~,reported,2025-10-31,reported,detail_ended,2025-05-02,,,,,,,,,,,Senior Advisor,advisor,,,Chairman of the SEC,,,,,"title sourced from ProPublica, reportedly not seen at agency for last few months of official station",,,,,
doge-miller,appointed,DOGE,EOP,Katie Miller,,,,2025-01-20,inferred,2025-05-29,verified,resigned,2025-01-20,,,,,,,,,,,,,,,,,,,,"no public details on when she started with DOGE, but date inferred",,,2025-05-29,verified,resigned
hhs-minor-cto,appointed,HHS,,Clark Minor,,,,2025-02-XX,self-reported,2025-02-14,inferred,replaced,2025-02-01,,,,,,,"$195,200",,,,Chief Technology Officer,cto,,,,,,,,,hhs-minor-cio,,,,
hhs-minor-cio,promotion,HHS,,Clark Minor,,,,2025-02-14,reported,,,,2025-02-14,,,,,,,"$195,200",,,,Chief Information Officer,cio,,,,,,,,Salary inferred,,,,,
detail-hhs-nih-minor,internal,NIH,HHS,Clark Minor,,HHS,inferred,2025-02-24,reported,,,,2025-02-24,,,,,,,,,,,,,,,NIH Business System,,,,,date inferred from system access,,,,,
transfer-hhs-fda-minor,internal,FDA,HHS,Clark Minor,,HHS,inferred,2025-02-(25)~,inferred,,,,2025-02-25,,,,,,,,,,,,,,,,,,,,mentioned as meeting with FDA staff in late Feb/early March,,,,,
hhs-minor-ai,appointed,HHS,,Clark Minor,,,,2025-08-XX,self-reported,,,,2025-08-XX,,,,,,,,,,,Acting Chief AI Officer,other,,,,,,,,,,,,,
hud-mirski,appointed,HUD,,Michael Mirski,,,,2025-02-10,reported,,,,2025-02-10,,,,,,,"$162,682",,,,,,,,,,,,,,,,,,
sec-mishory,unknown,SEC,,Eliezer Mishory,,,,2025-04-(05)~,reported,2025-10-31,reported,detail_ended,2025-04-05,,,,,,,,,,,Senior Advisor,advisor,,,Office of the Chairman,,,"Reporting on 4/15 just says he arrived ""earlier this month""",,,,,,,
opm-bryanne-mlodzianowski,appointed,OPM,,Bryanne-Michelle Mlodzianowski,OPM-11,,,2025-02-03,verified,2025-03-05,guessed,resigned,2025-02-03,,,,48,Other,ED-00,$0,6A39750,,true,Expert,advisor,301,false,Office of the Director,,,Sourced from a FOIAed document,,Likely 1 of 3 unidentified OPM aliases who started in Feb and left in March 2025,,opm-bryanne-mlodzianowski,2025-03-05,verified,resigned
detail-dol-dhs-mohgaddassi,detailed,DHS,,Aram Moghaddassi,,DOL,guessed,,,,,,2026-07-04,,,,,,,,,,,,,,,,,,"No details, but reported in NYT roundup. Assuming detailed from DOL",,,,,2026-01-XX,self-reported,resigned
detail-sba-moghaddassi,detailed,SBA,,Aram Moghaddassi,,DOL,guessed,,,,,,2026-07-04,,,,,,,,,,,Special Advisor,advisor,,,,,,,,"identified by agency FOIA as having been at the agency, guessing detailed",,,2026-01-XX,self-reported,resigned
internal-dhs-cpb-mohgaddassi,internal,CBP,DHS,Aram Moghaddassi,,DHS,inferred,,,,,,2026-07-04,,,,,,,,,,,,,,,,,,"No details, but reported in NYT roundup. Assuming detailed from DOL",,,,,2026-01-XX,self-reported,resigned
internal-dhs-ice-mohgaddassi,internal,ICE,DHS,Aram Moghaddassi,,DHS,inferred,,,,,,2026-07-04,,,,,,,,,,,,,,,,,,"No details, but reported in NYT roundup. Assuming detailed from DOL",,,,,2026-01-XX,self-reported,resigned
internal-dhs-tsa-mohgaddassi,internal,TSA,DHS,Aram Moghaddassi,,DHS,inferred,,,,,,2026-07-04,,,,,,,,,,,,,,,,,,"No details, but reported in NYT roundup. Assuming detailed from DOL",,,,,2026-01-XX,self-reported,resigned
internal-dhs-uscis-mohgaddassi,internal,USCIS,DHS,Aram Moghaddassi,,DHS,inferred,,,,,,2026-07-04,,,,,,,,,,,,,,,,,,"No details, but reported in NYT roundup. Assuming detailed from DOL",,,,,2026-01-XX,self-reported,resigned
dol-moghaddassi,appointed,DOL,,Aram Moghaddassi,,,,2025-02-18,verified,,,,2025-02-18,2025-06-17,verified,,,Schedule C,GS-11/01,"$84,601",66899120,,,Policy Advisor,advisor,,,Office of the Secretary,,,,,,,,2026-01-XX,self-reported,resigned
detail-dol-ssa-employee-3,detailed,SSA,,Aram Moghaddassi,SSA-03,DOL,verified,2025-02-22,verified,,,,2025-02-22,,,,,,,,,,,,,,,,true,"up to $71,000",,,"MOU signed by Mike Russo, was this followed by being hired at SSA",,,2026-01-XX,self-reported,resigned
detail-dol-hhs-mohgaddassi,detailed,HHS,,Aram Moghaddassi,,DOL,verified,2025-03-05,verified,,,,2025-03-05,,,,,,,,,,,Executive Engineer,advisor,,,,,,"No documentation, reported in court filing",,,,,2026-01-XX,self-reported,resigned
internal-hhs-cms-mohgaddassi,internal,CMS,HHS,Aram Moghaddassi,,HHS,inferred,2025-03-05,verified,,,,2025-03-05,,,,,,,,,,,,,,,,,,Reported access to system same day as start of detail to HHS,,,,,2026-01-XX,self-reported,resigned
ssa-cio-moghaddassi,promotion,SSA,,Aram Moghaddassi,,,,2025-06-(05)?,reported,2025-09-03,verified,replaced,2025-06-(05)?,,,,,,,,,,,Chief Information Officer,cio,,true,,,,,,,,,2026-01-XX,self-reported,resigned
ssa-co-cio-moghaddassi,promotion,SSA,,Aram Moghaddassi,,,,2025-09-03,verified,2026-01-XX,self-reported,resigned,2025-09-03,,,,,,,,,,,Chief Information Officer (Technology and Customer Products),cio,,true,,,,,,"Had reportedly been in an informal co-CIO role with Mike Russo since June, now made official",,,2026-01-XX,self-reported,resigned
opm-justin-monroe,appointed,OPM,,Justin Monroe,OPM-17,,,2025-01-28,verified,2025-06-06,verified,resigned,2025-01-28,,,,48,Other,ED-00,$0,6A39734,,true,Expert,advisor,301,false,Office of the Director,,,Sourced from FOIA documents,,,,opm-justin-monroe,2025-06-06,verified,resigned
detail-opm-fbi-monroe,detailed,FBI,DOJ,Justin Monroe,,OPM,guessed,2025-01-29,reported,,,,2025-01-29,,,,,,,,,,,,,,,Office of the Director,,,"Reported as an unidentified SpaceX employee is reported to be working as an advisor to the Director of the FBI, but alias figured out later",,,,,2025-06-06,verified,resigned
education-employee-4,consultant,Education,,Brooks Morgan,ED-04,,,2025-02-04,verified,2025-08-04,guessed,resigned,2025-02-04,2025-08-04,verified,,,,,$0,,,,,,,,,,,Part-time,,likely Brooks Morgan who does report starting a new role in August,,,2025-08-04,inferred,resigned
detail-education-treasury-morgan,detailed,Treasury,,Brooks Morgan,,Education,verified,2025-04-09,verified,,,,2025-04-09,,,,,,,,,,,Senior Treasury Advisor,advisor,,,,false,,,,,,,2025-08-04,inferred,resigned
detail-education-fdic-morgan,detailed,FDIC,,Brooks Morgan,,Education,guessed,2025-04-10,reported,,,,2025-04-10,,,,,,,,,,,,,,,,,,,,,,,2025-08-04,inferred,resigned
eop-morse,appointed,EOP,,Trent Morse,,,,2025-01-23,reported,,,,2025-01-23,,,,,,,,,,,Deputy Assistant to the President / Deputy Director of Presidential Personnel,dept_head,,true,,,,,,,,,,,
musk-doge,appointed,DOGE,EOP,Elon Musk,,,,2025-01-20,inferred,2025-05-28,verified,resigned,2025-01-20,,,,,,,,,,,,,,,,,,,,,,,2025-05-28,reported,resigned
treasury-newnam,appointed,Treasury,,Todd Newnam,,,,2025-03-06,verified,,,,2025-03-06,,,,,Schedule C,GS-15,"$167,603",,false,,Senior Advisor,advisor,,,,,,NYT says he is a Senior Advisor,,,,,,,
internal-treasury-irs-newnam,internal,IRS,Treasury,Todd Newnam,,Treasury,inferred,2025-04-XX,verified,2026-01-20,inferred,replaced,2025-04-XX,,,,,,,,,,,Senior Advisor,advisor,,,,,,NYT says he is a Senior Advisor,,,irs-newnam-cfo,,,,
irs-newnam-cfo,promotion,IRS,Treasury,Todd Newnam,,,,2026-01-20,reported,,,,2026-01-20,,,,,,,,,,,Chief Financial Officer,director,,true,,,,,,,,,,,
nds-novia,appointed,NDS,,Michael Novia,,,,2025-10-XX,reported,,,,2025-10-XX,,,,,,,,,,,Creative Director,,,,,,,,,,,,,,
nds-omira,appointed,NDS,,Abdulwahab Omira,,,,2026-04-20,self-reported,,,,2026-04-20,,,,,,,,,,,Design Engineer,,,,,,,,,,,,,,
dod-park,detailed,DOD,,Donald Park,,GSA,guessed,,,,,,2026-07-04,,,,,,,,,,,,,,,Office of Strategic Capital,,,,,,,,,,
gsa-park,appointed,GSA,,Donald Park,,,,2025-02-XX,inferred,,,,2025-02-01,,,,,,,,,,,,,,,,,,Inferring detailed from GSA to SBA,,assuming hired at GSA,,,,,
sba-park,detailed,SBA,,Donald Park,,GSA,guessed,2025-02-03,reported,,,,2025-02-03,,,,,,,"$167,603",,,,"Senior Advisor, DOGE",advisor,,,,,,Reported in a tweet from the date,,guessing detail start from system access,,,,,
detail-exim-park,detailed,EXIM,,Donald Park,,GSA,guessed,2025-05-14,reported,,,,2025-05-14,,,,,,,,,,,,,,,,,,,,,,,,,
gsa-parkhurst,appointed,GSA,,Matthew Parkhurst,,,,2025-03-03,verified,2025-08-XX,self-reported,resigned,2025-03-03,,,,,,,"$167,603",,,true,Senior Advisor,advisor,,,,,,,,,,,2025-08-XX,self-reported,resigned
noah-peters-opm,appointed,OPM,,Noah Peters,OPM-18,,,2025-01-20,verified,,,,2025-01-20,,,,44,Schedule C,GS-15,"$167,603 - $195,200",6A38859,,true,Senior Advisor,advisor,301,false,Office of the Director,,,Details from a FOIA document,,Salary range for GS-15 in DC,,noah-peters-opm,,,
detail-opm-doge-peters,detailed,DOGE,EOP,Noah Peters,,OPM,verified,2025-01-24,verified,,,,2025-01-24,,,,,,,,,,,,,,,,,,,,,,,,,
nds-phillips,appointed,NDS,,Darshan Phillips,,,,2025-10-XX,self-reported,,,,2025-10-XX,,,,,,,,,,,Executive Creative Director,,,,,,,,,,,,,,
opm-nikhil-rajpal,appointed,OPM,,Nikhil Rajpal,OPM-06,,,2025-01-24,verified,2025-07-02,verified,resigned,2025-01-24,,,,48,Other,ED-00,$0,6A39738,,true,Expert,advisor,301,false,Office of the Director,,,,,,,,2025-07-02,guessed,resigned
detail-opm-doge-rajpal,detailed,DOGE,EOP,Nikhil Rajpal,,OPM,inferred,2025-01-27,verified,2025-06-09,verified,detail_ended,2025-01-27,,,,,,,,,,,,,,,,,,,,,,,2025-07-02,guessed,resigned
detail-opm-noaa-rajpal,detailed,NOAA,Commerce,Nikhil Rajpal,,OPM,guessed,2025-02-04,reported,,,,2025-02-04,,,,,,,,,,,,,,,,,,,,,,,2025-07-02,guessed,resigned
detail-opm-cfpb-nikhil-rajpal,detailed,CFPB,,Nikhil Rajpal,,OPM,verified,2025-02-07,verified,2025-03-21,verified,detail_ended,2025-02-07,,,,,,,,,,,,advisor,,,,,,Details from court filing,,,,,2025-07-02,guessed,resigned
detail-opm-ssa-8,detailed,SSA,,Nikhil Rajpal,SSA-08,OPM,verified,2025-02-26,verified,,,,2025-02-26,2026-02-26,verified,2025-02-26,,,,,,,,,,,,,false,,,,,,,2025-07-02,guessed,resigned
doge-adam-ramada,appointed,DOGE,EOP,Adam Ramada,,,,2025-01-23,verified,2025-06-30,reported,resigned,2025-01-23,,,,,,,,,,,,,,,,,,Details provided in sworn testimony,,,,,2025-08-XX,self-reported,resigned
detail-doge-education-adam-ramada,detailed,Education,,Adam Ramada,,DOGE,verified,2025-01-28,verified,2025-08-XX,self-reported,resigned,2025-01-28,2026-07-04,verified,2025-02-12,,,,$0,,,,,,,,,false,,"He reports one other USDS detailee is there, 2 Education staffers, and 2 other detailees from elsewhere (OPM? GSA?)",,,,,2025-08-XX,self-reported,resigned
detail-doge-energy-adam-ramada,detailed,Energy,,Adam Ramada,,DOGE,guessed,2025-02-(04)~,disputed,,,,2025-02-04,,,,,,,,,,,,,,,,,,Start date was given by DOE spokesperson denying a news report,,,,,2025-08-XX,self-reported,resigned
detail-doge-dol-ramada,detailed,DOL,,Adam Ramada,,DOGE,verified,2025-02-05,verified,,,,2025-02-05,,,,,,,,,,,,,,,,,,Testimony was on 2/6. DOGE showed up at agency on 2/5. Mentions 3 other DOGE staff there,,,,,2025-08-XX,self-reported,resigned
detail-education-treasury-ramada,detailed,Treasury,,Adam Ramada,,Education,verified,2025-04-09,verified,,,,2025-04-09,,,,,,,,,,,Senior Treasury Advisor,advisor,,,,false,,,,Was he detailed from Education after detailed from DOGE? Or has he been hired by Education since?,,,2025-08-XX,self-reported,resigned
detail-doge-fdic-ramada,detailed,FDIC,,Adam Ramada,,DOGE,guessed,2025-04-10,reported,,,,2025-04-10,,,,,,,,,,,,,,,,,,,,,,,2025-08-XX,self-reported,resigned
opm-austin-raynor,appointed,OPM,,Austin Raynor,OPM-10,,,2025-01-30,verified,2025-12-22,verified,resigned,2025-01-30,2025-07-22,verified,,48,Other,,"$195,200",6A39748,,true,Senior Advisor,advisor,301,false,Office of the Director,,,From a FOIA document,,Start date guessed from system access,,opm-austin-raynor,2025-12-22,verified,resigned
detail-opm-doge-raynor,detailed,DOGE,EOP,Austin Raynor,,OPM,inferred,2025-02-05,verified,2025-12-19,verified,detail_ended,2025-02-05,,,,,,,,,,,,,,,,,,,,,,,2025-12-22,verified,resigned
detail-ssa-dhs-rehling,detailed,DHS,,Payton Rehling,,SSA,inferred,,,,,,2025-03-15,,,,,,,,,,,,,,,,,,"No info, but listed in NYT roundup",,,,,2025-07-XX,inferred,resigned
internal-dhs-tsa-rehling,internal,TSA,DHS,Payton Rehling,,DHS,inferred,,,,,,2025-03-15,,,,,,,,,,,,,,,,,,"No info, but listed in NYT roundup",,,,,2025-07-XX,inferred,resigned
internal-dhs-uscis-rehling,internal,USCIS,DHS,Payton Rehling,,DHS,inferred,,,,,,2025-03-15,,,,,,,,,,,,,,,,,,"No info, but listed in NYT roundup",,,,,2025-07-XX,inferred,resigned
ssa-employee-9,appointed,SSA,,Payton Rehling,SSA-09,,,2025-02-23,verified,2025-07-XX,inferred,resigned,2025-02-23,2026-02-22,verified,,,,ED-00,$0,KNX0380,,,Expert,advisor,,,Office of the CIO,,,,,,,,2025-07-XX,inferred,resigned
detail-ssa-doj-rehling,detailed,DOJ,,Payton Rehling,,SSA,guessed,2025-04-15,reported,,,,2025-04-15,,,,,,,,,,,,,,,,,,,,,,,2025-07-XX,inferred,resigned
energy-ryan-riedel,appointed,Energy,,Ryan Riedel,,,,2025-02-07,reported,2025-03-07,reported,resigned,2025-02-07,,,,,,,"$195,200",,,,Chief Information Officer,cio,,,,,,,,,,,2025-03-07,reported,resigned
hhs-rachel-riley,appointed,HHS,,Rachel Riley,,,,2025-01-27,verified,2025-10-30,reported,resigned,2025-01-27,,,,,,,"$167,603",,,,Senior Advisor,advisor,,,,,,Hiring information given in court filing. Politico reports gone at HHS on 10/30,,,,,,,
internal-hhs-cms-riley,internal,CMS,HHS,Rachel Riley,,HHS,inferred,2025-02-03,inferred,2025-10-30,reported,resigned,2025-02-03,,,,,,,,,,,,,,,,,,Dating from first reported access to CALM,,,,,,,
internal-hhs-nih-riley,internal,NIH,HHS,Rachel Riley,,HHS,inferred,2025-02-24,reported,2025-10-30,reported,resigned,2025-02-24,,,,,,,,,,,,,,,NIH Business System,,,,,,,,,,
detail-hhs-nsf-riley,detailed,NSF,,Rachel Riley,,HHS,guessed,2025-04-14,reported,,,,2025-04-14,,,,,,,,,,,Consultant,,,,,,,Showed up at the agency to do secondary round of grant reviews. Assuming a detail,,,,,,,
navy-riley,appointed,DOD,,Rachel Riley,,,,2025-10-(30)?,reported,,,,2025-10-(30)?,,,,,,,,,,,Chief of Naval Research,dept_head,,true,Office of Naval Research,,,,,,,,,,
usda-ronan,appointed,USDA,,Timothy Ronan,,,,2025-03-28,verified,,,,2025-03-28,2026-03-28,verified,,,,EF,"$162,672",,,,Special Advisor,,301,,Immediate Office of the Secretary,,,,,,,,,,
va-roussous,appointed,VA,,Christopher Roussos,,,,2025-03-25,reported,,,,2025-03-25,,,,,,,"$27,444",,,,,,,,,,,,,,,,,,
state-rubio,appointed,State,,Marco Rubio,,,,2025-01-20,verified,,,,2025-01-20,,,,,,,,,,,Secretary of State,director,,,,,,,,,,,,,
usaid-rubio,appointed,USAID,,Marco Rubio,,,,2025-02-03,verified,2025-08-29,verified,resigned,2025-02-03,,,,,,,,,,,Acting Administrator,director,,,,,,,,,,,,,
nara-rubio,appointed,NARA,,Marco Rubio,,,,2025-02-16,verified,,,,2025-02-16,,,,,,,,,,,Acting Archivist,director,,,,,,,,,,,,,
ssa-mike-russo-cio,appointed,SSA,,Mike Russo,,,,2025-01-31,reported,2025-03-24,reported,replaced,2025-01-31,,,,,,,"195,200",,,,Chief Information Officer,cio,,true,,,,Reportedly removed from CIO role for complying quickly with judge's orders to block access,,,ssa-mike-russo-advisor,,,,
ssa-mike-russo-advisor,demotion,SSA,,Mike Russo,,,,2025-03-25,reported,2025-09-03,verified,replaced,2025-03-25,,,,,,,"$195,200",,,,Senior Advisor,advisor,,false,,,,Scott Coulter is named the new CIO at the Social Security Administration and Mike Russo is moved to a Senior Advisor role with a focus on modernizing systems,,"Demoted and replaced by Scott Coulter in CIO role, he seems to be acting in a quasi co-CIO role since June",ssa-mike-russo-co-cio,,,,
ssa-mike-russo-co-cio,promotion,SSA,,Mike Russo,,,,2025-09-03,verified,,,,2025-09-03,,,,,,,"$195,200",,,,Chief Information Officer (Core Business Functions),cio,,true,,,,,,,,,,,
nds-sandid,appointed,NDS,,Ahmad Sandid,,,,2026-03-09,self-reported,,,,2026-03-09,,,,,,,,,,,Design Engineer,,,,,,,,,Post announcing move on Friday before,,,,,
amanda-scales-opm,appointed,OPM,,Amanda Scales,,,,2025-01-20,verified,2025-03-28,verified,replaced,2025-01-20,,,,55,55-Noncareer (Senior Exec Perm),ES-00,"$195,200",GAPMES00905,,,Chief of Staff,dept_head,301,true,Office of the Director,,,Sourced from a FOIA document,,,amanda-scales-demotion,,,,
amanda-scales-demotion,demotion,OPM,,Amanda Scales,,,,2025-03-28,verified,2025-03-(29)~,reported,resigned,2025-03-28,,,,55,55-Noncareer (Senior Exec Perm),ES-00,"$195,200",,,,Senior Advisor,advisor,301,,Office of the Director,,,,,"Her LinkedIn profile says she left OPM in March. Assuming it followed her demotion/replacement, assuming pay stayed same",,,,,
opm-techforce-scales,appointed,OPM,,Amanda Scales,,,,2026-01-(28)~,reported,,,,2026-01-(28)~,,,,,,,,,,,,,,,,,,,,Own LinkedIn reports back at OPM for Tech Force recruitment and staffing,,,,,
gsa-frank-schuler,appointed,GSA,,Frank Schuler,,,,2025-01-XX,reported,2025-07-29,reported,resigned,2025-01-20,,,,,,,"$167,603",,,,Senior Advisor,advisor,,,,,,Details from a news article,,,,,2025-07-29,reported,resigned
internal-dhs-cbp-schutt,internal,CBP,DHS,Kyle Schutt,,DHS,inferred,,,,,,2025-02-20,,,,,,,,,,,,,,,,,,"No details, but in NYT roundup",,,,,2025-06-XX,self-reported,resigned
internal-dhs-fema-schutt,internal,FEMA,DHS,Kyle Schutt,,DHS,inferred,,,,,,2025-02-20,,,,,,,,,,,,,,,,,,"No details, but in NYT roundup",,,,,2025-06-XX,self-reported,resigned
internal-dhs-ice-schutt,internal,ICE,DHS,Kyle Schutt,,DHS,inferred,,,,,,2025-02-20,,,,,,,,,,,,,,,,,,"No details, but in NYT roundup",,,,,2025-06-XX,self-reported,resigned
internal-dhs-tsa-schutt,internal,TSA,DHS,Kyle Schutt,,DHS,inferred,,,,,,2025-02-20,,,,,,,,,,,,,,,,,,"No details, but in NYT roundup",,,,,2025-06-XX,self-reported,resigned
internal-dhs-uscis-schutt,internal,USCIS,DHS,Kyle Schutt,,DHS,inferred,,,,,,2025-02-20,,,,,,,,,,,,,,,,,,"No details, but in NYT roundup",,,,,2025-06-XX,self-reported,resigned
detail-gsa-doge-schutt,detailed,DOGE,EOP,Kyle Schutt,,GSA,inferred,2025-01-27,verified,2025-06-20,verified,detail_ended,2025-01-27,,,,,,,,,,,,,,,,,,,,,,,2025-06-XX,self-reported,resigned
gsa-schutt,appointed,GSA,,Kyle Schutt,,,,2025-02-(18)~,inferred,2025-06-XX,self-reported,resigned,2025-02-18,,,,,,GS-15/10,"$195,200",,,,,,,,Office of the Deputy Administrator,,,,,,,,2025-06-XX,self-reported,resigned
detail-gsa-dhs-schutt,detailed,DHS,,Kyle Schutt,,GSA,inferred,2025-02-(19)~,reported,,,,2025-02-19,,,,,,,,,,,,,,,,,,"No details on this, but mentioned in NYT roundup. Assuming detail from GSA",,,,,2025-06-XX,self-reported,resigned
internal-dhs-cisa-schutt,internal,CISA,DHS,Kyle Schutt,,DHS,inferred,2025-02-19,reported,,,,2025-02-19,,,,,,,,,,,Senior Advisor,advisor,,,,,,,,,,,2025-06-XX,self-reported,resigned
detail-gsa-hhs-kyle-schutt,detailed,HHS,,Kyle Schutt,,GSA,guessed,2025-03-14,verified,,,,2025-03-14,,,,,,,,,,,,,,,,,,"No documentation, dates reported in court filing",,,,,2025-06-XX,self-reported,resigned
detail-sba-sennott,detailed,SBA,,Riley Sennott,,GSA,guessed,,,,,,2026-07-04,,,,,,,,,,,Senior Advisor,advisor,,,,,,,,"identified by agency FOIA as having been at the agency, guessing detailed",,,,,
gsa-sennott,appointed,GSA,,Riley Sennott,,,,2025-02-10,reported,,,,2025-02-10,,,,,,,"$167,603",,,,,,,,,,,Riley Sennott's father reports that he started at GSA nine days after 2025-02-03,,start inferred from signing in visitor in GSA logs,,,,,
detail-gsa-nasa-sennott,detailed,NASA,,Riley Sennott,,GSA,guessed,2025-03-(14)~,reported,,,,2025-03-14,,,,,,,,,,,Senior Advisor,,,,,,,,,,,,,,
noaa-shang-cio,appointed,NOAA,Commerce,Bryton Shang,,,,2025-03-(31)~,verified,,,,2025-03-(31)~,,,,,,,"$167,603",,,,Senior Advisor,advisor,,,Office of the Administrator,,,,,,,,,,
gsa-ethan-shaotran,appointed,GSA,,Ethan Shaotran,,,,2025-01-20,inferred,2026-01-XX,self-reported,resigned,2025-01-20,,,,,,,$0,,,,,,,,,,,Position inferred from early reporting and detailing to Education,,,,,2026-01-XX,self-reported,resigned
detail-gsa-opm-shaotran,detailed,DOGE,EOP,Ethan Shaotran,,GSA,inferred,2025-01-27,verified,,,,2025-01-27,,,,,,,,,,,,,,,,,,,,,,,2026-01-XX,self-reported,resigned
detail-gsa-education-3,detailed,Education,,Ethan Shaotran,ED-03,GSA,verified,2025-02-12,verified,,,,2025-02-12,2026-02-26,verified,2025-02-03,,,,,,,,,,,,,false,,ED-3 is Ethan Shaotran,,,,,2026-01-XX,self-reported,resigned
detail-gsa-ssa-employee-10,detailed,SSA,,Ethan Shaotran,SSA-10,GSA,verified,2025-02-18,verified,,,,2025-02-18,2026-02-26,verified,2025-02-18,,,,,,,,,,,,,false,,,,,,,2026-01-XX,self-reported,resigned
detail-gsa-usadf-ethan-shaotran,detailed,USADF,,Ethan Shaotran,,GSA,verified,2025-02-20,verified,,,,2025-02-20,2026-07-04,verified,2025-02-21,,,,,,,,,,,,,,,,,,,,2026-01-XX,self-reported,resigned
detail-gsa-iaf-shaotran,detailed,IAF,,Ethan Shaotran,,GSA,verified,2025-02-28,inferred,2025-04-04,verified,removed,2025-02-28,,,,,,,,,,,,,,,,,,,,"agency contact was earlier, but assuming MOU signed when Marocco seized power",,,2026-01-XX,self-reported,resigned
detail-gsa-usps-ethan-shaotran,detailed,USPS,,Ethan Shaotran,,GSA,verified,2025-03-12,verified,,,,2025-03-12,2025-06-15,verified,2025-03-12,,,,,,,,,,,,,false,,,,,,,2026-01-XX,self-reported,resigned
gsa-shaotran-fulltime,converted,GSA,,Ethan Shaotran,,,,2025-04-10,reported,,,,2025-04-10,,,,,,GS-14,"$142,488 - $185,234",,,,Senior Advisor,,,,,,,,,Salary range for GS-14 in DC,,,2026-01-XX,self-reported,resigned
detail-gsa-dfc-shaotran,detailed,USDFC,,Ethan Shaotran,,GSA,guessed,2025-04-28,reported,,,,2025-04-28,,,,,,,,,,,,,,,,,,,,,,,2026-01-XX,self-reported,resigned
detail-gsa-hhs-shea,detailed,HHS,,Ryan Shea,,GSA,guessed,2025-05-XX,guessed,2025-06-07,guessed,fired,2025-05-17,,,,,,,,,,,,,,,,,,,,"ProPublica reports he was working on HHS projects, assuming detail from GSA",,,2025-06-07,reported,fired
gsa-shea,appointed,GSA,,Ryan Shea,,,,2025-05-XX,guessed,2025-06-07,reported,fired,2025-05-15,,,,,,,,,,,,,,,,,,,,Start date guessed,,,2025-06-07,reported,fired
gsa-thomas-shedd,appointed,GSA,,Thomas Shedd,,,,2025-01-24,reported,2026-02-19,reported,replaced,2025-01-24,,,,,,,"$150,160",,,,"Deputy FAS Commissioner / Administrator, Technology Transformation Service",cio,,true,Technology Transformation Service,,,,,,gsa-shedd-fraud,,,,
dol-shedd,appointed,DOL,,Thomas Shedd,,,,2025-03-14,reported,2025-08-01,reported,resigned,2025-03-14,,,,,,,,,,,Chief Information Officer,cio,,true,,,,,,,,,,,
gsa-shedd-fraud,demotion,GSA,,Thomas Shedd,,,,2026-02-19,reported,,,,2026-02-19,,,,,,,,,,,Senior Advisor for Fraud Prevention,advisor,,false,,,,,,,,,,,
treasury-roland-shen,appointed,Treasury,,Roland Shen,,,,2025-04-18,reported,,,,2025-04-18,,,,,,,,,,,,,,,Bureau of Fiscal Services,,,,,,,,,,
gsa-simonpour,appointed,GSA,,Alexander Simonpour,,,,2025-03-XX,guessed,2025-08-XX,self-reported,resigned,2025-03-01,,,,,,,"$167,603",,,,,,,,,,,,,"he was detailed to USPS from GSA, so assuming appointed at GSA but info unknown. Dates from LinkedIn",,,2025-08-XX,self-reported,resigned
detail-gsa-usps-alex-simonpour,detailed,USPS,,Alexander Simonpour,,GSA,verified,2025-03-07,verified,,,,2025-03-07,2025-06-15,verified,2025-03-12,,,,,,,,,,,,,false,,From FOIAed document,,,,,2025-08-XX,self-reported,resigned
detail-gsa-nasa-simonpour,detailed,NASA,,Alexander Simonpour,,GSA,guessed,2025-03-14,reported,,,,2025-03-14,,,,,,,,,,,Advisor,,,,,,,,,,,,2025-08-XX,self-reported,resigned
dod-slagh,appointed,DOD,,Mike Slagh,,,,2025-02-(18)?,inferred,,,,2025-02-18,,,,,,,,,,,,,,,,,,,,Start date inferred from reports of DOGE meeting 2/18 and Hegseth reporting on 2/20 that many were veterans,,,,,
faa-smeal,appointed,FAA,DOT,Sam Smeal,,,,2025-02-16,reported,2025-06-02,reported,fired,2025-02-16,2025-02-20,verified,,,,,,,,,Senior Advisor,advisor,,,Office of the Administrator,,,,,,,,2025-06-02,reported,fired
doge-brad-smith,appointed,DOGE,EOP,Brad Smith,,,,2025-01-20,verified,2025-06-11,verified,resigned,2025-01-20,,,,,,,,,,,Senior Advisor,advisor,,,,,,identified as USDS detail on 2/13 declaration,,identified as dual appointee at HHS and DOGE / resigned on 6/11 and returned to State Dept in August.,,,,,
detail-doge-hhs-smith,detailed,HHS,,Brad Smith,,DOGE,inferred,2025-02-XX,verified,2025-03-04,verified,replaced,2025-02-02,,,,,,,,,,,,,,,,,,,,detail started before 2/13,hhs-brad-smith,,,,
hhs-brad-smith,converted,HHS,,Brad Smith,,,,2025-03-04,verified,2025-05-23,reported,resigned,2025-03-04,,,,,,,$0,,,,Senior Advisor,advisor,,,,,,All I have is his signed SF-61,,resigned on 5/23 but returned to State dept in August,,,,,
state-brad-smith,appointed,State,,Brad Smith,,,,2025-08-(12)~,reported,,,,2025-08-12,,,,,,,,,,,,,,true,,,,,,some sort of leadership over global health division,,,,,
ssa-employee-11,appointed,SSA,,John Solly,SSA-11,,,2025-03-16,verified,2025-09-XX,self-reported,resigned,2025-03-16,2026-03-15,verified,,,,ED-00,"$162,672",KNX0390,,,Expert,advisor,,,Office of the Chief Information Officer,,,,"is a Senior Software Engineer with over ten years of experience building cloud-native geospatial solutions. Adept at architecting geospatial infrastructures, implementing geospatial algorithms, and leading full- stack development. Experienced in collaborating with cross-functional teams to deliver mission-critical capabilities  and driving technical decisions and best practices.
",LinkedIn reports left SSA on 9/2025,,,2025-09-XX,self-reported,resigned
labor-sonderling,appointed,DOL,,Keith Sonderling,,,,2025-01-20,verified,2025-03-23,verified,replaced,2025-01-20,,,,,SES Noncareer,,"$195,200",66895170,,,Senior Advisor,advisor,301,,Office of the Assistant Secretary,,,,,,labor-sonderling-secy,,,,
imls-sonderling,appointed,IMLS,,Keith Sonderling,,,,2025-03-20,reported,,,,2025-03-20,,,,,,,,,,,Acting Director,director,,,,,,,,,,,,,
labor-sonderling-secy,promotion,DOL,,Keith Sonderling,,,,2025-03-23,verified,,,,2025-03-23,,,,,Exec Appt,,"$183,100",65834327,,,Deputy Secretary of Labor,dept_head,340,true,Office of the Secretary,,,,,,,,,,
mbda-sonderling,appointed,MBDA,,Keith Sonderling,,,,2025-04-(17)~,reported,,,,2025-04-(17)~,,,,,,,,,,,Acting Undersecretary,,,true,,,,,,Nate Cavanaugh sent out grant rejections under the authority of Sonderling as Acting Undersecretary,,,,,
opm-christopher-stanley,appointed,OPM,,Christopher Stanley,OPM-13,,,2025-01-28,verified,2025-02-16,verified,resigned,2025-01-28,,,,48,Other,ED-00,$0,6A39736,,true,Expert,advisor,301,false,Office of the Director,,,Sourced from a FOIAed document,,Start date guessed from system access.,,opm-christopher-stanley,2025-06-XX,reported,resigned
doge-stanley,appointed,DOGE,EOP,Christopher Stanley,,,,2025-01-31,verified,,,,2025-01-31,,,,,,,,,,,Senior Advisor of Technology and Efficiency,advisor,,,,,,,,Seems to have been hired at DOGE instead of detailed there from OPM,,,2025-06-XX,reported,resigned
fhfa-christopher-stanley,appointed,FHFA,,Christopher Stanley,,,,2025-03-17,reported,2025-03-18,reported,resigned,2025-03-17,,,,,,,,,,,"Board Member, Fannie Mae/Freddie Mac",other,,,,,,Chris Stanley spent one day on the board before resigning,,resigned abruptly the day after being appointed,,,2025-06-XX,reported,resigned
detail-opm-doj-stanley,detailed,DOJ,,Christopher Stanley,,OPM,guessed,2025-04-(02)~,reported,,,,2025-04-02,,,,,,,,,,,Senior Advisor,advisor,,,Deputy Attorney General,,,Date is approximate. Assuming detailed from OPM,,,,,2025-06-XX,reported,resigned
nds-steffaniak,appointed,NDS,,Braden Steffaniak,,,,2026-01-XX,self-reported,,,,2026-01-XX,,,,,,,,,,,Software Engineer,,,,,,,,,,,,,,
ssa-steffensen,appointed,SSA,,Mark Steffensen,,,,2025-02-25,reported,2025-02-27,reported,replaced,2025-02-25,,,,,,,"$195,200",,,,Senior Advisor,advisor,,,Office of the Commissioner,,,,,,ssa-steffensen-1,,,,
ssa-steffensen-1,promotion,SSA,,Mark Steffensen,,,,2025-02-27,reported,,,,2025-02-27,,,,,,,"$195,200",,,,Acting General Counsel,chief_counsel,,,Office of the Commissioner,,,,,promoted within two days of being appointed,,,,,
detail-gsa-mcc-stein,detailed,MCC,,Jack Stein,,GSA,reported,2025-03-(22)?,guessed,,,,2025-03-22,,,,,,,,,,,,,,,,,,,,,,,2026-04-XX,self-reported,resigned
gsa-stein,appointed,GSA,,Jack Stein,,,,2025-04-15,reported,2025-07-XX,self-reported,resigned,2025-04-15,,,,,,,,,,,Senior Advisor,advisor,,,,,,,,,,,2026-04-XX,self-reported,resigned
sba-stein,appointed,SBA,,Jack Stein,,,,2025-07-XX,self-reported,2026-04-XX,self-reported,resigned,2025-07-XX,,,,,,,,,,,Senior Advisor,advisor,,,,,,,,,,,2026-04-XX,self-reported,resigned
dod-stein,appointed,DOD,,Jack Stein,,,,2025-09-XX,self-reported,2026-04-XX,self-reported,,2025-09-XX,,,,,,,,,,,Senior Advisor,advisor,,,,,,,,,,,2026-04-XX,self-reported,resigned
dot-stube,appointed,DOT,,Brian Stube,,,,2025-03-XX,reported,2025-08-XX,reported,resigned,2025-03-05,,,,,,,"$195,197",,,,Senior Advisor to the Secretary,advisor,,,Office of the Secretary,,,,,,,,2025-08-XX,reported,resigned
opm-employee-08,appointed,OPM,,James Sullivan,OPM-08,,,2025-01-20,verified,,,,2025-01-20,,,,,SES Noncareer,ES-00,"$195,200",6A37370,,,Senior Advisor to the Director,advisor,301,,,,,,,,,,,,
opm-james-sullivan-promotion,promotion,OPM,,James Sullivan,,,,2025-03-28,verified,,,,2025-03-28,,,,55,55-Noncareer (Senior Exec Perm),ES-00,,,,,Chief of Staff,advisor,301,false,Office of the Director,,,,,,,,,,
nds-sutch,appointed,NDS,,Caelin Sutch,,,,2025-10-XX,self-reported,,,,2025-10-XX,,,,,,,,,,,Member of the Technical Staff,,,,,,,,,,,,,,
hud-sweet,appointed,HUD,,Christopher Sweet,,,,2025-04-(10)~,reported,2025-12-XX,reported,resigned,2025-04-10,,,,,,,,,,,Special Assistant,,,,,,,"Scott Langmack sends a message that ""I'd like to share with you that Chris Sweet has joined the HUD DOGE team with the title of special assistant, although a better title might be 'AI computer programming quant analyst'""",,,,,2025-12-XX,reported,resigned
energy-taggart,appointed,Energy,,David Taggart,,,,2025-02-XX,guessed,,,,2025-02-XX,,,,,,,,,,,Acting General Counsel,,,,,,,,,,,,,,
nrc-taggart,appointed,NRC,,David Taggart,,,,2025-08-XX,reported,,,,2025-08-XX,,,,,,,,,,,Acting General Counsel,,,,,,,,,,,,,,
hhs-terrell,appointed,HHS,,Zach Terrell,,,,2025-03-06,verified,,,,2025-03-06,,,,,,,"$132,629",,,,,,,,,,,,,,,,,,
internal-hhs-cms-terrell,internal,CMS,HHS,Zach Terrell,,HHS,inferred,2025-03-11,inferred,,,,2025-03-11,,,,,,,,,,,,,,,,,,Inferring from first reported access to the IDR system at CMS,,,,,,,
detail-hhs-nsf-terrell,detailed,NSF,,Zach Terrell,,HHS,inferred,2025-04-14,reported,,,,2025-04-14,,,,,,,,,,,Consultant,,,,Office of the Director,,,Showed up at the agency to do secondary round of grant reviews. Assuming a detail,,,,,,,
nds-terrell,appointed,NDS,,Zach Terrell,,,,2025-08-(29)?,reported,,,,2025-08-29,,,,,,,,,,,,,,,,,,,,He has been linked to NDS but is still also at HHS?,,,,,
hhs-terrell-cto,promotion,HHS,,Zach Terrell,,,,2025-09-(01)~,reported,,,,2025-09-(01)~,,,,,,,,,,,Chief Technology Officer,cto,,true,,,,,,,,,,,
interior-trampe,appointed,DOI,,Katrine Trampe,,,,2025-02-10,inferred,2025-08-XX,reported,resigned,2025-02-10,,,,,,,$0,,,,,,,,Office of the Secretary,,,,,"invited to meeting on 2/12, assuming start on Monday that week; reported on 7/29 as leaving DOI; unclear if leaving DOGE",,,2025-08-XX,inferred,resigned
gsa-tullman,appointed,GSA,,Alexander Tullman,,,,2025-04-XX,self-reported,2026-04-XX,self-reported,resigned,2025-04-15,,,,,,,,,,,Senior Advisor,advisor,,,,,,,,,,,2026-04-XX,self-reported,resigned
hhs-tullman,detailed,HHS,,Alexander Tullman,,GSA,inferred,2025-07-XX,self-reported,2026-01-XX,self-reported,detail_ended,2025-07-15,,,,,,,,,,,Senior Advisor,advisor,,,,,,,,,,,2026-04-XX,self-reported,resigned
opm-vilcsak,consultant,OPM,,Andrew Vilcsak,,,,,,,,,2025-08-16,,,,,,,,,,,,,,,,,,,,Named as working alongside Airbnb alumni at OPM.,,,,,
gsa-vilcsak,consultant,GSA,,Andrew Vilcsak,,,,2025-08-XX,guessed,,,,2025-08-15,,,,,,,,,,,Senior Technologist,advisor,,,,,,,,Hired as contractor from MSI Consulting,,,,,
eop-volanski,appointed,EOP,,Sydney Volanski,,,,2025-03-XX,self-reported,,,,2025-03-15,,,,,,,,,,,Associate Counsel,,,,,,,,,,,,,,
nrc-volanski,detailed,NRC,,Sydney Volanski,,EOP,inferred,2025-10-XX,guessed,,,,2025-10-XX,,,,,,,,,,,,,,,,,,,,Just mentioned as supervising new rules at NRC starting in October,,,,,
va-volpert,appointed,VA,,Cary Volpert,,,,2025-03-25,reported,2025-10-XX,self-reported,resigned,2025-03-25,,,,,,,"$167,603",,,,,,,,,,,,,End date inferred from LinkedIn profile,,,2025-10-XX,self-reported,resigned
omb-vought,appointed,OMB,EOP,Russell Vought,,,,2025-02-07,verified,,,,2025-02-07,,,,,,,,,,,Director,director,,true,Office of Management and Budget,,,,,,,,,,
cfpb-acting-vought,appointed,CFPB,,Russell Vought,,,,2025-02-08,verified,,,,2025-02-08,,,,,,,,,,,Acting Director,director,,true,,,,,,,,,,,
usaid-acting-vought,appointed,USAID,,Russell Vought,,,,2025-08-29,verified,,,,2025-08-29,,,,,,,,,,,Acting Director,director,,true,,,,,,,,,,,
nds-waites,appointed,NDS,,Aldous Waites,,,,2026-03-XX,self-reported,,,,2026-03-XX,,,,,,,,,,,Engineer,,,,,,,,,,,,,,
dod-weiss,appointed,DOD,,Yinon Weiss,,,,2025-02-(18)?,inferred,2025-07-XX,reported,resigned,2025-02-18,,,,,,,,,,,,,,,,,,,,Start date inferred from reports of DOGE meeting 2/18 and Hegseth reporting on 2/20 that many were veterans. Reported as having left DOD in July by Wash. Post,,,2025-07-XX,reported,resigned
dod-west,appointed,DOD,,Owen West,,,,2025-02-XX,reported,2025-07-XX,reported,replaced,2025-02-XX,,,,,,,,,,,Financial Strategist,,,,,,,,,,dod-west-advisor,,,,
dod-west-advisor,promotion,DOD,,Owen West,,,,2025-07-XX,self-reported,2026-03-XX,self-reported,,2025-07-15,,,,,,,,,,,,advisor,,,,,,,,,,,,,
dod-lead-west,promotion,DOD,,Owen West,,,,2026-03-XX,self-reported,,,,2026-03-15,,,,,,,,,,,Team Lead,,,,,,,,,,,,,,
treasury-whitridge,appointed,Treasury,,Linda Whitridge,,,,2025-02-25,verified,,,,2025-02-25,,,,,Schedule C,GS-12,"$101,401",,false,,,,,,,,,,,,,,,,
detail-gsa-wick,detailed,GSA,,Jordan Wick,,DOGE,inferred,,,,,,2026-07-04,,,,,,,,,,,,,,,,,,,,"At the FCC, Jordan Wick asks them to send a meeting invite to a GSA address for him",,,,,
detail-sba-wick,detailed,SBA,,Jordan Wick,,DOGE,guessed,,,,,,2026-07-04,,,,,,,,,,,Special Advisor,advisor,,,,,,,,"identified by agency FOIA as having been at the agency, guessing detailed",,,,,
doge-wick,appointed,DOGE,EOP,Jordan Wick,,,,2025-01-(20)~,guessed,,,,2025-01-20,,,,,,AD-00,,,,,Senior Advisor (Engineer),advisor,301,,,,,"No details, but guessing based on government declaration had been detailed from DOGE to CFPB",,guessed from govt declaration detailed from DOGE to CFPB,,,,,
detail-usds-cfpb-jordan-wick,detailed,CFPB,,Jordan Wick,,DOGE,verified,2025-02-07,verified,2025-03-04,verified,replaced,2025-02-07,,,,,,,,,,,,advisor,,,,,,Dates provided in court documents. Converted to full position,,detail ended because he became a full-time CFPB employee on 3/5,cfpb-jordan-wick,,,,
detail-doge-dol-wick,detailed,DOL,,Jordan Wick,,DOGE,inferred,2025-02-(13)~,reported,,,,2025-02-13,,,,,,,,,,,,,,,,,,No other information besides this report. 3 other DOGE staff besides Ramada at agency on 2/5. But was part of CFPB assault.,,,,,,,
detail-doge-education-wick,detailed,Education,,Jordan Wick,,DOGE,inferred,2025-02-20,verified,,,,2025-02-20,,,,,,,,,,,,,,,,,,,,,,,,,
cfpb-jordan-wick,converted,CFPB,,Jordan Wick,,,,2025-03-05,verified,,,,2025-03-05,,,,,,,$0,,,,Expert/Consultant,advisor,,,,,,All I have is his SF-61,,,,,,,
detail-fcc-wick,detailed,FCC,,Jordan Wick,,DOGE,verified,2025-03-18,verified,,,,2025-03-18,,,,,,,$0,,,,,,,,Office of the Chairman,,,,,"MOU for detail says from DOGE to FCC, but the text says he is also detailed from OPM which will bill for his services. Despite being a CFPB staffer, they reportedly have no information about his work for the FCC",,,,,
detail-usda-wick,detailed,USDA,,Jordan Wick,,DOGE,reported,2025-03-26,verified,,,,2025-03-26,2025-07-24,inferred,,,,,,,,,,,,,,false,,"No details, but listed in a NYT roundup and adding here. USDA head said DOGE had been there a couple of weeks on 2/14",,MOU signed by Amy Gleason for DOGE. Date is after he was hired at CFPB.,,,,,
joanna-wischer-opm,appointed,OPM,,Joanna Wischer,,,,2025-01-20,verified,,,,2025-01-20,,,,44,Schedule C,,"$167,603 - $195,200",6A36647,,true,Senior Advisor to the Director,advisor,301,false,Office of the Director,,,Sourced from a FOIA document; listed as Joanna Miller,,"Salary range for GS-15 in DC; LinkedIn says she is working for OMB ""Made in America"" initiative since March 2025",,,,,
wischer-omb,appointed,OMB,EOP,Joanna Wischer,,,,2025-03-(31)~,reported,,,,2025-03-(31)~,,,,,,,"$142,488",,,,Deputy Director,dept_head,,,Made In America,,,,,OMB position as Joanna Miller,,,,,
detail-gsa-nea-wood,detailed,NEA,,Marshall Wood,,GSA,self-reported,,,,,,2026-07-04,,,,,,,,,,,,,,,,,,,,Nate Cavanaugh testified that Marshall Wood was the DOGE lead at NEA,,,2025-09-XX,reported,resigned
detail-gsa-odni-wood,detailed,ODNI,,Marshall Wood,,GSA,inferred,,,,,,2026-07-04,,,,,,,,,,,,,,,,,,,,"According to sworn testimony by Nate Cavanagh, Marshall Wood was the lead of the DOGE team at ODNI",,,2025-09-XX,reported,resigned
gsa-wood,appointed,GSA,,Marshall Wood,,,,2025-04-21,reported,2025-09-XX,reported,resigned,2025-04-21,,,,,,,,,,,,,,,,,,"FIXME, find more details on when started",,,,,2025-09-XX,reported,resigned
detail-gsa-dfc-wood,detailed,USDFC,,Marshall Wood,,GSA,reported,2025-04-28,reported,,,,2025-04-28,,,,,,,,,,,,,,,,,,,,,,,2025-09-XX,reported,resigned
irs-wunderly,appointed,Treasury,,Ryan Wunderly,,,,2025-02-20,verified,,,,2025-02-20,,,,,,,"$84,601",,,,,,,,,,,,,,,,,,
opm-chris-young,appointed,OPM,,Chris Young,OPM-14,,,2025-01-30,verified,2025-06-06,verified,resigned,2025-02-07,,,,48,Other,ED-00,$0,6A39737,,true,Expert,advisor,301,false,Office of the Director,,,Sourced from FOIAed documents,,Start date guessed from system access,,opm-chris-young,2025-06-06,verified,resigned
detail-opm-doge-young,detailed,DOGE,EOP,Chris Young,,OPM,inferred,2025-02-05,verified,2025-06-06,verified,detail_ended,2025-02-05,,,,,,,,,,,,,,,,,,,,"Detail is listed as ending on 6/13, but assumed ended on 6/6 when left OPM",,,2025-06-06,verified,resigned
detail-opm-cfpb-chris-young,detailed,CFPB,,Chris Young,,OPM,verified,2025-02-07,verified,2025-06-06,inferred,detail_ended,2025-02-07,,,,,,,,,,,,,,,,,,,,"Identified as OPM-14; govt testified on 6/27 no longer a govt employee, inferring date from end of OPM service",,,2025-06-06,verified,resigned
dol-youngs,detailed,DOL,,Bridget Youngs,,GSA,inferred,2025-03-XX,reported,2025-08-XX,self-reported,detail_ended,2025-03-15,,,,,,,,,,,,,,,,,,,,"From her LinkedIn: ""Lead agency actions resulting in over $5 billion in taxpayer savings, re-industrialization workforce initiatives, deregulation, and platform modernization for Federal unemployment and workforce visas"" but described elsewhere as from GSA, so assuming detail",,,2025-08-XX,self-reported,resigned
gsa-youngs,appointed,GSA,,Bridget Youngs,,,,2025-03-(24)~,inferred,2025-08-XX,self-reported,resigned,2025-03-24,,,,,,,,,,,Contract Specialist,advisor,,,,,,,,"Emails from Peace Corps staff shared via FOIA reveal that she was detailed from GSA, this matches common pattern. Signed in once at GSA on 3/24 (may have received badge that date)",,,2025-08-XX,self-reported,resigned
detail-peace-corps-youngs,detailed,PeaceCorps,,Bridget Youngs,,DOL,inferred,2025-04-04,reported,,,,2025-04-04,,,,,,,,,,,,,,,,,,,,unknown who this is and if sent to other agencies,,,2025-08-XX,self-reported,resigned
peace-corps-02,detailed,PeaceCorps,,,PeaceCorps-02,USAID,verified,,,,,,2026-07-04,,,,,,,,,,,,,,,,,,,,Redacted email says person detailed to Peace Corps from USAID,,,,,
